timestamp,cone_type,confidence,global_x,global_y,vehicle_x,vehicle_y,vehicle_yaw,label,cluster_id
0.0,left,0.87,43.53100009547951,-0.02598702991260468,40.0,0.0,1.5708,real,0
0.0,left,0.78,42.86198135846479,5.075010512678769,40.0,0.0,1.5708,real,1
0.0,left,0.86,40.9249639731981,9.808003397648553,40.0,0.0,1.5708,real,2
0.0,left,0.96,37.62994757970596,14.27099129440763,40.0,0.0,1.5708,real,3
0.0,left,0.83,33.30293227716269,18.436975400421044,40.0,0.0,1.5708,real,4
0.0,right,0.97,35.90098696014953,3.5499849435083317,40.0,0.0,1.5708,real,5
0.0,right,0.92,34.31797296524877,7.35997912879895,40.0,0.0,1.5708,real,6
0.0,right,0.91,31.665961475481097,10.487969387437914,40.0,0.0,1.5708,real,7
0.1,left,0.99,42.77133784700327,4.907255879537667,39.998,0.262,1.5876,real,1
0.1,left,0.8,41.13334968026886,9.951445087491512,39.998,0.262,1.5876,real,2
0.1,left,0.95,37.89307405828405,14.225602535874874,39.998,0.262,1.5876,real,3
0.1,left,0.84,33.643100391909,18.29476520589909,39.998,0.262,1.5876,real,4
0.1,left,0.78,28.20725102077933,21.572890068437,39.998,0.262,1.5876,real,8
0.1,right,0.89,35.823333952204194,3.599324735380266,39.998,0.262,1.5876,real,5
0.1,right,0.88,34.22835459670129,7.334051747561949,39.998,0.262,1.5876,real,6
0.1,right,0.98,31.653193991989887,10.833275641505066,39.998,0.262,1.5876,real,7
0.1,right,0.89,27.83242685985696,13.70348095158529,39.998,0.262,1.5876,real,9
0.2,left,0.8,42.98167080754412,5.091743110213555,39.991,0.524,1.6043,real,1
0.2,left,0.92,40.61600979912965,9.878185734257787,39.991,0.524,1.6043,real,2
0.2,left,0.87,37.409998612712954,14.392325992664809,39.991,0.524,1.6043,real,3
0.2,left,0.95,33.426672579475564,18.066957091555317,39.991,0.524,1.6043,real,4
0.2,left,0.9,27.963166112912894,21.57291132540206,39.991,0.524,1.6043,real,8
0.2,right,0.92,35.81620990754674,3.6719219628119877,39.991,0.524,1.6043,real,5
0.2,right,0.84,34.173107268438784,7.767180528196655,39.991,0.524,1.6043,real,6
0.2,right,0.95,31.76305144756754,10.654070020415686,39.991,0.524,1.6043,real,7
0.2,right,0.93,27.977260484565235,13.718975856563032,39.991,0.524,1.6043,real,9
0.3,left,0.94,42.60190979305087,4.917781271384189,39.98,0.785,1.621,real,1
0.3,left,0.99,40.76294891434143,9.633438901723375,39.98,0.785,1.621,real,2
0.3,left,0.91,37.68133395779793,14.171513191508351,39.98,0.785,1.621,real,3
0.3,left,0.79,33.54417461531027,18.355170989998456,39.98,0.785,1.621,real,4
0.3,left,0.71,27.93359394937442,21.77292370062964,39.98,0.785,1.621,real,8
0.3,right,0.85,36.3949989231933,4.1623506301974045,39.98,0.785,1.621,real,5
0.3,right,0.86,34.31935374792272,7.371232383452887,39.98,0.785,1.621,real,6
0.3,right,0.87,31.76163295410018,10.489808555498039,39.98,0.785,1.621,real,7
0.3,right,0.81,28.031437666248912,13.76774771211645,39.98,0.785,1.621,real,9
0.4,left,0.84,42.73411879204943,5.021320333782712,39.965,1.047,1.6378,real,1
0.4,left,0.99,40.88500905242373,9.63587049287963,39.965,1.047,1.6378,real,2
0.4,left,0.98,37.76140889000073,14.065674441736846,39.965,1.047,1.6378,real,3
0.4,left,0.89,33.39288200200404,18.2435608486237,39.965,1.047,1.6378,real,4
0.4,left,0.8,27.935527991079347,21.605715990708042,39.965,1.047,1.6378,real,8
0.4,right,0.99,35.93350701897663,3.8914599388915985,39.965,1.047,1.6378,real,5
0.4,right,0.79,34.05022811878872,7.387211872897651,39.965,1.047,1.6378,real,6
0.4,right,0.99,31.553247691089805,10.723516526805707,39.965,1.047,1.6378,real,7
0.4,right,0.92,27.802558629366438,13.50563740165437,39.965,1.047,1.6378,real,9
0.4,left,0.45,43.8181174750426,7.148671469648412,39.965,1.047,1.6378,ghost,10
0.5,left,0.79,42.86509832364408,5.053250162572728,39.945,1.308,1.6545,real,1
0.5,left,0.84,40.477600186184645,9.671811155309287,39.945,1.308,1.6545,real,2
0.5,left,0.86,37.94436239253709,14.281155173804292,39.945,1.308,1.6545,real,3
0.5,left,0.82,33.41911397820977,18.149360415079386,39.945,1.308,1.6545,real,4
0.5,left,0.88,28.062423972988118,21.999990647646314,39.945,1.308,1.6545,real,8
0.5,right,0.89,35.713605043422156,3.778880960598386,39.945,1.308,1.6545,real,5
0.5,right,0.87,34.311374823178994,7.3350968440110895,39.945,1.308,1.6545,real,6
0.5,right,0.89,31.572642951831927,10.685853883378138,39.945,1.308,1.6545,real,7
0.5,right,0.87,27.780419553830903,13.699351966943738,39.945,1.308,1.6545,real,9
0.6,left,0.74,42.88054959391016,5.158392147074532,39.921,1.57,1.6711,real,1
0.6,left,0.81,40.95051803565658,9.635630825562115,39.921,1.57,1.6711,real,2
0.6,left,0.94,37.45092092753056,14.259436842340502,39.921,1.57,1.6711,real,3
0.6,left,0.9,33.18866834293201,18.19240161526728,39.921,1.57,1.6711,real,4
0.6,left,0.8,28.112680352842553,21.802258527177717,39.921,1.57,1.6711,real,8
0.6,right,0.89,35.81095347897874,3.9906045928736544,39.921,1.57,1.6711,real,5
0.6,right,0.96,34.22726320804272,7.2634709399374335,39.921,1.57,1.6711,real,6
0.6,right,0.74,31.515123887179247,10.813733649121954,39.921,1.57,1.6711,real,7
0.6,right,0.94,27.66308085354231,13.876400700404076,39.921,1.57,1.6711,real,9
0.7,left,0.87,42.664179898059025,5.144151365783577,39.893,1.831,1.6878,real,1
0.7,left,0.94,40.62916833833829,9.710813270479715,39.893,1.831,1.6878,real,2
0.7,left,0.74,37.48848454786323,14.244174752674494,39.893,1.831,1.6878,real,3
0.7,left,0.86,33.23005246899642,18.35013155099545,39.893,1.831,1.6878,real,4
0.7,left,0.99,27.937703664615967,22.00933763056692,39.893,1.831,1.6878,real,8
0.7,right,0.99,36.02200165731911,3.600207967131554,39.893,1.831,1.6878,real,5
0.7,right,0.84,34.61346561148552,7.351427396542141,39.893,1.831,1.6878,real,6
0.7,right,0.93,31.584168519075327,10.568794196569012,39.893,1.831,1.6878,real,7
0.7,right,0.94,27.82359290730841,14.07980146915958,39.893,1.831,1.6878,real,9
0.7,unknown,0.3,45.34644455417522,12.914396748945542,39.893,1.831,1.6878,ghost,11
0.8,left,0.87,42.760846075971614,4.997302917686913,39.86,2.092,1.7044,real,1
0.8,left,0.86,40.64360448195073,9.812181216517311,39.86,2.092,1.7044,real,2
0.8,left,0.98,37.41403518773615,14.097167934567475,39.86,2.092,1.7044,real,3
0.8,left,0.83,33.08158734473404,18.29244452707796,39.86,2.092,1.7044,real,4
0.8,left,0.84,28.164847473279522,21.730138236012692,39.86,2.092,1.7044,real,8
0.8,right,0.87,35.97828436728567,3.8495931687228357,39.86,2.092,1.7044,real,5
0.8,right,0.94,34.527047808103184,7.252605576765479,39.86,2.092,1.7044,real,6
0.8,right,0.88,31.46801128240091,10.68168074864774,39.86,2.092,1.7044,real,7
0.8,right,0.95,28.589538055794804,13.833335850925243,39.86,2.092,1.7044,real,9
0.9,left,0.86,42.76654819978038,5.051674656043248,39.822,2.353,1.7209,real,1
0.9,left,0.78,40.54572203243715,10.119556278027286,39.822,2.353,1.7209,real,2
0.9,left,0.93,37.606335916951075,14.167515549572354,39.822,2.353,1.7209,real,3
0.9,left,0.75,33.76003775583793,18.14000600970157,39.822,2.353,1.7209,real,4
0.9,left,0.9,27.980423354754066,21.82212202834956,39.822,2.353,1.7209,real,8
0.9,right,0.74,36.183239342136126,3.6292076142940357,39.822,2.353,1.7209,real,5
0.9,right,0.95,34.224075933258845,7.401652012468293,39.822,2.353,1.7209,real,6
0.9,right,0.97,31.62229277148649,10.89587014806284,39.822,2.353,1.7209,real,7
0.9,right,0.84,28.082064386579663,13.814277930176232,39.822,2.353,1.7209,real,9
1.0,left,0.8,42.57244339919698,4.797158819564101,39.781,2.613,1.7374,real,1
1.0,left,0.88,40.7492500117711,9.886276903480663,39.781,2.613,1.7374,real,2
1.0,left,0.78,37.63607302330761,14.258546112770206,39.781,2.613,1.7374,real,3
1.0,left,0.81,33.03580516002212,18.247903151946154,39.781,2.613,1.7374,real,4
1.0,left,0.88,27.901276759173186,21.760054074226648,39.781,2.613,1.7374,real,8
1.0,right,0.75,36.1545482796627,4.061669707028698,39.781,2.613,1.7374,real,5
1.0,right,0.86,34.40280645333599,7.272631334625262,39.781,2.613,1.7374,real,6
1.0,right,0.98,31.483150786392166,10.837817835564984,39.781,2.613,1.7374,real,7
1.0,right,0.76,27.748928419480173,13.590673682581713,39.781,2.613,1.7374,real,9
1.1,left,0.91,42.756312561580046,4.9335733195493425,39.735,2.873,1.7539,real,1
1.1,left,0.93,41.148642152016244,9.424925660906334,39.735,2.873,1.7539,real,2
1.1,left,0.99,37.29217295765334,14.417185204733155,39.735,2.873,1.7539,real,3
1.1,left,0.75,33.253130497937924,17.929460963926335,39.735,2.873,1.7539,real,4
1.1,left,0.8,27.862043628327143,22.108702924415137,39.735,2.873,1.7539,real,8
1.1,right,0.75,35.76520773391703,4.067133310877747,39.735,2.873,1.7539,real,5
1.1,right,0.89,34.418718083957586,7.428146494807868,39.735,2.873,1.7539,real,6
1.1,right,0.78,31.381492037568208,10.621503966675675,39.735,2.873,1.7539,real,7
1.1,right,0.82,27.62916505433289,13.815667740010431,39.735,2.873,1.7539,real,9
1.2,left,0.9,42.82640184803573,4.984960968583765,39.685,3.133,1.7702,real,1
1.2,left,0.99,40.71932173035777,9.772444898341258,39.685,3.133,1.7702,real,2
1.2,left,0.98,37.789264805978306,13.912072226965897,39.685,3.133,1.7702,real,3
1.2,left,0.72,33.1120029272719,17.857761814097632,39.685,3.133,1.7702,real,4
1.2,left,0.99,27.6307401688533,21.667497050721472,39.685,3.133,1.7702,real,8
1.2,right,0.88,35.49863577945473,3.8468904768509145,39.685,3.133,1.7702,real,5
1.2,right,0.93,34.544077159267026,7.489995449346951,39.685,3.133,1.7702,real,6
1.2,right,0.81,31.407592751973695,10.611559570553778,39.685,3.133,1.7702,real,7
1.2,right,0.86,28.083814654468355,13.831982548757697,39.685,3.133,1.7702,real,9
1.3,left,0.77,42.7465076554008,5.348709087218306,39.63,3.393,1.7866,real,1
1.3,left,0.78,40.9044913568533,9.683828226975065,39.63,3.393,1.7866,real,2
1.3,left,0.85,37.6306886255335,14.19442560164763,39.63,3.393,1.7866,real,3
1.3,left,0.99,33.48503883919091,18.21291758857477,39.63,3.393,1.7866,real,4
1.3,left,0.85,28.1127011627083,21.83555376818838,39.63,3.393,1.7866,real,8
1.3,right,0.91,36.02906052791215,3.9273153735011617,39.63,3.393,1.7866,real,5
1.3,right,0.98,34.13938471880294,7.452440950905097,39.63,3.393,1.7866,real,6
1.3,right,0.82,31.43168897375386,10.608849313624205,39.63,3.393,1.7866,real,7
1.3,right,0.94,27.765956430358507,13.703682575739021,39.63,3.393,1.7866,real,9
1.4,left,0.83,43.06313397313744,5.002111963379091,39.571,3.652,1.8028,real,1
1.4,left,0.9,40.879268081424584,9.552906593662167,39.571,3.652,1.8028,real,2
1.4,left,0.81,37.37273072281626,14.383066917366142,39.571,3.652,1.8028,real,3
1.4,left,0.78,33.25064617898689,18.33928063928803,39.571,3.652,1.8028,real,4
1.4,left,0.99,28.131904919052893,21.847327662041476,39.571,3.652,1.8028,real,8
1.4,right,0.89,36.206679843539426,3.7963152273085288,39.571,3.652,1.8028,real,5
1.4,right,0.89,34.1422298806674,7.437187973065747,39.571,3.652,1.8028,real,6
1.4,right,0.94,31.63675325291902,10.400502986324815,39.571,3.652,1.8028,real,7
1.4,right,0.85,28.02101699705704,13.918396720940056,39.571,3.652,1.8028,real,9
1.5,left,0.88,42.86833621943257,4.817283340004462,39.508,3.911,1.819,real,1
1.5,left,0.76,40.879932273203295,9.732429192023488,39.508,3.911,1.819,real,2
1.5,left,0.96,37.52186223167691,14.365453106941585,39.508,3.911,1.819,real,3
1.5,left,0.88,33.27965407922815,18.725924640078485,39.508,3.911,1.819,real,4
1.5,left,0.76,27.621952525092702,21.74763576530759,39.508,3.911,1.819,real,8
1.5,right,0.7,36.180969914674215,3.882807601430912,39.508,3.911,1.819,real,5
1.5,right,0.95,34.62964047474958,7.061101163835604,39.508,3.911,1.819,real,6
1.5,right,0.8,31.688112960843235,10.608175575929602,39.508,3.911,1.819,real,7
1.5,right,0.97,28.126755881242325,13.975471486831479,39.508,3.911,1.819,real,9
1.6,left,0.93,40.930926436643645,9.577290243738503,39.44,4.169,1.8351,real,2
1.6,left,0.78,37.94891415766031,14.118989900033776,39.44,4.169,1.8351,real,3
1.6,left,0.91,33.342477946647904,18.289437769732384,39.44,4.169,1.8351,real,4
1.6,left,0.84,27.834472225584662,21.764204377252174,39.44,4.169,1.8351,real,8
1.6,right,0.92,35.810479137617634,3.906726651122929,39.44,4.169,1.8351,real,5
1.6,right,0.95,34.57996483484322,7.328078218949247,39.44,4.169,1.8351,real,6
1.6,right,0.86,31.764831848244118,10.866534982534414,39.44,4.169,1.8351,real,7
1.6,right,0.96,27.773301842949927,13.821407943735307,39.44,4.169,1.8351,real,9
1.7,left,0.79,40.7315848938828,9.565791807144423,39.368,4.427,1.8511,real,2
1.7,left,0.81,37.66293316826707,14.23197114219742,39.368,4.427,1.8511,real,3
1.7,left,0.74,32.9974815852036,18.47696142794491,39.368,4.427,1.8511,real,4
1.7,left,0.79,27.893743888298303,21.540594323901573,39.368,4.427,1.8511,real,8
1.7,right,0.93,35.9416990186153,3.659154582639009,39.368,4.427,1.8511,real,5
1.7,right,0.83,34.2934707725401,7.309649843400187,39.368,4.427,1.8511,real,6
1.7,right,0.9,31.631168775285378,10.99808488761793,39.368,4.427,1.8511,real,7
1.7,right,0.87,27.968469055410438,13.726285899645458,39.368,4.427,1.8511,real,9
1.7,right,0.94,23.64553733819682,16.492311634939426,39.368,4.427,1.8511,real,12
1.7,right,0.3,31.63188531282357,10.22927770335522,39.368,4.427,1.8511,ghost,7
1.8,left,0.82,40.72697493175539,9.692204908466408,39.291,4.685,1.867,real,2
1.8,left,0.84,37.557728444653584,14.263188905812363,39.291,4.685,1.867,real,3
1.8,left,0.92,33.325491679393615,18.50767685641157,39.291,4.685,1.867,real,4
1.8,left,0.86,28.012418259415703,21.665348757341786,39.291,4.685,1.867,real,8
1.8,right,0.99,35.9456394035153,3.8616632040971637,39.291,4.685,1.867,real,5
1.8,right,0.88,34.20128432891913,7.521898903301599,39.291,4.685,1.867,real,6
1.8,right,0.84,31.27908206191788,10.65643793013358,39.291,4.685,1.867,real,7
1.8,right,0.89,28.071025673802147,13.758107192106854,39.291,4.685,1.867,real,9
1.8,right,0.88,23.467906941068023,16.672410356218677,39.291,4.685,1.867,real,12
1.9,left,0.85,40.558195945917575,9.825650661337335,39.211,4.941,1.8829,real,2
1.9,left,0.85,37.76751087652057,14.299890914547332,39.211,4.941,1.8829,real,3
1.9,left,0.84,33.052643678357875,18.46222070730637,39.211,4.941,1.8829,real,4
1.9,left,0.92,28.006651042217904,21.999687359590343,39.211,4.941,1.8829,real,8
1.9,right,0.81,34.582781815849295,7.398579386285775,39.211,4.941,1.8829,real,6
1.9,right,0.85,31.34192014971254,10.675757388922387,39.211,4.941,1.8829,real,7
1.9,right,0.76,27.777042865507276,14.032275666625832,39.211,4.941,1.8829,real,9
1.9,right,0.78,23.49610993662492,16.429581082798485,39.211,4.941,1.8829,real,12
1.9,right,0.5,29.444081849751463,9.81649329261622,39.211,4.941,1.8829,ghost,13
2.0,left,0.99,40.55287962848388,9.580779771539714,39.126,5.198,1.8986,real,2
2.0,left,0.86,37.98508749768395,14.121845788787418,39.126,5.198,1.8986,real,3
2.0,left,0.7,33.4277610524028,18.158493119325602,39.126,5.198,1.8986,real,4
2.0,left,0.8,27.667384535955694,21.688841599116913,39.126,5.198,1.8986,real,8
2.0,right,0.92,34.56875572427226,7.392587344205448,39.126,5.198,1.8986,real,6
2.0,right,0.89,31.292769836769196,10.599604410714573,39.126,5.198,1.8986,real,7
2.0,right,0.84,27.88920215922152,13.725209642402145,39.126,5.198,1.8986,real,9
2.0,right,0.87,23.488231283398093,16.224327156676736,39.126,5.198,1.8986,real,12
2.1,left,0.92,40.818055827218906,9.759355402325058,39.037,5.454,1.9143,real,2
2.1,left,0.96,37.803153985409324,14.349103204138707,39.037,5.454,1.9143,real,3
2.1,left,0.89,33.39142617631895,18.14079448093045,39.037,5.454,1.9143,real,4
2.1,left,0.86,27.959197915770492,21.908385372375367,39.037,5.454,1.9143,real,8
2.1,right,0.77,34.355389462178415,7.1557017283172515,39.037,5.454,1.9143,real,6
2.1,right,0.89,31.809512263631266,10.686551100623824,39.037,5.454,1.9143,real,7
2.1,right,0.99,27.940989666440707,13.731567014379614,39.037,5.454,1.9143,real,9
2.1,right,0.8,23.279673125878638,16.317776036999874,39.037,5.454,1.9143,real,12
2.2,left,0.82,40.86796261465828,9.784119131039967,38.943,5.709,1.9298,real,2
2.2,left,0.88,37.814837698065794,14.259763581136747,38.943,5.709,1.9298,real,3
2.2,left,0.91,33.261207877851525,18.393415291241908,38.943,5.709,1.9298,real,4
2.2,left,0.9,28.12938197295445,21.577377426982117,38.943,5.709,1.9298,real,8
2.2,right,0.89,34.5271906794464,7.562722213416001,38.943,5.709,1.9298,real,6
2.2,right,0.87,31.564086531103932,10.964535083941911,38.943,5.709,1.9298,real,7
2.2,right,0.93,27.890304634953687,13.880695672715904,38.943,5.709,1.9298,real,9
2.2,right,0.83,23.431486312472245,16.472352318011303,38.943,5.709,1.9298,real,12
2.3,left,0.84,41.1321652652089,9.815702953722482,38.845,5.963,1.9453,real,2
2.3,left,0.74,37.33721181925419,14.391629236240211,38.845,5.963,1.9453,real,3
2.3,left,0.84,33.4833512224857,18.40394222262042,38.845,5.963,1.9453,real,4
2.3,left,0.99,27.959941232612593,21.71597967466862,38.845,5.963,1.9453,real,8
2.3,right,0.9,34.557015376621735,7.599861591482783,38.845,5.963,1.9453,real,6
2.3,right,0.86,31.59244676062503,10.680942720088035,38.845,5.963,1.9453,real,7
2.3,right,0.95,27.84811353795903,13.72845067211041,38.845,5.963,1.9453,real,9
2.3,right,0.97,23.02578699089115,16.093301761173812,38.845,5.963,1.9453,real,12
2.4,left,0.83,40.768143268161346,9.926868965802,38.743,6.217,1.9606,real,2
2.4,left,0.75,37.77127877005201,14.079559561063327,38.743,6.217,1.9606,real,3
2.4,left,0.88,33.132572994442654,18.376132815102924,38.743,6.217,1.9606,real,4
2.4,left,0.87,28.185627855350525,21.730923984581693,38.743,6.217,1.9606,real,8
2.4,right,0.93,34.434304853731554,6.936652094086247,38.743,6.217,1.9606,real,6
2.4,right,0.89,31.71319638891118,10.7312706154508,38.743,6.217,1.9606,real,7
2.4,right,0.88,27.754777428649536,13.803512685184424,38.743,6.217,1.9606,real,9
2.4,right,0.89,23.58568223020235,16.38595324138018,38.743,6.217,1.9606,real,12
2.5,left,0.91,41.00811838302872,10.10863526801784,38.637,6.47,1.9758,real,2
2.5,left,0.81,37.69488967773542,14.565724065250897,38.637,6.47,1.9758,real,3
2.5,left,0.85,33.2371684507458,18.078460244135695,38.637,6.47,1.9758,real,4
2.5,left,0.99,28.12593065998778,21.630909152470213,38.637,6.47,1.9758,real,8
2.5,right,0.9,34.28149001760565,7.14547819599387,38.637,6.47,1.9758,real,6
2.5,right,0.83,31.394731989544056,10.54179003200392,38.637,6.47,1.9758,real,7
2.5,right,0.96,27.805906779843347,13.684995818174569,38.637,6.47,1.9758,real,9
2.5,right,0.8,23.890952240153126,16.50777741655567,38.637,6.47,1.9758,real,12
2.6,left,0.9,40.707908267015654,9.671912364052684,38.527,6.723,1.9909,real,2
2.6,left,0.99,37.58492164624205,14.145149174961436,38.527,6.723,1.9909,real,3
2.6,left,0.8,33.11154510018002,18.49816930782805,38.527,6.723,1.9909,real,4
2.6,left,0.85,27.883644474225186,22.537145792674313,38.527,6.723,1.9909,real,8
2.6,right,0.91,34.08309318927605,7.1189599191853645,38.527,6.723,1.9909,real,6
2.6,right,0.92,31.671082945959103,10.495840222976739,38.527,6.723,1.9909,real,7
2.6,right,0.83,28.185878126112446,13.857707169141861,38.527,6.723,1.9909,real,9
2.6,right,0.84,23.49111273294274,16.396696712857256,38.527,6.723,1.9909,real,12
2.7,left,0.83,40.73037515240917,9.825827362835525,38.412,6.975,2.0059,real,2
2.7,left,0.99,37.820127500009434,14.262528795397992,38.412,6.975,2.0059,real,3
2.7,left,0.86,33.54147425541363,18.298063011893973,38.412,6.975,2.0059,real,4
2.7,left,0.95,27.855962276302566,21.713856555916298,38.412,6.975,2.0059,real,8
2.7,right,0.86,34.79816318610404,7.547051992855801,38.412,6.975,2.0059,real,6
2.7,right,0.84,31.83342824193169,10.71783670815947,38.412,6.975,2.0059,real,7
2.7,right,0.97,28.11322203020734,13.957615364525918,38.412,6.975,2.0059,real,9
2.7,right,0.91,23.74787680735951,16.367103917177623,38.412,6.975,2.0059,real,12
2.8,left,0.92,41.01470787921188,10.056663388719322,38.293,7.226,2.0208,real,2
2.8,left,0.84,37.21890457585148,14.41999666526356,38.293,7.226,2.0208,real,3
2.8,left,0.95,33.24816664087597,18.189078417062856,38.293,7.226,2.0208,real,4
2.8,left,0.99,28.017259828092975,21.775879068894568,38.293,7.226,2.0208,real,8
2.8,right,0.89,34.386898754640455,7.373668754313995,38.293,7.226,2.0208,real,6
2.8,right,0.86,31.729901599077113,10.924454458257316,38.293,7.226,2.0208,real,7
2.8,right,0.99,28.09740395374906,13.653077894476787,38.293,7.226,2.0208,real,9
2.8,right,0.81,23.419033742274394,16.597236885493828,38.293,7.226,2.0208,real,12
2.9,left,0.87,41.23289149850515,9.86319095767073,38.17,7.476,2.0356,real,2
2.9,left,0.9,37.72732142656533,14.384495688688084,38.17,7.476,2.0356,real,3
2.9,left,0.85,33.22811423589843,18.06970337014258,38.17,7.476,2.0356,real,4
2.9,left,0.85,28.051602249845224,21.947771659671208,38.17,7.476,2.0356,real,8
2.9,right,0.88,34.01047843396585,7.463141473770016,38.17,7.476,2.0356,real,6
2.9,right,0.83,31.389985865328036,10.78827781649553,38.17,7.476,2.0356,real,7
2.9,right,0.86,28.04773601554605,14.0736721522842,38.17,7.476,2.0356,real,9
2.9,right,0.85,23.39136565778643,16.376807209413407,38.17,7.476,2.0356,real,12
3.0,left,0.86,40.97197797806236,9.546827118051983,38.042,7.725,2.0502,real,2
3.0,left,0.91,37.92565572382874,14.370480269280932,38.042,7.725,2.0502,real,3
3.0,left,0.77,33.551486774301665,18.25138841055318,38.042,7.725,2.0502,real,4
3.0,left,0.96,27.88679572433308,22.028321995937734,38.042,7.725,2.0502,real,8
3.0,right,0.8,34.54865087215661,7.537562354379357,38.042,7.725,2.0502,real,6
3.0,right,0.8,31.669279806050405,10.934374133632135,38.042,7.725,2.0502,real,7
3.0,right,0.81,28.00384482785793,13.805334673354537,38.042,7.725,2.0502,real,9
3.0,right,0.7,23.565405727309514,16.457029103473314,38.042,7.725,2.0502,real,12
3.1,left,0.79,40.915713009938976,9.871166499784215,37.911,7.974,2.0647,real,2
3.1,left,0.92,37.821914648357655,14.568935086877108,37.911,7.974,2.0647,real,3
3.1,left,0.98,33.49121941452378,18.254343991143855,37.911,7.974,2.0647,real,4
3.1,left,0.91,28.27253838114347,22.023837494498988,37.911,7.974,2.0647,real,8
3.1,right,0.76,34.53444308908898,7.497318316505595,37.911,7.974,2.0647,real,6
3.1,right,0.85,31.4727713148753,11.015322146376054,37.911,7.974,2.0647,real,7
3.1,right,0.77,28.160753398651405,13.964686539361763,37.911,7.974,2.0647,real,9
3.1,right,0.9,23.50091035754392,16.196314606993575,37.911,7.974,2.0647,real,12
3.2,left,0.95,37.728305989993096,14.24586301881355,37.775,8.222,2.0791,real,3
3.2,left,0.77,33.104015098652745,18.352425906712213,37.775,8.222,2.0791,real,4
3.2,left,0.9,27.99285456314722,21.70351811378304,37.775,8.222,2.0791,real,8
3.2,right,0.89,34.373633908544576,7.591906584785003,37.775,8.222,2.0791,real,6
3.2,right,0.94,31.30856989739905,11.036668493477746,37.775,8.222,2.0791,real,7
3.2,right,0.99,27.84237087209069,13.750830853571811,37.775,8.222,2.0791,real,9
3.2,right,0.82,23.2603628812861,16.38021495868138,37.775,8.222,2.0791,real,12
3.2,right,0.83,18.05630948545687,18.63441842184931,37.775,8.222,2.0791,real,14
3.3,left,0.9,37.67833503763296,14.481265674699012,37.635,8.468,2.0934,real,3
3.3,left,0.82,33.37455432028556,18.426713752799735,37.635,8.468,2.0934,real,4
3.3,left,0.97,27.876312678286315,21.941473893433148,37.635,8.468,2.0934,real,8
3.3,left,0.83,22.22292612215104,24.373240010252154,37.635,8.468,2.0934,real,15
3.3,right,0.83,34.12869935839812,7.805434674388783,37.635,8.468,2.0934,real,6
3.3,right,0.88,31.83025338275253,10.587541627228402,37.635,8.468,2.0934,real,7
3.3,right,0.83,28.132876923283746,13.85289127419825,37.635,8.468,2.0934,real,9
3.3,right,0.91,23.47322969894666,16.617035399371126,37.635,8.468,2.0934,real,12
3.3,right,0.96,18.49999044320784,18.493117568461358,37.635,8.468,2.0934,real,14
3.4,left,0.81,37.95751613694581,14.273534125623222,37.491,8.714,2.1076,real,3
3.4,left,0.77,33.702084737144105,18.20768938458056,37.491,8.714,2.1076,real,4
3.4,left,0.79,28.114284531756685,21.81326685076713,37.491,8.714,2.1076,real,8
3.4,left,0.85,21.712049597636614,24.759628819082046,37.491,8.714,2.1076,real,15
3.4,right,0.9,34.09525316692389,7.134246713675343,37.491,8.714,2.1076,real,6
3.4,right,0.83,31.965875208716565,11.060542997847083,37.491,8.714,2.1076,real,7
3.4,right,0.91,28.226823529822973,13.522735626900094,37.491,8.714,2.1076,real,9
3.4,right,0.81,23.442825446973927,16.317300055088626,37.491,8.714,2.1076,real,12
3.4,right,0.86,18.43716322318104,18.8507859345229,37.491,8.714,2.1076,real,14
3.5,left,0.99,37.3788724995905,14.158803954359541,37.343,8.959,2.1216,real,3
3.5,left,0.99,33.415424204650336,18.592113171336845,37.343,8.959,2.1216,real,4
3.5,left,0.82,27.942734626408527,21.751053623482708,37.343,8.959,2.1216,real,8
3.5,left,0.8,21.77072298738988,24.70343983260549,37.343,8.959,2.1216,real,15
3.5,right,0.79,34.42970365229069,7.3796880009245855,37.343,8.959,2.1216,real,6
3.5,right,0.91,31.90484688392038,10.592393916381937,37.343,8.959,2.1216,real,7
3.5,right,0.9,27.973430997120243,13.790836369360486,37.343,8.959,2.1216,real,9
3.5,right,0.92,23.50240396681031,16.696571094733393,37.343,8.959,2.1216,real,12
3.5,right,0.93,18.01976421278102,18.402393866165887,37.343,8.959,2.1216,real,14
3.6,left,0.99,37.55634529971377,14.106857747934482,37.191,9.203,2.1355,real,3
3.6,left,0.96,33.20263735147766,18.639628655609577,37.191,9.203,2.1355,real,4
3.6,left,0.93,27.61314784829483,21.97636405024442,37.191,9.203,2.1355,real,8
3.6,left,0.78,21.790320674926853,24.88353392988467,37.191,9.203,2.1355,real,15
3.6,right,0.88,31.56849675870877,10.932547137741423,37.191,9.203,2.1355,real,7
3.6,right,0.9,28.07633780223407,13.76903701481018,37.191,9.203,2.1355,real,9
3.6,right,0.9,23.549934979542265,16.30781457236178,37.191,9.203,2.1355,real,12
3.6,right,0.94,18.37073476013692,18.679258454748975,37.191,9.203,2.1355,real,14
3.7,left,0.85,37.698997225938804,14.328146831461092,37.035,9.446,2.1492,real,3
3.7,left,0.87,33.296394421201654,18.05323267526665,37.035,9.446,2.1492,real,4
3.7,left,0.98,27.95431526981355,21.715499779166166,37.035,9.446,2.1492,real,8
3.7,left,0.91,21.83139605568882,25.024413240908906,37.035,9.446,2.1492,real,15
3.7,right,0.99,31.851441606373406,10.725307773705502,37.035,9.446,2.1492,real,7
3.7,right,0.92,27.93487934886538,13.854112990248014,37.035,9.446,2.1492,real,9
3.7,right,0.88,23.51904955184784,16.43243031047298,37.035,9.446,2.1492,real,12
3.7,right,0.99,18.253240304604226,18.47610762640219,37.035,9.446,2.1492,real,14
3.8,left,0.99,37.28554970340345,14.270159091633042,36.875,9.688,2.1629,real,3
3.8,left,0.91,33.27185387598505,18.29167258843548,36.875,9.688,2.1629,real,4
3.8,left,0.87,27.869188267489314,21.76942607636089,36.875,9.688,2.1629,real,8
3.8,left,0.89,21.506439996759905,24.476085353649022,36.875,9.688,2.1629,real,15
3.8,right,0.89,31.472579907314838,10.67124673513399,36.875,9.688,2.1629,real,7
3.8,right,0.79,27.94124638488394,13.869892316212917,36.875,9.688,2.1629,real,9
3.8,right,0.89,23.63533416855367,16.578885115254245,36.875,9.688,2.1629,real,12
3.8,right,0.93,18.232451568352616,18.351197618297853,36.875,9.688,2.1629,real,14
3.9,left,0.94,37.429847030205586,14.450973048692816,36.71,9.929,2.1764,real,3
3.9,left,0.93,33.784011386014825,18.441172850149904,36.71,9.929,2.1764,real,4
3.9,left,0.79,27.788885081645994,21.945634662563457,36.71,9.929,2.1764,real,8
3.9,left,0.89,21.98326679506685,25.037620159058847,36.71,9.929,2.1764,real,15
3.9,right,0.86,31.5445586029549,10.785925418979232,36.71,9.929,2.1764,real,7
3.9,right,0.98,28.01755519359537,13.808728249195962,36.71,9.929,2.1764,real,9
3.9,right,0.97,23.58768539314159,16.371809120145528,36.71,9.929,2.1764,real,12
3.9,right,0.91,18.446820116885704,18.747894179941667,36.71,9.929,2.1764,real,14
4.0,left,0.81,38.007292387099255,14.358765111564828,36.542,10.168,2.1898,real,3
4.0,left,0.83,33.48646410427465,18.128033692763736,36.542,10.168,2.1898,real,4
4.0,left,0.84,28.001125910809613,21.708671331971818,36.542,10.168,2.1898,real,8
4.0,left,0.9,21.709189054455933,24.858337281824003,36.542,10.168,2.1898,real,15
4.0,right,0.85,31.651738814068693,10.486682496183471,36.542,10.168,2.1898,real,7
4.0,right,0.87,27.86984952866328,13.844327270863442,36.542,10.168,2.1898,real,9
4.0,right,0.97,23.49520397429128,16.541493426963818,36.542,10.168,2.1898,real,12
4.0,right,0.8,18.081802785424713,18.706144107415074,36.542,10.168,2.1898,real,14
4.1,left,0.93,37.80935319217669,14.165567903043183,36.369,10.407,2.203,real,3
4.1,left,0.78,33.37627479480052,18.503326070889422,36.369,10.407,2.203,real,4
4.1,left,0.97,28.016724440883166,22.114104380869748,36.369,10.407,2.203,real,8
4.1,left,0.95,21.89205043421479,24.726862753173002,36.369,10.407,2.203,real,15
4.1,right,0.89,31.367000300889814,10.647723929225176,36.369,10.407,2.203,real,7
4.1,right,0.82,27.832541997493127,13.831456565856307,36.369,10.407,2.203,real,9
4.1,right,0.93,23.640220069570066,16.62379623943749,36.369,10.407,2.203,real,12
4.1,right,0.86,18.177073823360058,18.164212771587646,36.369,10.407,2.203,real,14
4.2,left,0.99,37.7135445832324,14.248699456321237,36.193,10.644,2.2162,real,3
4.2,left,0.92,33.4208018263397,18.209139409551852,36.193,10.644,2.2162,real,4
4.2,left,0.88,28.105999726141675,21.884434314145313,36.193,10.644,2.2162,real,8
4.2,left,0.81,21.612424701365065,24.598284788581495,36.193,10.644,2.2162,real,15
4.2,right,0.87,31.612180893764968,10.649684712137985,36.193,10.644,2.2162,real,7
4.2,right,0.83,27.983590951323063,13.794586782093337,36.193,10.644,2.2162,real,9
4.2,right,0.8,23.484603484300564,16.30663172030095,36.193,10.644,2.2162,real,12
4.2,right,0.79,18.092319992124107,18.76317700585977,36.193,10.644,2.2162,real,14
4.3,left,0.8,37.58443621109406,14.308635954190928,36.013,10.881,2.2291,real,3
4.3,left,0.98,33.46421917594771,18.197674470751267,36.013,10.881,2.2291,real,4
4.3,left,0.86,28.066645792022097,21.668959760832994,36.013,10.881,2.2291,real,8
4.3,left,0.93,21.454110429161496,24.831427321918493,36.013,10.881,2.2291,real,15
4.3,right,0.78,31.434692698662417,10.543594821440195,36.013,10.881,2.2291,real,7
4.3,right,0.9,27.81029047631333,13.732695718343741,36.013,10.881,2.2291,real,9
4.3,right,0.86,23.48377649107206,16.46475386844079,36.013,10.881,2.2291,real,12
4.3,right,0.92,18.10770204633754,18.659417524829255,36.013,10.881,2.2291,real,14
4.4,left,0.91,37.47440475847848,14.474492425368773,35.828,11.116,2.242,real,3
4.4,left,0.8,33.27263716282543,18.480244548518684,35.828,11.116,2.242,real,4
4.4,left,0.99,28.079794656204264,22.1356104264341,35.828,11.116,2.242,real,8
4.4,left,0.88,21.625559020224735,24.78405060043312,35.828,11.116,2.242,real,15
4.4,right,0.8,31.546733802383024,11.102407901478196,35.828,11.116,2.242,real,7
4.4,right,0.81,28.064241752406012,13.765167958608194,35.828,11.116,2.242,real,9
4.4,right,0.82,23.42513808904235,16.477309953520304,35.828,11.116,2.242,real,12
4.4,right,0.79,18.266405481696598,19.002787113565052,35.828,11.116,2.242,real,14
4.5,left,0.88,37.343969548620706,14.363667827975295,35.64,11.35,2.2548,real,3
4.5,left,0.87,33.308997165253984,18.617974806258346,35.64,11.35,2.2548,real,4
4.5,left,0.86,27.880615530073197,21.688489717935532,35.64,11.35,2.2548,real,8
4.5,left,0.88,21.758153505985014,24.811143039006893,35.64,11.35,2.2548,real,15
4.5,right,0.81,31.87583473804,10.462855772349513,35.64,11.35,2.2548,real,7
4.5,right,0.76,27.704456312531047,13.914381091856596,35.64,11.35,2.2548,real,9
4.5,right,0.91,23.377766071527738,16.41223548281031,35.64,11.35,2.2548,real,12
4.5,right,0.78,18.08982026672276,18.788267293507598,35.64,11.35,2.2548,real,14
4.6,left,0.88,37.81205933450254,14.405658878645113,35.448,11.582,2.2674,real,3
4.6,left,0.93,33.81509445520211,18.334447591930523,35.448,11.582,2.2674,real,4
4.6,left,0.78,28.188469539141177,21.716166689366368,35.448,11.582,2.2674,real,8
4.6,left,0.85,21.96701458618532,24.532516679751268,35.448,11.582,2.2674,real,15
4.6,right,0.86,31.434281109597478,10.833306024582866,35.448,11.582,2.2674,real,7
4.6,right,0.91,27.719649694897853,13.794916980283613,35.448,11.582,2.2674,real,9
4.6,right,0.99,23.368381197873347,16.29568715501021,35.448,11.582,2.2674,real,12
4.6,right,0.94,17.929211661281478,18.505704293453025,35.448,11.582,2.2674,real,14
4.7,left,0.79,37.8833025527645,14.220472911922144,35.252,11.814,2.2799,real,3
4.7,left,0.74,33.21214565448897,18.295017454775117,35.252,11.814,2.2799,real,4
4.7,left,0.84,28.086703667281693,21.529173362546523,35.252,11.814,2.2799,real,8
4.7,left,0.89,21.910829910468394,24.650023942100884,35.252,11.814,2.2799,real,15
4.7,right,0.93,31.534843519339702,10.78831354777148,35.252,11.814,2.2799,real,7
4.7,right,0.8,28.060685378159953,13.776390891160448,35.252,11.814,2.2799,real,9
4.7,right,0.81,23.329136446304428,16.439339952906998,35.252,11.814,2.2799,real,12
4.7,right,0.87,18.280823341051086,18.743551703447153,35.252,11.814,2.2799,real,14
4.7,right,0.83,12.470255908033705,20.05646110868342,35.252,11.814,2.2799,real,16
4.8,left,0.78,33.21670661992305,18.344479045996877,35.052,12.044,2.2922,real,4
4.8,left,0.86,27.888696100344045,21.865913115130567,35.052,12.044,2.2922,real,8
4.8,left,0.78,21.869744243542733,24.611823446060548,35.052,12.044,2.2922,real,15
4.8,right,0.83,31.561488635904393,11.11273074939659,35.052,12.044,2.2922,real,7
4.8,right,0.93,27.745592438091972,13.905232532300351,35.052,12.044,2.2922,real,9
4.8,right,0.81,23.32411433766333,16.71245026654006,35.052,12.044,2.2922,real,12
4.8,right,0.86,18.042067595489506,18.64022805806347,35.052,12.044,2.2922,real,14
4.8,right,0.92,12.466860897385233,19.88532053391145,35.052,12.044,2.2922,real,16
4.9,left,0.77,33.50324753161175,18.148661689871783,34.849,12.273,2.3045,real,4
4.9,left,0.82,28.16408156039193,21.67062658631359,34.849,12.273,2.3045,real,8
4.9,left,0.91,21.751955523150215,24.790705060090634,34.849,12.273,2.3045,real,15
4.9,right,0.83,31.22884019135058,10.5372382191558,34.849,12.273,2.3045,real,7
4.9,right,0.9,27.919547013502967,13.796988618043915,34.849,12.273,2.3045,real,9
4.9,right,0.9,23.482308755341695,16.550073549590696,34.849,12.273,2.3045,real,12
4.9,right,0.87,18.449503846023436,18.34340780308111,34.849,12.273,2.3045,real,14
4.9,right,0.93,12.395912538211805,19.908461245615086,34.849,12.273,2.3045,real,16
5.0,left,0.78,33.12467674251678,18.31052611893411,34.641,12.5,2.3166,real,4
5.0,left,0.81,28.0079801992599,21.92910670864371,34.641,12.5,2.3166,real,8
5.0,left,0.83,21.74534411850036,24.77361199427225,34.641,12.5,2.3166,real,15
5.0,right,0.88,31.666279232383687,10.613747006705568,34.641,12.5,2.3166,real,7
5.0,right,0.87,28.2052129103278,13.778233365394852,34.641,12.5,2.3166,real,9
5.0,right,0.91,23.55082445631574,16.651731254581346,34.641,12.5,2.3166,real,12
5.0,right,0.81,17.990319268329333,18.177647062998123,34.641,12.5,2.3166,real,14
5.0,right,0.82,12.554192535769936,20.074403807431395,34.641,12.5,2.3166,real,16
5.1,left,0.77,33.12482425535164,18.336148329196085,34.43,12.726,2.3286,real,4
5.1,left,0.79,27.825231349396045,21.824069634378446,34.43,12.726,2.3286,real,8
5.1,left,0.87,22.002503080758977,24.52921741400432,34.43,12.726,2.3286,real,15
5.1,right,0.85,31.683471164189186,11.093495067676766,34.43,12.726,2.3286,real,7
5.1,right,0.99,27.79667370181988,14.07484551445748,34.43,12.726,2.3286,real,9
5.1,right,0.93,23.26988617803738,16.447832812048233,34.43,12.726,2.3286,real,12
5.1,right,0.9,18.395220423439504,18.698142742024707,34.43,12.726,2.3286,real,14
5.1,right,0.83,12.437063719479404,20.238443261746543,34.43,12.726,2.3286,real,16
5.2,left,0.89,33.34681519290181,18.33939559987237,34.215,12.951,2.3404,real,4
5.2,left,0.81,27.848571108248983,22.1574055508259,34.215,12.951,2.3404,real,8
5.2,left,0.92,21.861302214976252,24.430847038889464,34.215,12.951,2.3404,real,15
5.2,right,0.95,31.692285660208977,11.016359888813241,34.215,12.951,2.3404,real,7
5.2,right,0.88,27.82347978204144,13.987578170437184,34.215,12.951,2.3404,real,9
5.2,right,0.92,23.330243367712974,16.512519065775663,34.215,12.951,2.3404,real,12
5.2,right,0.8,18.409897320047296,18.50249513880286,34.215,12.951,2.3404,real,14
5.2,right,0.87,12.3367519069512,20.21931626850444,34.215,12.951,2.3404,real,16
5.3,left,0.81,33.2472138953286,18.31911257111553,33.996,13.174,2.3522,real,4
5.3,left,0.87,27.57267112387583,21.868149248152424,33.996,13.174,2.3522,real,8
5.3,left,0.87,21.85803930768594,24.763267070519976,33.996,13.174,2.3522,real,15
5.3,right,0.84,27.771662557929965,13.798494521389134,33.996,13.174,2.3522,real,9
5.3,right,0.93,23.687841376080023,16.569010277466642,33.996,13.174,2.3522,real,12
5.3,right,0.96,17.777281461060195,18.741534728643394,33.996,13.174,2.3522,real,14
5.3,right,0.87,12.801157157798833,20.645159407641756,33.996,13.174,2.3522,real,16
5.4,left,0.75,33.34392516841106,18.11776077209519,33.773,13.396,2.3638,real,4
5.4,left,0.89,28.233461624020016,21.565029598492405,33.773,13.396,2.3638,real,8
5.4,left,0.87,21.835329541055874,24.825015924989017,33.773,13.396,2.3638,real,15
5.4,right,0.77,28.11289462164762,13.61600251350025,33.773,13.396,2.3638,real,9
5.4,right,0.76,23.44787735479764,16.418223579010878,33.773,13.396,2.3638,real,12
5.4,right,0.99,18.217331661426392,18.45386027291171,33.773,13.396,2.3638,real,14
5.4,right,0.79,12.63434029219364,19.970613506325968,33.773,13.396,2.3638,real,16
5.4,right,0.31,29.321680739809665,16.8298967433309,33.773,13.396,2.3638,ghost,17
5.5,left,0.74,33.43195825050025,18.082117933493475,33.547,13.616,2.3753,real,4
5.5,left,0.78,27.90746479798833,21.68671612096914,33.547,13.616,2.3753,real,8
5.5,left,0.88,21.64165322132703,24.854222282885363,33.547,13.616,2.3753,real,15
5.5,right,0.89,28.106847035695004,13.843036836138134,33.547,13.616,2.3753,real,9
5.5,right,0.83,23.548904286208387,16.497897829185106,33.547,13.616,2.3753,real,12
5.5,right,0.82,18.335849699323916,18.793695484502923,33.547,13.616,2.3753,real,14
5.5,right,0.86,12.293100054728797,20.169792040979086,33.547,13.616,2.3753,real,16
5.6,left,0.9,33.47782345966716,18.39437998140325,33.317,13.835,2.3867,real,4
5.6,left,0.92,27.947703609920044,21.619906054376912,33.317,13.835,2.3867,real,8
5.6,left,0.9,21.968734055222487,24.13774085118144,33.317,13.835,2.3867,real,15
5.6,right,0.92,27.773987526773304,13.82007613812514,33.317,13.835,2.3867,real,9
5.6,right,0.87,23.3738930698757,16.29553847279699,33.317,13.835,2.3867,real,12
5.6,right,0.91,18.453711255273607,18.68226445439999,33.317,13.835,2.3867,real,14
5.6,right,0.82,12.79475166259694,20.45007816869591,33.317,13.835,2.3867,real,16
5.7,left,0.86,33.40542385699785,18.221248955919833,33.083,14.052,2.398,real,4
5.7,left,0.76,28.13502981694864,21.89186180156479,33.083,14.052,2.398,real,8
5.7,left,0.89,21.75143896270431,24.64753101350009,33.083,14.052,2.398,real,15
5.7,right,0.85,27.99361884628904,14.088938763537495,33.083,14.052,2.398,real,9
5.7,right,0.98,23.420183779874076,16.477290641566775,33.083,14.052,2.398,real,12
5.7,right,0.92,18.232799522455363,18.180361270132863,33.083,14.052,2.398,real,14
5.7,right,0.9,12.57979110110183,20.33883846206843,33.083,14.052,2.398,real,16
5.8,left,0.84,33.228115414384526,18.34356926208962,32.846,14.268,2.4092,real,4
5.8,left,0.99,27.929571362299082,21.970464894460367,32.846,14.268,2.4092,real,8
5.8,left,0.73,21.652395059092456,24.743868337607644,32.846,14.268,2.4092,real,15
5.8,left,0.96,14.757193819702195,26.580237001114792,32.846,14.268,2.4092,real,18
5.8,right,0.8,28.06819200032204,13.885637974933015,32.846,14.268,2.4092,real,9
5.8,right,0.88,23.51443737455937,16.26047182350961,32.846,14.268,2.4092,real,12
5.8,right,0.93,18.179490561901332,18.61156189113991,32.846,14.268,2.4092,real,14
5.8,right,0.88,12.077370970780018,20.127459808432974,32.846,14.268,2.4092,real,16
5.9,left,0.86,33.13818120133226,18.511729867689134,32.605,14.482,2.4202,real,4
5.9,left,0.94,28.151522343479492,21.715068350490863,32.605,14.482,2.4202,real,8
5.9,left,0.87,21.477160765833048,24.607589315123082,32.605,14.482,2.4202,real,15
5.9,left,0.92,15.012318587757523,26.7738048197707,32.605,14.482,2.4202,real,18
5.9,right,0.89,27.742050289081426,14.052698114286727,32.605,14.482,2.4202,real,9
5.9,right,0.95,23.40396790222945,16.721548466945087,32.605,14.482,2.4202,real,12
5.9,right,0.98,18.55910301469417,18.210054167816867,32.605,14.482,2.4202,real,14
5.9,right,0.91,12.170534162510258,20.258577787623466,32.605,14.482,2.4202,real,16
6.0,left,0.8,33.445628884592956,18.180897471628594,32.361,14.695,2.4312,real,4
6.0,left,0.92,27.792786294159725,21.831306715505796,32.361,14.695,2.4312,real,8
6.0,left,0.84,21.554639522810735,24.730759225740815,32.361,14.695,2.4312,real,15
6.0,left,0.8,14.81546082285968,26.692003333476002,32.361,14.695,2.4312,real,18
6.0,right,0.94,28.265125733505727,13.771710233420709,32.361,14.695,2.4312,real,9
6.0,right,0.78,23.19564256437608,16.396633355706616,32.361,14.695,2.4312,real,12
6.0,right,0.97,18.376938090739497,18.534103869130092,32.361,14.695,2.4312,real,14
6.0,right,0.99,12.168612157427262,20.385619493088658,32.361,14.695,2.4312,real,16
6.1,left,0.94,33.28979687248105,18.254893118766084,32.113,14.906,2.442,real,4
6.1,left,0.98,27.66150197225035,22.13553050404665,32.113,14.906,2.442,real,8
6.1,left,0.82,21.829818471824673,24.68427559739414,32.113,14.906,2.442,real,15
6.1,left,0.86,15.083571453643977,26.734909687057158,32.113,14.906,2.442,real,18
6.1,right,0.8,28.34842316283271,13.852593508153891,32.113,14.906,2.442,real,9
6.1,right,0.92,22.972175774850154,16.42844851634258,32.113,14.906,2.442,real,12
6.1,right,0.89,17.819815622560945,18.703478815284186,32.113,14.906,2.442,real,14
6.1,right,0.97,12.554722769555415,20.069599691791854,32.113,14.906,2.442,real,16
6.2,left,0.78,32.991134685669635,18.499405057354455,31.861,15.115,2.4527,real,4
6.2,left,0.93,28.044909028744183,21.819864927729704,31.861,15.115,2.4527,real,8
6.2,left,0.78,21.809069405259866,24.85634976882194,31.861,15.115,2.4527,real,15
6.2,left,0.94,14.752885728379303,26.753484955919657,31.861,15.115,2.4527,real,18
6.2,right,0.97,28.06105968420446,13.690758940210031,31.861,15.115,2.4527,real,9
6.2,right,0.99,23.388784412623966,16.82319438033924,31.861,15.115,2.4527,real,12
6.2,right,0.89,18.233828402799613,18.4397705575656,31.861,15.115,2.4527,real,14
6.2,right,0.91,12.584158168263052,19.98572212245746,31.861,15.115,2.4527,real,16
6.3,left,0.99,33.37629966086456,18.23595058501562,31.606,15.323,2.4634,real,4
6.3,left,0.83,27.77747340503932,21.820900592628263,31.606,15.323,2.4634,real,8
6.3,left,0.94,21.51159222798298,24.989136391146275,31.606,15.323,2.4634,real,15
6.3,left,0.84,15.191297062661565,26.55489531997752,31.606,15.323,2.4634,real,18
6.3,right,0.74,27.393747350288375,13.630081627780777,31.606,15.323,2.4634,real,9
6.3,right,0.88,23.45145706915071,16.578992670733328,31.606,15.323,2.4634,real,12
6.3,right,0.89,18.293602507776015,18.42560181283846,31.606,15.323,2.4634,real,14
6.3,right,0.9,12.210780851437121,20.243075525763786,31.606,15.323,2.4634,real,16
6.4,left,0.88,33.34597365820126,18.58776564338196,31.348,15.529,2.4739,real,4
6.4,left,0.9,27.896564055751142,21.786918497611406,31.348,15.529,2.4739,real,8
6.4,left,0.86,21.656300787672482,24.538670547682095,31.348,15.529,2.4739,real,15
6.4,left,0.91,14.71759816179583,26.627523311677795,31.348,15.529,2.4739,real,18
6.4,right,0.82,27.966882728810205,13.671643007264873,31.348,15.529,2.4739,real,9
6.4,right,0.84,23.558889164218858,16.80098442911728,31.348,15.529,2.4739,real,12
6.4,right,0.9,18.4960369627044,18.64599054987141,31.348,15.529,2.4739,real,14
6.4,right,0.99,12.667487956579027,20.52932946870544,31.348,15.529,2.4739,real,16
6.5,left,0.82,27.968430371626788,21.73156521280255,31.086,15.733,2.4843,real,8
6.5,left,0.88,21.8064724842076,24.576015949530554,31.086,15.733,2.4843,real,15
6.5,left,0.84,15.130078309897021,26.986320044293656,31.086,15.733,2.4843,real,18
6.5,right,0.86,27.923371151412407,13.751427703544099,31.086,15.733,2.4843,real,9
6.5,right,0.8,23.388755013162314,16.609436884551364,31.086,15.733,2.4843,real,12
6.5,right,0.8,18.045632918766103,18.609714686351676,31.086,15.733,2.4843,real,14
6.5,right,0.79,12.660385539339087,20.07912295581747,31.086,15.733,2.4843,real,16
6.6,left,0.89,27.852352519354465,21.71300035794156,30.821,15.936,2.4946,real,8
6.6,left,0.83,21.56345394164933,24.67437633531058,30.821,15.936,2.4946,real,15
6.6,left,0.81,14.484833270107064,26.85750491338712,30.821,15.936,2.4946,real,18
6.6,right,0.78,28.102976753753595,13.814677150251724,30.821,15.936,2.4946,real,9
6.6,right,0.86,23.85010084878918,16.320741502373018,30.821,15.936,2.4946,real,12
6.6,right,0.77,18.055522478684093,18.68558790599213,30.821,15.936,2.4946,real,14
6.6,right,0.81,12.5034204785264,20.155382238490716,30.821,15.936,2.4946,real,16
6.7,left,0.87,27.812551254176437,21.6495467322773,30.552,16.136,2.5048,real,8
6.7,left,0.91,21.9435782017677,24.756245190464067,30.552,16.136,2.5048,real,15
6.7,left,0.78,14.923594105314955,26.668195316788122,30.552,16.136,2.5048,real,18
6.7,right,0.9,28.167841157596364,14.094560161506454,30.552,16.136,2.5048,real,9
6.7,right,0.79,23.659662788015073,16.669975426670373,30.552,16.136,2.5048,real,12
6.7,right,0.88,18.149880509860232,18.437653351896245,30.552,16.136,2.5048,real,14
6.7,right,0.8,12.556301525190559,19.757359054794357,30.552,16.136,2.5048,real,16
6.8,left,0.75,28.01193346920243,21.996878749087976,30.28,16.336,2.5149,real,8
6.8,left,0.87,22.033496066370677,24.840396855311727,30.28,16.336,2.5149,real,15
6.8,left,0.87,14.628711805383558,26.78821487767353,30.28,16.336,2.5149,real,18
6.8,right,0.99,27.825379867966443,13.413130689302793,30.28,16.336,2.5149,real,9
6.8,right,0.78,23.535267889946233,16.513261850406707,30.28,16.336,2.5149,real,12
6.8,right,0.73,18.40834672581107,18.488369284634768,30.28,16.336,2.5149,real,14
6.8,right,0.82,12.626087273264162,20.133015332704677,30.28,16.336,2.5149,real,16
6.9,left,0.83,28.32081906025955,21.702739541223956,30.004,16.533,2.5249,real,8
6.9,left,0.84,21.658088407718616,24.729631057564028,30.004,16.533,2.5249,real,15
6.9,left,0.99,14.456558858566911,26.93598509821454,30.004,16.533,2.5249,real,18
6.9,right,0.78,27.897511327032124,14.068249410050173,30.004,16.533,2.5249,real,9
6.9,right,0.87,23.20925796141052,16.24576206896577,30.004,16.533,2.5249,real,12
6.9,right,0.91,18.068755136120306,18.762273881611065,30.004,16.533,2.5249,real,14
6.9,right,0.99,12.566572869060858,20.306941580521293,30.004,16.533,2.5249,real,16
6.9,right,0.93,6.226018426936399,21.227512254861825,30.004,16.533,2.5249,real,19
7.0,left,0.86,27.940115950932405,21.629359623949863,29.726,16.728,2.5348,real,8
7.0,left,0.84,21.546452135963168,24.2330648724665,29.726,16.728,2.5348,real,15
7.0,left,0.94,14.6353097293833,26.682274466595473,29.726,16.728,2.5348,real,18
7.0,right,0.78,23.677583038955067,16.535692263951763,29.726,16.728,2.5348,real,12
7.0,right,0.99,18.196429597069297,18.48284452982718,29.726,16.728,2.5348,real,14
7.0,right,0.84,12.43541413530361,20.32845739532652,29.726,16.728,2.5348,real,16
7.0,right,0.99,6.558636198544644,21.446131355845896,29.726,16.728,2.5348,real,19
7.1,left,0.74,27.759861574905027,21.703872307487796,29.444,16.922,2.5446,real,8
7.1,left,0.89,21.431185953547782,24.80619609452847,29.444,16.922,2.5446,real,15
7.1,left,0.74,14.9728354438124,26.719805692487466,29.444,16.922,2.5446,real,18
7.1,right,0.85,23.444905301408372,16.423152530997864,29.444,16.922,2.5446,real,12
7.1,right,0.85,17.974942447851664,18.631032142912822,29.444,16.922,2.5446,real,14
7.1,right,0.73,12.647529887508894,20.004436821768298,29.444,16.922,2.5446,real,16
7.1,right,0.94,6.306238085672804,21.024722705217847,29.444,16.922,2.5446,real,19
7.2,left,0.87,27.99572668146123,21.99026088169776,29.159,17.114,2.5544,real,8
7.2,left,0.87,21.967670999980065,24.54365660131559,29.159,17.114,2.5544,real,15
7.2,left,0.86,14.872195185668296,26.63023944618821,29.159,17.114,2.5544,real,18
7.2,right,0.82,23.658749290505366,16.57620065758336,29.159,17.114,2.5544,real,12
7.2,right,0.85,18.322406034652012,18.443437561596454,29.159,17.114,2.5544,real,14
7.2,right,0.99,12.117423078641632,19.942204560039077,29.159,17.114,2.5544,real,16
7.2,right,0.95,6.653132752162574,20.891586057619165,29.159,17.114,2.5544,real,19
7.3,left,0.94,27.96339165057486,21.85056148102636,28.87,17.304,2.564,real,8
7.3,left,0.88,21.984019569485433,24.66847374294799,28.87,17.304,2.564,real,15
7.3,left,0.98,14.722861540194508,26.854795328091384,28.87,17.304,2.564,real,18
7.3,right,0.82,23.536303846091524,16.394744624551528,28.87,17.304,2.564,real,12
7.3,right,0.8,18.435710686664244,18.218575598628792,28.87,17.304,2.564,real,14
7.3,right,0.94,12.693120623576686,20.35219678509279,28.87,17.304,2.564,real,16
7.3,right,0.99,6.345084718788631,21.0696681444666,28.87,17.304,2.564,real,19
7.4,left,0.8,28.317000941517826,21.4270446621804,28.579,17.492,2.5735,real,8
7.4,left,0.82,21.44268124277021,24.572693510893565,28.579,17.492,2.5735,real,15
7.4,left,0.89,14.958606022949011,27.10860942899904,28.579,17.492,2.5735,real,18
7.4,right,0.81,23.83065128686946,16.544982313517032,28.579,17.492,2.5735,real,12
7.4,right,0.78,18.45294497859297,18.533693670633298,28.579,17.492,2.5735,real,14
7.4,right,0.97,12.086728540204673,20.152081219891706,28.579,17.492,2.5735,real,16
7.4,right,0.84,6.29162465103393,21.28611821828202,28.579,17.492,2.5735,real,19
7.5,left,0.92,28.11617331659101,22.034060169962757,28.284,17.678,2.583,real,8
7.5,left,0.94,21.89481511506283,24.8327311274492,28.284,17.678,2.583,real,15
7.5,left,0.89,14.928390987785917,26.643055098150043,28.284,17.678,2.583,real,18
7.5,right,0.78,23.569456842812485,16.264885419006518,28.284,17.678,2.583,real,12
7.5,right,0.89,18.339305882405846,18.579673947437897,28.284,17.678,2.583,real,14
7.5,right,0.89,12.476128874048271,20.191043665617784,28.284,17.678,2.583,real,16
7.5,right,0.93,6.410282820925722,21.41964679918761,28.284,17.678,2.583,real,19
7.6,left,0.96,27.58523471753341,21.89709723027891,27.987,17.862,2.5924,real,8
7.6,left,0.92,21.779123308204973,24.695378006481718,27.987,17.862,2.5924,real,15
7.6,left,0.86,14.631950936200145,26.704666707701854,27.987,17.862,2.5924,real,18
7.6,right,0.98,23.99387473398509,16.457933188942427,27.987,17.862,2.5924,real,12
7.6,right,0.86,18.508937866886544,18.31166120673339,27.987,17.862,2.5924,real,14
7.6,right,0.85,12.254233292563535,19.924832210670296,27.987,17.862,2.5924,real,16
7.6,right,0.99,5.995436303941002,21.071545014823762,27.987,17.862,2.5924,real,19
7.7,left,0.99,27.453589048035706,21.731120712616697,27.686,18.044,2.6016,real,8
7.7,left,0.96,21.75330173937218,24.984759997892425,27.686,18.044,2.6016,real,15
7.7,left,0.81,14.920709205073026,26.798699704784433,27.686,18.044,2.6016,real,18
7.7,right,0.84,23.497357513015054,16.344718941368274,27.686,18.044,2.6016,real,12
7.7,right,0.99,18.157336703545017,18.51498384557397,27.686,18.044,2.6016,real,14
7.7,right,0.83,12.504690197301432,20.245392894166883,27.686,18.044,2.6016,real,16
7.7,right,0.82,6.3402928904489695,20.768061855623426,27.686,18.044,2.6016,real,19
7.8,left,0.78,27.72054192580881,21.857403826230946,27.382,18.224,2.6109,real,8
7.8,left,0.84,21.62551164748336,24.645813750595718,27.382,18.224,2.6109,real,15
7.8,left,0.77,14.690162424555867,26.828177413242035,27.382,18.224,2.6109,real,18
7.8,right,0.84,23.518542026462598,16.41801398490734,27.382,18.224,2.6109,real,12
7.8,right,0.96,18.139602330784943,18.689950988933457,27.382,18.224,2.6109,real,14
7.8,right,0.82,12.724150903216056,20.378067050003345,27.382,18.224,2.6109,real,16
7.8,right,0.99,6.351217099372641,21.303955127380895,27.382,18.224,2.6109,real,19
7.9,left,0.91,28.341541641107053,21.75591148829868,27.075,18.402,2.62,real,8
7.9,left,0.88,21.9874612766616,24.64162937509371,27.075,18.402,2.62,real,15
7.9,left,0.8,15.023360296896524,26.81104854704621,27.075,18.402,2.62,real,18
7.9,left,0.84,7.392408574251444,28.103062404038514,27.075,18.402,2.62,real,20
7.9,right,0.86,23.71913321138328,16.63861686039043,27.075,18.402,2.62,real,12
7.9,right,0.92,18.319313092694024,18.48345416644177,27.075,18.402,2.62,real,14
7.9,right,0.93,12.303086717008842,20.297302339941954,27.075,18.402,2.62,real,16
7.9,right,0.86,6.322389573140425,21.2718420637727,27.075,18.402,2.62,real,19
8.0,left,0.92,28.04195536638479,22.006211401746484,26.765,18.579,2.629,real,8
8.0,left,0.87,21.798342076058024,24.552589629908,26.765,18.579,2.629,real,15
8.0,left,0.9,14.902979169318046,26.956270845118198,26.765,18.579,2.629,real,18
8.0,left,0.94,7.877796144921781,27.971122791824993,26.765,18.579,2.629,real,20
8.0,right,0.87,23.43336802134795,16.53299966793184,26.765,18.579,2.629,real,12
8.0,right,0.79,17.924839058605553,18.638156827534928,26.765,18.579,2.629,real,14
8.0,right,0.93,12.593601968314408,20.1122572607158,26.765,18.579,2.629,real,16
8.0,right,0.92,6.267786453173427,21.309562179440206,26.765,18.579,2.629,real,19
8.1,left,0.76,28.026707825621983,21.81410768577731,26.452,18.753,2.638,real,8
8.1,left,0.84,21.93249892711402,25.03714831557805,26.452,18.753,2.638,real,15
8.1,left,0.91,15.16058514304304,26.746288655371554,26.452,18.753,2.638,real,18
8.1,left,0.78,7.545525250481396,27.919816598242566,26.452,18.753,2.638,real,20
8.1,right,0.94,23.443087114443152,16.54946846014632,26.452,18.753,2.638,real,12
8.1,right,0.92,18.18454963715832,18.810848923489637,26.452,18.753,2.638,real,14
8.1,right,0.82,12.715970116281209,20.061058115522513,26.452,18.753,2.638,real,16
8.1,right,0.99,6.225974909523837,21.06340646628001,26.452,18.753,2.638,real,19
8.2,left,0.89,21.552668741775573,24.530476956947233,26.137,18.925,2.6469,real,15
8.2,left,0.87,15.164650377308185,26.79016330138255,26.137,18.925,2.6469,real,18
8.2,left,0.97,7.439156262456183,28.09540760088631,26.137,18.925,2.6469,real,20
8.2,right,0.94,23.34858659920024,16.27288014859051,26.137,18.925,2.6469,real,12
8.2,right,0.8,18.29173961107879,18.5780281999588,26.137,18.925,2.6469,real,14
8.2,right,0.77,12.665298064756517,20.435986091251984,26.137,18.925,2.6469,real,16
8.2,right,0.91,6.303764905036298,21.257707368681316,26.137,18.925,2.6469,real,19
8.3,left,0.99,21.453559909001427,24.447716010782223,25.818,19.095,2.6557,real,15
8.3,left,0.86,15.060560072399893,27.06857581039241,25.818,19.095,2.6557,real,18
8.3,left,0.89,7.221178274981091,28.072778496257566,25.818,19.095,2.6557,real,20
8.3,right,0.96,23.37887931064946,16.32665116670927,25.818,19.095,2.6557,real,12
8.3,right,0.9,18.14713710454123,18.62599313536591,25.818,19.095,2.6557,real,14
8.3,right,0.92,12.200166418139851,20.082832747362612,25.818,19.095,2.6557,real,16
8.3,right,0.87,6.090478501277554,21.484245805153517,25.818,19.095,2.6557,real,19
8.4,left,0.89,21.787249168036436,24.69461944218717,25.497,19.263,2.6644,real,15
8.4,left,0.86,15.013386181314708,26.95869303576168,25.497,19.263,2.6644,real,18
8.4,left,0.81,7.398473482513542,28.216655113742064,25.497,19.263,2.6644,real,20
8.4,right,0.95,23.387743480555052,16.555267935120064,25.497,19.263,2.6644,real,12
8.4,right,0.98,18.339421091052813,18.55758086062656,25.497,19.263,2.6644,real,14
8.4,right,0.89,12.408502231714722,20.052586708089304,25.497,19.263,2.6644,real,16
8.4,right,0.86,6.311421851066655,20.969306857271384,25.497,19.263,2.6644,real,19
8.5,left,0.89,21.85868715792886,24.78798165558367,25.173,19.429,2.6731,real,15
8.5,left,0.87,14.818906476948378,26.51928548902655,25.173,19.429,2.6731,real,18
8.5,left,0.82,7.376869671876861,28.11568932012972,25.173,19.429,2.6731,real,20
8.5,right,0.8,23.41785207736128,16.69828841331476,25.173,19.429,2.6731,real,12
8.5,right,0.84,17.90347785428743,18.602430720995205,25.173,19.429,2.6731,real,14
8.5,right,0.85,12.380355672125809,19.71637971485187,25.173,19.429,2.6731,real,16
8.5,right,0.9,6.166129410247896,21.537599626391074,25.173,19.429,2.6731,real,19
8.6,left,0.86,21.463186201556226,24.96915387589554,24.846,19.592,2.6817,real,15
8.6,left,0.86,14.715556367338204,27.00011931636242,24.846,19.592,2.6817,real,18
8.6,left,0.84,7.382884267274236,28.21942562445054,24.846,19.592,2.6817,real,20
8.6,right,0.89,18.244588102471234,18.651311975644592,24.846,19.592,2.6817,real,14
8.6,right,0.76,12.33359065637124,20.11611202759684,24.846,19.592,2.6817,real,16
8.6,right,0.8,6.244792157925257,21.29178963873091,24.846,19.592,2.6817,real,19
8.7,left,0.8,21.874826550164055,24.73169382424047,24.516,19.754,2.6902,real,15
8.7,left,0.91,14.990050585590506,26.507865245480655,24.516,19.754,2.6902,real,18
8.7,left,0.93,7.6788789903262895,27.713937757646363,24.516,19.754,2.6902,real,20
8.7,right,0.88,18.261820000284157,18.539554640523345,24.516,19.754,2.6902,real,14
8.7,right,0.82,12.505187090296902,20.410056589106034,24.516,19.754,2.6902,real,16
8.7,right,0.83,6.806886655697861,21.243212731163688,24.516,19.754,2.6902,real,19
8.8,left,0.9,21.599057954876592,24.890484969676272,24.184,19.913,2.6986,real,15
8.8,left,0.92,15.052062320973953,26.761418739123968,24.184,19.913,2.6986,real,18
8.8,left,0.96,7.452237397262199,28.365925245477133,24.184,19.913,2.6986,real,20
8.8,right,0.93,18.22848291123187,18.48606580201092,24.184,19.913,2.6986,real,14
8.8,right,0.96,12.525676211749216,20.43795661564159,24.184,19.913,2.6986,real,16
8.8,right,0.86,6.183356934098484,21.083913410125493,24.184,19.913,2.6986,real,19
8.9,left,0.92,21.81594827344803,24.967237249425846,23.849,20.07,2.707,real,15
8.9,left,0.8,14.803009827923944,26.765097744372625,23.849,20.07,2.707,real,18
8.9,left,0.88,7.5017690918252375,28.18413006026005,23.849,20.07,2.707,real,20
8.9,right,0.78,18.02342854760762,18.590248921922697,23.849,20.07,2.707,real,14
8.9,right,0.87,12.639953272232534,20.11020515794567,23.849,20.07,2.707,real,16
8.9,right,0.87,6.513596070807248,20.91330754279119,23.849,20.07,2.707,real,19
9.0,left,0.96,21.9528981299378,24.57892691285794,23.511,20.225,2.7153,real,15
9.0,left,0.87,14.95894876436762,26.854570398081517,23.511,20.225,2.7153,real,18
9.0,left,0.91,7.397949314331171,28.065391737730163,23.511,20.225,2.7153,real,20
9.0,right,0.89,18.210191272014033,18.47308680885502,23.511,20.225,2.7153,real,14
9.0,right,0.84,12.523402574782903,19.88820952899073,23.511,20.225,2.7153,real,16
9.0,right,0.84,6.562259755712991,21.064393311675737,23.511,20.225,2.7153,real,19
9.0,right,0.88,-0.09807629223315484,21.346694088205222,23.511,20.225,2.7153,real,21
9.1,left,0.81,21.888610967491296,24.351666363611997,23.171,20.378,2.7236,real,15
9.1,left,0.79,14.766935704362288,26.7029797086463,23.171,20.378,2.7236,real,18
9.1,left,0.79,7.703053260747039,28.09307820256112,23.171,20.378,2.7236,real,20
9.1,right,0.89,18.448415163143096,18.6535587981351,23.171,20.378,2.7236,real,14
9.1,right,0.87,12.561415605708058,20.06474454450574,23.171,20.378,2.7236,real,16
9.1,right,0.86,6.444802351261252,20.78899539574833,23.171,20.378,2.7236,real,19
9.1,right,0.89,0.008188760809270335,21.354473500725767,23.171,20.378,2.7236,real,21
9.2,left,0.99,21.8272473209092,24.439928862806685,22.829,20.529,2.7318,real,15
9.2,left,0.99,14.647826415830288,26.57840623414263,22.829,20.529,2.7318,real,18
9.2,left,0.86,7.463747538991756,27.98079373100733,22.829,20.529,2.7318,real,20
9.2,right,0.99,18.288154716172514,18.958094175852136,22.829,20.529,2.7318,real,14
9.2,right,0.78,12.32008706235277,20.19314457135448,22.829,20.529,2.7318,real,16
9.2,right,0.88,6.201528938151853,21.104339106442882,22.829,20.529,2.7318,real,19
9.2,right,0.91,-0.03354580491359149,21.68455195392852,22.829,20.529,2.7318,real,21
9.3,left,0.72,21.982745542399947,24.732395230757575,22.483,20.677,2.7399,real,15
9.3,left,0.83,14.908284180819981,26.62934157778802,22.483,20.677,2.7399,real,18
9.3,left,0.84,7.08750177115062,28.14796809560151,22.483,20.677,2.7399,real,20
9.3,right,0.79,18.668354910063467,18.80220512113375,22.483,20.677,2.7399,real,14
9.3,right,0.86,12.353376744660133,20.164666412502825,22.483,20.677,2.7399,real,16
9.3,right,0.82,6.492530386913348,21.299449638888493,22.483,20.677,2.7399,real,19
9.3,right,0.94,0.226030683109129,21.62762864830502,22.483,20.677,2.7399,real,21
9.4,left,0.9,21.756384018699077,24.61016314762659,22.136,20.823,2.748,real,15
9.4,left,0.78,14.717232552899484,26.529497574330662,22.136,20.823,2.748,real,18
9.4,left,0.95,7.632848617509689,28.000931315955132,22.136,20.823,2.748,real,20
9.4,right,0.87,18.470905078696514,18.46099042808133,22.136,20.823,2.748,real,14
9.4,right,0.88,12.493547673277677,19.975135549225442,22.136,20.823,2.748,real,16
9.4,right,0.99,6.2945132943067605,20.77032217407315,22.136,20.823,2.748,real,19
9.4,right,0.82,-0.15254607434265477,21.586211564315363,22.136,20.823,2.748,real,21
9.5,left,0.86,21.78723427934194,24.897100695472634,21.786,20.967,2.756,real,15
9.5,left,0.8,14.829543904352498,26.83849134286415,21.786,20.967,2.756,real,18
9.5,left,0.88,7.499794887035845,28.065352518036615,21.786,20.967,2.756,real,20
9.5,right,0.91,18.30315723911528,18.65086565524517,21.786,20.967,2.756,real,14
9.5,right,0.87,12.513820745165408,20.617696598620892,21.786,20.967,2.756,real,16
9.5,right,0.86,6.595981352436857,21.23367299579059,21.786,20.967,2.756,real,19
9.5,right,0.91,0.13317709297700775,21.349923173887746,21.786,20.967,2.756,real,21
9.6,left,0.82,22.011420851567046,24.6847071893674,21.433,21.108,2.764,real,15
9.6,left,0.81,15.042591210918717,27.115219365765885,21.433,21.108,2.764,real,18
9.6,left,0.88,7.452737280336194,27.971818637549973,21.433,21.108,2.764,real,20
9.6,right,0.91,18.19396962188834,18.344503083108318,21.433,21.108,2.764,real,14
9.6,right,0.8,12.66972323079523,20.055752279016016,21.433,21.108,2.764,real,16
9.6,right,0.96,6.3791239661678265,21.0607945128894,21.433,21.108,2.764,real,19
9.6,right,0.89,0.008128049954109429,21.99875188696783,21.433,21.108,2.764,real,21
9.7,left,0.93,21.836451991329263,24.524373884201907,21.078,21.247,2.7719,real,15
9.7,left,0.89,14.813509400901182,26.919804820704,21.078,21.247,2.7719,real,18
9.7,left,0.96,7.796933719394983,28.279992567191897,21.078,21.247,2.7719,real,20
9.7,right,0.83,18.386276153326264,18.645860493312984,21.078,21.247,2.7719,real,14
9.7,right,0.85,12.444992933570278,20.12130066581946,21.078,21.247,2.7719,real,16
9.7,right,0.94,6.339015351729172,21.37099813723158,21.078,21.247,2.7719,real,19
9.7,right,0.79,0.1877585179217509,21.518596797583015,21.078,21.247,2.7719,real,21
9.8,left,0.86,21.69685125991507,24.594450796776393,20.721,21.384,2.7797,real,15
9.8,left,0.93,14.76351158848315,26.686681663709642,20.721,21.384,2.7797,real,18
9.8,left,0.78,7.349554262317467,28.42729815386312,20.721,21.384,2.7797,real,20
9.8,left,0.9,-0.16260681843259522,28.629005607528242,20.721,21.384,2.7797,real,22
9.8,right,0.84,18.180130067305097,18.906083539518132,20.721,21.384,2.7797,real,14
9.8,right,0.86,12.608839460093332,20.03467113912836,20.721,21.384,2.7797,real,16
9.8,right,0.96,6.47359482124112,20.998234951978965,20.721,21.384,2.7797,real,19
9.8,right,0.93,0.009706737140992239,21.627500266634353,20.721,21.384,2.7797,real,21
9.9,left,0.79,14.838648316968559,26.74860057610079,20.362,21.519,2.7875,real,18
9.9,left,0.79,7.599229580415443,28.27338821929695,20.362,21.519,2.7875,real,20
9.9,left,0.97,0.024498756815075018,28.519089155393072,20.362,21.519,2.7875,real,22
9.9,right,0.89,18.04435597848722,18.710375747888996,20.362,21.519,2.7875,real,14
9.9,right,0.9,12.810346625994951,20.20919798485489,20.362,21.519,2.7875,real,16
9.9,right,0.85,6.538048733725835,20.958539129218668,20.362,21.519,2.7875,real,19
9.9,right,0.87,0.09358223750392325,21.432493324340204,20.362,21.519,2.7875,real,21
10.0,left,0.9,14.851119710413636,26.853425277071167,20.0,21.651,2.7953,real,18
10.0,left,0.84,7.600995407897244,28.00029170262438,20.0,21.651,2.7953,real,20
10.0,left,0.94,0.11340033414741192,28.751257089015276,20.0,21.651,2.7953,real,22
10.0,right,0.92,18.504158269010052,18.76647533970864,20.0,21.651,2.7953,real,14
10.0,right,0.91,12.525929007849918,20.530266399048948,20.0,21.651,2.7953,real,16
10.0,right,0.86,6.625378020831808,21.321987972330614,20.0,21.651,2.7953,real,19
10.0,right,0.86,-0.37881213988552886,21.17348479892854,20.0,21.651,2.7953,real,21
10.1,left,0.87,14.792488258786396,27.218608279029294,19.636,21.78,2.803,real,18
10.1,left,0.88,7.546775270499805,28.162961651117836,19.636,21.78,2.803,real,20
10.1,left,0.9,0.1294968340034494,28.31003508680977,19.636,21.78,2.803,real,22
10.1,right,0.91,18.473889871921255,18.78707750681432,19.636,21.78,2.803,real,14
10.1,right,0.93,12.43298780477313,20.283590859619938,19.636,21.78,2.803,real,16
10.1,right,0.94,6.293375402741003,21.346259459331677,19.636,21.78,2.803,real,19
10.1,right,0.83,-0.14665120908285045,21.679286844092392,19.636,21.78,2.803,real,21
10.1,right,0.4,16.079075119386438,27.593543273570106,19.636,21.78,2.803,ghost,23
10.2,left,0.76,14.813286526305928,26.36423495940169,19.27,21.908,2.8106,real,18
10.2,left,0.88,7.250384006702687,28.178520901302495,19.27,21.908,2.8106,real,20
10.2,left,0.87,0.05204996520845866,28.788985500657297,19.27,21.908,2.8106,real,22
10.2,right,0.82,12.699366547528793,20.221811388584797,19.27,21.908,2.8106,real,16
10.2,right,0.89,6.11566542627188,21.15928114594258,19.27,21.908,2.8106,real,19
10.2,right,0.93,-0.18802429105502405,21.529988507168486,19.27,21.908,2.8106,real,21
10.3,left,0.81,14.931900529180664,26.55083069534484,18.902,22.033,2.8182,real,18
10.3,left,0.97,7.6812574116763255,28.184671379924264,18.902,22.033,2.8182,real,20
10.3,left,0.9,-0.08225564861615779,28.50226382735977,18.902,22.033,2.8182,real,22
10.3,right,0.98,12.58848311963756,19.901870111565575,18.902,22.033,2.8182,real,16
10.3,right,0.93,6.342527988400221,21.16944989152814,18.902,22.033,2.8182,real,19
10.3,right,0.85,0.04100090612583207,21.52543504762659,18.902,22.033,2.8182,real,21
10.4,left,0.86,14.554041961667362,26.51714016799836,18.532,22.155,2.8258,real,18
10.4,left,0.95,7.307011402961308,28.14746960746163,18.532,22.155,2.8258,real,20
10.4,left,0.83,-0.06541904991618899,28.585800780759307,18.532,22.155,2.8258,real,22
10.4,right,0.83,12.407982459766059,20.27076164806386,18.532,22.155,2.8258,real,16
10.4,right,0.96,6.559485174287556,21.345263161208706,18.532,22.155,2.8258,real,19
10.4,right,0.92,-0.02777112861829023,21.417646859837824,18.532,22.155,2.8258,real,21
10.5,left,0.97,14.609499374668534,26.84898593237024,18.16,22.275,2.8333,real,18
10.5,left,0.9,8.045935590572272,27.99879263442932,18.16,22.275,2.8333,real,20
10.5,left,0.88,-0.17492756959193634,28.47575479420187,18.16,22.275,2.8333,real,22
10.5,right,0.99,12.607307496283086,20.314430960367375,18.16,22.275,2.8333,real,16
10.5,right,0.88,6.074214901696042,21.009554798652275,18.16,22.275,2.8333,real,19
10.5,right,0.88,0.06168728066388218,21.375187956784,18.16,22.275,2.8333,real,21
10.6,left,0.78,14.624223508607173,26.84536925371857,17.785,22.393,2.8408,real,18
10.6,left,0.85,7.473522670361166,28.166265737894314,17.785,22.393,2.8408,real,20
10.6,left,0.9,0.1792865542007206,28.292029332390406,17.785,22.393,2.8408,real,22
10.6,right,0.95,12.468567925481478,19.953614832169656,17.785,22.393,2.8408,real,16
10.6,right,0.94,6.5086416624994,21.21818271876827,17.785,22.393,2.8408,real,19
10.6,right,0.92,0.006805143190699692,21.400725525210234,17.785,22.393,2.8408,real,21
10.7,left,0.79,15.121091427958575,26.791717587094105,17.409,22.508,2.8482,real,18
10.7,left,0.75,7.778103684545189,28.132620268156682,17.409,22.508,2.8482,real,20
10.7,left,0.8,0.11638054005626872,28.598301980491236,17.409,22.508,2.8482,real,22
10.7,right,0.82,12.5074401882706,20.197820696993574,17.409,22.508,2.8482,real,16
10.7,right,0.96,5.9539157778403355,21.15396807156229,17.409,22.508,2.8482,real,19
10.7,right,0.93,0.00939806819989264,21.328593956731584,17.409,22.508,2.8482,real,21
10.8,left,0.99,15.371225532899228,26.728059010820314,17.031,22.621,2.8556,real,18
10.8,left,0.98,7.518980085236614,27.825845160150756,17.031,22.621,2.8556,real,20
10.8,left,0.83,0.16957848816744775,28.524564821386353,17.031,22.621,2.8556,real,22
10.8,right,0.85,12.667235542351193,19.84010720124615,17.031,22.621,2.8556,real,16
10.8,right,0.88,6.2718567383605235,21.184930964222865,17.031,22.621,2.8556,real,19
10.8,right,0.93,-0.13241857347542663,21.2304911464939,17.031,22.621,2.8556,real,21
10.9,left,0.79,15.061173961041291,26.887743697396903,16.651,22.731,2.8629,real,18
10.9,left,0.92,7.364167759696244,27.92001136445612,16.651,22.731,2.8629,real,20
10.9,left,0.85,0.12991369222918991,28.56295466470616,16.651,22.731,2.8629,real,22
10.9,right,0.99,12.26530528588049,20.16655330050629,16.651,22.731,2.8629,real,16
10.9,right,0.79,6.517020029210292,21.164401789981547,16.651,22.731,2.8629,real,19
10.9,right,0.86,0.2528060039685267,21.456969125759763,16.651,22.731,2.8629,real,21
10.9,right,0.89,-6.173213648349202,21.413066642614268,16.651,22.731,2.8629,real,24
11.0,left,0.91,14.975539721130698,26.941915123054258,16.269,22.839,2.8702,real,18
11.0,left,0.87,7.695298650022873,28.129003134346938,16.269,22.839,2.8702,real,20
11.0,left,0.95,0.2289319998582937,28.2219388395959,16.269,22.839,2.8702,real,22
11.0,right,0.96,12.542315946984745,20.293869164659345,16.269,22.839,2.8702,real,16
11.0,right,0.77,6.382850983553292,21.099546745494486,16.269,22.839,2.8702,real,19
11.0,right,0.89,-0.06759238482274288,21.43397962571655,16.269,22.839,2.8702,real,21
11.0,right,0.8,-6.266779355267452,20.910662412672185,16.269,22.839,2.8702,real,24
11.0,left,0.33,10.391223564493215,20.687943474893988,16.269,22.839,2.8702,ghost,25
11.1,left,0.8,14.646537850720273,26.8841470252394,15.886,22.944,2.8775,real,18
11.1,left,0.93,7.461031545350027,27.74463824279156,15.886,22.944,2.8775,real,20
11.1,left,0.9,-0.07455959022915604,28.42527782243741,15.886,22.944,2.8775,real,22
11.1,right,0.85,12.859172555549835,20.14402756772084,15.886,22.944,2.8775,real,16
11.1,right,0.89,6.342034125342956,21.18532084126131,15.886,22.944,2.8775,real,19
11.1,right,0.9,-0.021361131170785752,21.33558996443168,15.886,22.944,2.8775,real,21
11.1,right,0.9,-6.4193310577851435,21.250732329900096,15.886,22.944,2.8775,real,24
11.2,left,0.78,14.905074012059133,26.83574150832393,15.501,23.047,2.8847,real,18
11.2,left,0.93,7.499299235897309,27.942699937880022,15.501,23.047,2.8847,real,20
11.2,left,0.8,0.04983855709087465,28.375639419697897,15.501,23.047,2.8847,real,22
11.2,right,0.93,12.247412807549278,20.07616941224838,15.501,23.047,2.8847,real,16
11.2,right,0.88,6.312637047687664,21.237154631861017,15.501,23.047,2.8847,real,19
11.2,right,0.96,0.23595622017349238,21.2164152846754,15.501,23.047,2.8847,real,21
11.2,right,0.91,-6.106239524563774,21.141354406472942,15.501,23.047,2.8847,real,24
11.3,left,0.9,14.949580921586316,26.65027095250333,15.114,23.147,2.8919,real,18
11.3,left,0.95,7.831322510239065,27.987712610776367,15.114,23.147,2.8919,real,20
11.3,left,0.9,-0.5723839125121701,28.76027869870002,15.114,23.147,2.8919,real,22
11.3,right,0.84,12.84000558088909,20.429648645858904,15.114,23.147,2.8919,real,16
11.3,right,0.97,6.017946486140187,20.90516805424703,15.114,23.147,2.8919,real,19
11.3,right,0.8,0.01321673799296863,21.684130602586716,15.114,23.147,2.8919,real,21
11.3,right,0.88,-6.497566822112405,21.20306674667821,15.114,23.147,2.8919,real,24
11.4,left,0.92,15.058295554372465,26.78048965408292,14.725,23.244,2.899,real,18
11.4,left,0.99,7.377828596512183,28.13103891613018,14.725,23.244,2.899,real,20
11.4,left,0.92,0.09095174177810261,28.382867635582052,14.725,23.244,2.899,real,22
11.4,right,0.92,12.353955753369814,20.198392477596318,14.725,23.244,2.899,real,16
11.4,right,0.83,6.449477995404683,20.982733860984357,14.725,23.244,2.899,real,19
11.4,right,0.78,0.05977463696175889,21.729537041951875,14.725,23.244,2.899,real,21
11.4,right,0.94,-6.283840254838754,21.355447340774738,14.725,23.244,2.899,real,24
11.4,right,0.33,6.121251926443696,19.285894255230644,14.725,23.244,2.899,ghost,26
11.5,left,0.85,14.934293887321221,26.463378273059384,14.335,23.34,2.9061,real,18
11.5,left,0.93,7.840178181628622,28.06067829317007,14.335,23.34,2.9061,real,20
11.5,left,0.9,-0.11731653220650617,28.472709698873533,14.335,23.34,2.9061,real,22
11.5,right,0.91,12.698564434532484,20.090118211369372,14.335,23.34,2.9061,real,16
11.5,right,0.7,6.503860235227309,21.0941923536073,14.335,23.34,2.9061,real,19
11.5,right,0.94,0.09180374719299156,21.43672059223445,14.335,23.34,2.9061,real,21
11.5,right,0.94,-6.350282579447968,21.08406812860264,14.335,23.34,2.9061,real,24
11.6,left,0.86,7.335270818366253,28.135205402933813,13.943,23.432,2.9132,real,20
11.6,left,0.92,-0.04934946363595388,28.65260978119287,13.943,23.432,2.9132,real,22
11.6,left,0.95,-7.595668902448253,28.21379327352289,13.943,23.432,2.9132,real,27
11.6,right,0.9,12.57282726504452,20.311181088819055,13.943,23.432,2.9132,real,16
11.6,right,0.92,6.377916847687677,21.331274673213976,13.943,23.432,2.9132,real,19
11.6,right,0.76,0.032404373018803945,21.63280648550201,13.943,23.432,2.9132,real,21
11.6,right,0.89,-6.417157200811861,21.173128875250086,13.943,23.432,2.9132,real,24
11.7,left,0.91,7.463851525166076,28.097428367079598,13.55,23.522,2.9203,real,20
11.7,left,0.81,0.19113243007268427,28.63790405003302,13.55,23.522,2.9203,real,22
11.7,left,0.89,-7.4200998964776606,28.106543088656448,13.55,23.522,2.9203,real,27
11.7,right,0.94,12.440299586675629,19.846951429889977,13.55,23.522,2.9203,real,16
11.7,right,0.99,6.4180523165009085,21.120844603147905,13.55,23.522,2.9203,real,19
11.7,right,0.9,0.1917761250111505,21.483294306262444,13.55,23.522,2.9203,real,21
11.7,right,0.76,-6.240094080415421,21.12325172468922,13.55,23.522,2.9203,real,24
11.8,left,0.9,7.643288890759096,27.77232771329263,13.155,23.609,2.9273,real,20
11.8,left,0.9,-0.080209437985718,28.403208499080304,13.155,23.609,2.9273,real,22
11.8,left,0.87,-7.693257802343867,28.060328633903385,13.155,23.609,2.9273,real,27
11.8,right,0.86,6.454334744783403,21.24179381178295,13.155,23.609,2.9273,real,19
11.8,right,0.87,-0.16051479575767247,21.59659876665748,13.155,23.609,2.9273,real,21
11.8,right,0.93,-6.339831999461028,21.074732983130936,13.155,23.609,2.9273,real,24
11.9,left,0.79,7.25162671725997,28.3560808949574,12.758,23.694,2.9343,real,20
11.9,left,0.89,-0.0406142702618113,29.04055980617918,12.758,23.694,2.9343,real,22
11.9,left,0.86,-7.350627640063324,28.22661783446182,12.758,23.694,2.9343,real,27
11.9,right,0.85,6.183298473223607,21.31828772074475,12.758,23.694,2.9343,real,19
11.9,right,0.92,-0.06123894372113836,21.56680421592573,12.758,23.694,2.9343,real,21
11.9,right,0.99,-6.541215356409982,21.410101660119455,12.758,23.694,2.9343,real,24
12.0,left,0.6,7.342965124690929,28.03305062104996,12.361,23.776,2.9412,real,20
12.0,left,0.85,-0.07661367728092222,28.529891039423866,12.361,23.776,2.9412,real,22
12.0,left,0.74,-7.470001704587112,27.88466357744984,12.361,23.776,2.9412,real,27
12.0,right,0.91,5.741232177265038,21.081776740304765,12.361,23.776,2.9412,real,19
12.0,right,0.82,-0.34433853947130055,21.519902351974707,12.361,23.776,2.9412,real,21
12.0,right,0.92,-6.459918658386899,21.498811853538697,12.361,23.776,2.9412,real,24
12.1,left,0.73,7.366888751665039,28.234761196437358,11.962,23.856,2.9482,real,20
12.1,left,0.97,-0.27885804993155644,28.504215915964522,11.962,23.856,2.9482,real,22
12.1,left,0.86,-7.459301628565099,28.157762435594815,11.962,23.856,2.9482,real,27
12.1,right,0.82,5.979772767665639,21.27154080304657,11.962,23.856,2.9482,real,19
12.1,right,0.88,0.00833121791685798,21.5778997721235,11.962,23.856,2.9482,real,21
12.1,right,0.88,-6.374763351826139,21.051856319814217,11.962,23.856,2.9482,real,24
12.2,left,0.92,7.5497431239990895,28.038935736800493,11.561,23.933,2.9551,real,20
12.2,left,0.91,0.1550706475035657,28.872460760635747,11.561,23.933,2.9551,real,22
12.2,left,0.89,-7.4682020871138235,27.809487189167907,11.561,23.933,2.9551,real,27
12.2,right,0.96,6.102021687042159,21.37481083993854,11.561,23.933,2.9551,real,19
12.2,right,0.86,0.25707546136937376,21.279897094919917,11.561,23.933,2.9551,real,21
12.2,right,0.93,-6.492326910695839,21.267105693103098,11.561,23.933,2.9551,real,24
12.3,left,0.99,7.422529062408503,27.8453539428587,11.16,24.007,2.962,real,20
12.3,left,0.85,-0.03808862960752213,28.955896447032885,11.16,24.007,2.962,real,22
12.3,left,0.86,-7.513941907226148,27.782425624422096,11.16,24.007,2.962,real,27
12.3,right,0.9,6.082222546484332,21.358439233740718,11.16,24.007,2.962,real,19
12.3,right,0.93,-0.24498563408148244,21.47351155787223,11.16,24.007,2.962,real,21
12.3,right,0.86,-6.286872966057764,21.251190916220295,11.16,24.007,2.962,real,24
12.4,left,0.99,8.059712331007438,28.434617548718055,10.757,24.079,2.9688,real,20
12.4,left,0.75,-0.04262047015532433,28.517925286665914,10.757,24.079,2.9688,real,22
12.4,left,0.87,-7.335015519523601,27.902572994113896,10.757,24.079,2.9688,real,27
12.4,right,0.95,6.748925702227021,21.273344029726445,10.757,24.079,2.9688,real,19
12.4,right,0.99,-0.23270522252290715,21.502131333953415,10.757,24.079,2.9688,real,21
12.4,right,0.97,-6.576342477683152,20.88462313567343,10.757,24.079,2.9688,real,24
12.5,left,0.83,7.382340085521876,27.945690570927653,10.353,24.148,2.9757,real,20
12.5,left,0.93,-0.00922315114565797,28.363009296058664,10.353,24.148,2.9757,real,22
12.5,left,0.88,-7.611253678736786,28.068307993766787,10.353,24.148,2.9757,real,27
12.5,right,0.99,6.5239025199518705,20.947369204627144,10.353,24.148,2.9757,real,19
12.5,right,0.88,0.1005411425560192,21.660872263751116,10.353,24.148,2.9757,real,21
12.5,right,0.74,-6.25465917432176,21.18276042290571,10.353,24.148,2.9757,real,24
12.5,right,0.79,-12.503086635674427,20.36738672930636,10.353,24.148,2.9757,real,28
12.6,left,0.86,7.222367613414778,27.963134748537964,9.948,24.215,2.9825,real,20
12.6,left,0.87,-0.1594833827455968,28.457832505240056,9.948,24.215,2.9825,real,22
12.6,left,0.87,-7.6609066689804335,27.92955447168788,9.948,24.215,2.9825,real,27
12.6,right,0.86,6.550580758233943,21.074568103639603,9.948,24.215,2.9825,real,19
12.6,right,0.86,0.22562263190762732,21.604272455347893,9.948,24.215,2.9825,real,21
12.6,right,0.87,-6.358587734409216,21.07365785690019,9.948,24.215,2.9825,real,24
12.6,right,0.92,-12.55322865720548,20.28203052183785,9.948,24.215,2.9825,real,28
12.7,left,0.77,7.495810965742479,28.17031484006019,9.541,24.278,2.9893,real,20
12.7,left,0.87,0.03800012009337117,28.635078640843496,9.541,24.278,2.9893,real,22
12.7,left,0.91,-7.716490246591419,27.865564409010954,9.541,24.278,2.9893,real,27
12.7,right,0.83,6.295728715466982,21.267478568456053,9.541,24.278,2.9893,real,19
12.7,right,0.98,-0.13321368908562714,21.593553036860616,9.541,24.278,2.9893,real,21
12.7,right,0.92,-6.231336864299606,21.227429096209082,9.541,24.278,2.9893,real,24
12.7,right,0.91,-12.499156524898574,20.22366881496208,9.541,24.278,2.9893,real,28
12.8,left,0.78,7.593881798640694,27.890007874652177,9.134,24.339,2.996,real,20
12.8,left,0.93,-0.04531359012425945,28.31478759671088,9.134,24.339,2.996,real,22
12.8,left,0.83,-7.750962261376494,27.74872527220178,9.134,24.339,2.996,real,27
12.8,right,0.96,6.198953090252118,21.209705568729685,9.134,24.339,2.996,real,19
12.8,right,0.99,-0.04172762335812763,21.363725797183964,9.134,24.339,2.996,real,21
12.8,right,0.85,-6.445268847429663,21.22730075690024,9.134,24.339,2.996,real,24
12.8,right,0.97,-12.38812591583087,20.000504170438656,9.134,24.339,2.996,real,28
12.9,left,0.77,7.573056690344531,27.883019616117057,8.726,24.398,3.0028,real,20
12.9,left,0.93,0.17759266039281574,28.364796308880756,8.726,24.398,3.0028,real,22
12.9,left,0.83,-7.424228091043446,27.8969905126009,8.726,24.398,3.0028,real,27
12.9,right,0.86,5.974601920504081,21.037331969958032,8.726,24.398,3.0028,real,19
12.9,right,0.81,0.16896722818884802,21.212208553255575,8.726,24.398,3.0028,real,21
12.9,right,0.97,-6.19696125064611,21.380537405084425,8.726,24.398,3.0028,real,24
12.9,right,0.99,-12.722813313594903,19.99202026348805,8.726,24.398,3.0028,real,28
13.0,left,0.69,7.5320890147494115,28.158520153434647,8.316,24.454,3.0095,real,20
13.0,left,0.97,-0.1715045588048823,29.096321333585855,8.316,24.454,3.0095,real,22
13.0,left,0.87,-7.286229873189766,28.27826711725853,8.316,24.454,3.0095,real,27
13.0,right,0.87,5.9385604302796855,21.1685080897485,8.316,24.454,3.0095,real,19
13.0,right,0.85,0.12095243134922251,21.366463061346316,8.316,24.454,3.0095,real,21
13.0,right,0.92,-6.4191175812362316,21.54036312023222,8.316,24.454,3.0095,real,24
13.0,right,0.81,-12.5092526012884,20.454024113506335,8.316,24.454,3.0095,real,28
13.1,left,0.95,7.562369976427274,27.921786582921314,7.906,24.507,3.0162,real,20
13.1,left,0.96,0.030778107251436815,28.92560126510344,7.906,24.507,3.0162,real,22
13.1,left,0.91,-7.4648032914563665,27.9362633575382,7.906,24.507,3.0162,real,27
13.1,right,0.82,6.502080657509958,21.18953357518387,7.906,24.507,3.0162,real,19
13.1,right,0.89,-0.06261762418983496,21.755990519927067,7.906,24.507,3.0162,real,21
13.1,right,0.94,-6.481790925951091,21.158105813687236,7.906,24.507,3.0162,real,24
13.1,right,0.86,-12.674555252709352,20.245433915779614,7.906,24.507,3.0162,real,28
13.2,left,0.88,7.604939046705705,27.944817351335434,7.495,24.557,3.0229,real,20
13.2,left,0.87,0.39892001505040503,28.42347977457502,7.495,24.557,3.0229,real,22
13.2,left,0.86,-7.6002580241598885,28.21321637544012,7.495,24.557,3.0229,real,27
13.2,right,0.85,6.136814927656375,21.224381013487598,7.495,24.557,3.0229,real,19
13.2,right,0.95,-0.056854182084959404,21.578289135796172,7.495,24.557,3.0229,real,21
13.2,right,0.83,-6.314927844969728,21.105003777996018,7.495,24.557,3.0229,real,24
13.2,right,0.9,-12.276972772942402,20.04856150468654,7.495,24.557,3.0229,real,28
13.3,left,0.76,-0.11245284844775039,28.529741431707972,7.083,24.605,3.0296,real,22
13.3,left,0.84,-7.749718237941754,28.338071479871505,7.083,24.605,3.0296,real,27
13.3,right,0.96,6.356629651308092,21.251167697015667,7.083,24.605,3.0296,real,19
13.3,right,0.89,-0.25953449994293104,21.26265350133356,7.083,24.605,3.0296,real,21
13.3,right,0.99,-6.322182201457535,21.05088039794296,7.083,24.605,3.0296,real,24
13.3,right,0.73,-12.541994776930919,20.32746659797563,7.083,24.605,3.0296,real,28
13.4,left,0.99,-0.10241672826307407,28.561536632231117,6.671,24.65,3.0363,real,22
13.4,left,0.89,-7.299238661574885,28.048066029175757,6.671,24.65,3.0363,real,27
13.4,left,0.95,-14.891593012640373,26.950932761128083,6.671,24.65,3.0363,real,29
13.4,right,0.82,-0.1935205592253827,21.191293956987376,6.671,24.65,3.0363,real,21
13.4,right,0.99,-6.271769999543527,20.966864143299077,6.671,24.65,3.0363,real,24
13.4,right,0.86,-12.45261672151007,20.475740126827215,6.671,24.65,3.0363,real,28
13.5,left,0.8,-0.1320980446719583,28.934177056131553,6.257,24.692,3.0429,real,22
13.5,left,0.86,-7.69584056189508,28.28529406733368,6.257,24.692,3.0429,real,27
13.5,left,0.89,-14.74761481117831,26.79889003842838,6.257,24.692,3.0429,real,29
13.5,right,0.99,-0.028921125004320147,21.80632544970428,6.257,24.692,3.0429,real,21
13.5,right,0.8,-6.346439532372796,21.321446936506916,6.257,24.692,3.0429,real,24
13.5,right,0.9,-12.621554181513522,20.209338065874455,6.257,24.692,3.0429,real,28
13.6,left,0.82,0.15463385250421058,28.603921948080036,5.843,24.732,3.0496,real,22
13.6,left,0.88,-7.4465533866053955,27.93937958223923,5.843,24.732,3.0496,real,27
13.6,left,0.76,-15.066014279065918,26.946125985082528,5.843,24.732,3.0496,real,29
13.6,right,0.78,0.06143518101384421,21.443205502944647,5.843,24.732,3.0496,real,21
13.6,right,0.82,-6.328440911069785,21.07464000290691,5.843,24.732,3.0496,real,24
13.6,right,0.87,-12.318123950273854,20.384953777242597,5.843,24.732,3.0496,real,28
13.6,right,0.33,3.8729348094131386,27.173298659492108,5.843,24.732,3.0496,ghost,30
13.7,left,0.74,-0.07337153854225464,28.599247701107608,5.429,24.769,3.0562,real,22
13.7,left,0.89,-7.53146744850968,27.967036978541827,5.429,24.769,3.0562,real,27
13.7,left,0.76,-14.50423556772744,26.637893737344545,5.429,24.769,3.0562,real,29
13.7,right,0.83,0.22694293128003262,21.637266573639984,5.429,24.769,3.0562,real,21
13.7,right,0.68,-6.047804872397057,21.497925265157768,5.429,24.769,3.0562,real,24
13.7,right,0.87,-12.488677454787426,20.015860024551948,5.429,24.769,3.0562,real,28
13.8,left,0.86,-0.023191442087147462,28.60720711300636,5.013,24.803,3.0628,real,22
13.8,left,0.76,-7.526191566928134,28.191487103100492,5.013,24.803,3.0628,real,27
13.8,left,0.82,-14.827802659535223,26.553122231554134,5.013,24.803,3.0628,real,29
13.8,right,0.96,0.3476714953829525,21.488931360999345,5.013,24.803,3.0628,real,21
13.8,right,0.91,-6.031561711989493,21.114887665748814,5.013,24.803,3.0628,real,24
13.8,right,0.92,-12.588930353793222,20.110910825632914,5.013,24.803,3.0628,real,28
13.9,left,0.82,0.28869980886080726,28.548432724256827,4.597,24.834,3.0694,real,22
13.9,left,0.88,-7.703581491117048,27.987454451928663,4.597,24.834,3.0694,real,27
13.9,left,0.82,-14.72744619110794,26.731814903243677,4.597,24.834,3.0694,real,29
13.9,right,0.93,-0.0013071363299637095,21.34959969579026,4.597,24.834,3.0694,real,21
13.9,right,0.81,-6.187499957456998,21.001903880692705,4.597,24.834,3.0694,real,24
13.9,right,0.94,-12.547696831321463,20.2306557197972,4.597,24.834,3.0694,real,28
14.0,left,0.92,0.14243977243606395,28.602752035675458,4.181,24.863,3.076,real,22
14.0,left,0.91,-7.894240414721603,27.971163111336672,4.181,24.863,3.076,real,27
14.0,left,0.93,-14.95620175090634,26.98291866473864,4.181,24.863,3.076,real,29
14.0,right,0.84,-0.1578673079367636,21.62042085923603,4.181,24.863,3.076,real,21
14.0,right,0.8,-6.6013767905381275,21.152759071587845,4.181,24.863,3.076,real,24
14.0,right,0.88,-12.40304812576511,20.280156803652705,4.181,24.863,3.076,real,28
14.0,right,0.99,-18.234526267409336,18.663909086399677,4.181,24.863,3.076,real,31
14.1,left,0.88,-0.00733938058648631,28.708997418381003,3.764,24.889,3.0826,real,22
14.1,left,0.81,-7.46614241763431,28.253965271685672,3.764,24.889,3.0826,real,27
14.1,left,0.87,-14.511264646459734,26.49227012753902,3.764,24.889,3.0826,real,29
14.1,right,0.94,-0.03654113235772219,21.44708656395064,3.764,24.889,3.0826,real,21
14.1,right,0.9,-6.497204143559843,21.168512595883396,3.764,24.889,3.0826,real,24
14.1,right,0.79,-12.376128294999475,20.3086289865386,3.764,24.889,3.0826,real,28
14.1,right,0.86,-18.26823302417781,18.343600014641677,3.764,24.889,3.0826,real,31
14.2,left,0.86,-0.07375739259925218,28.596195958547476,3.347,24.912,3.0892,real,22
14.2,left,0.85,-7.614614100426117,28.20456333474989,3.347,24.912,3.0892,real,27
14.2,left,0.84,-15.151780968219512,26.928523912538516,3.347,24.912,3.0892,real,29
14.2,right,0.8,-0.4306193645991182,21.905703784354284,3.347,24.912,3.0892,real,21
14.2,right,0.91,-6.656826685719899,21.262880018130616,3.347,24.912,3.0892,real,24
14.2,right,0.84,-12.858122330108873,20.350381617648537,3.347,24.912,3.0892,real,28
14.2,right,0.84,-18.323389098991527,18.636238349147636,3.347,24.912,3.0892,real,31
14.3,left,0.81,0.09617288258809117,28.55481955218933,2.93,24.933,3.0957,real,22
14.3,left,0.91,-7.763469291349078,27.718512253603322,2.93,24.933,3.0957,real,27
14.3,left,0.99,-14.879167872384121,26.558734816395713,2.93,24.933,3.0957,real,29
14.3,right,0.79,-0.16807335875191767,21.645667728416914,2.93,24.933,3.0957,real,21
14.3,right,0.82,-6.612515708950905,21.151796495237896,2.93,24.933,3.0957,real,24
14.3,right,0.86,-12.562134176610286,20.40295599867909,2.93,24.933,3.0957,real,28
14.3,right,0.84,-18.418165558921917,18.40050214168729,2.93,24.933,3.0957,real,31
14.4,left,0.83,0.11435137428166628,28.5709798435338,2.512,24.951,3.1023,real,22
14.4,left,0.9,-7.474035739985696,28.12472654772404,2.512,24.951,3.1023,real,27
14.4,left,0.85,-14.802904158258608,26.795597243389107,2.512,24.951,3.1023,real,29
14.4,right,0.89,-0.0656532173465208,21.4465518421436,2.512,24.951,3.1023,real,21
14.4,right,0.96,-6.450456325168218,21.195169117298782,2.512,24.951,3.1023,real,24
14.4,right,0.87,-12.577535522889683,19.93888670285174,2.512,24.951,3.1023,real,28
14.4,right,0.88,-18.29386559986327,18.74451680575656,2.512,24.951,3.1023,real,31
14.5,left,0.81,0.0053638160214696945,28.488340580259603,2.093,24.966,3.1088,real,22
14.5,left,0.79,-7.213160747303514,27.91970701752007,2.093,24.966,3.1088,real,27
14.5,left,0.77,-14.926610731272126,26.720961696438632,2.093,24.966,3.1088,real,29
14.5,right,0.91,0.016577667346352812,21.38815563551778,2.093,24.966,3.1088,real,21
14.5,right,0.86,-6.41938692593419,20.64076835034415,2.093,24.966,3.1088,real,24
14.5,right,0.91,-12.679835309032393,20.119748156337124,2.093,24.966,3.1088,real,28
14.5,right,0.9,-18.396085600758912,18.58934278443841,2.093,24.966,3.1088,real,31
14.6,left,0.95,0.14104316901033626,28.24529451391517,1.675,24.978,3.1154,real,22
14.6,left,0.86,-7.8937752284739275,27.975631169264112,1.675,24.978,3.1154,real,27
14.6,left,0.94,-14.780317777436915,26.899618287685836,1.675,24.978,3.1154,real,29
14.6,right,0.99,0.27294250561041566,21.748611701509713,1.675,24.978,3.1154,real,21
14.6,right,0.94,-6.522287361745315,21.103355124792657,1.675,24.978,3.1154,real,24
14.6,right,0.78,-12.622995266410882,20.23983438853263,1.675,24.978,3.1154,real,28
14.6,right,0.78,-18.48337331797385,18.54573460022055,1.675,24.978,3.1154,real,31
14.7,left,0.99,-0.2149360269410113,28.32345787031511,1.256,24.988,3.122,real,22
14.7,left,0.94,-7.7113141473193885,27.969254431155708,1.256,24.988,3.122,real,27
14.7,left,0.86,-14.602604064640879,26.9500688369565,1.256,24.988,3.122,real,29
14.7,right,0.93,0.1048325803940575,21.621906927603188,1.256,24.988,3.122,real,21
14.7,right,0.98,-6.608106139096283,21.129328255341203,1.256,24.988,3.122,real,24
14.7,right,0.99,-12.07788254613842,19.91825639250019,1.256,24.988,3.122,real,28
14.7,right,0.93,-18.39284683095934,18.501703505582,1.256,24.988,3.122,real,31
14.8,left,0.78,-0.038168361676272786,28.57777811230301,0.838,24.995,3.1285,real,22
14.8,left,0.7,-7.576419153432332,28.30244740099539,0.838,24.995,3.1285,real,27
14.8,left,0.82,-14.678934920406444,26.858311749512424,0.838,24.995,3.1285,real,29
14.8,right,0.97,0.27767939078565435,21.537039500675338,0.838,24.995,3.1285,real,21
14.8,right,0.94,-6.486659022137246,21.173568957913353,0.838,24.995,3.1285,real,24
14.8,right,0.93,-12.402805047759422,20.36095514833654,0.838,24.995,3.1285,real,28
14.8,right,0.88,-18.055896808576584,18.55781246297271,0.838,24.995,3.1285,real,31
14.9,left,0.96,-0.19484371361289765,28.210116611905885,0.419,24.999,3.135,real,22
14.9,left,0.92,-7.263182164107782,27.878708179219604,0.419,24.999,3.135,real,27
14.9,left,0.93,-14.907716065395256,26.306071402317023,0.419,24.999,3.135,real,29
14.9,right,0.82,-0.0393262736472391,21.61394800233665,0.419,24.999,3.135,real,21
14.9,right,0.9,-6.3576720331633085,20.975588492964924,0.419,24.999,3.135,real,24
14.9,right,0.82,-12.29870055078523,20.080735905773548,0.419,24.999,3.135,real,28
14.9,right,0.86,-18.406393112840586,18.478966706602314,0.419,24.999,3.135,real,31
15.0,left,0.88,0.06897426552318418,28.503000506807776,0.0,25.0,3.1416,real,22
15.0,left,0.84,-7.760021561504554,27.934942991777593,0.0,25.0,3.1416,real,27
15.0,left,0.88,-14.774013979819948,26.902891464084256,0.0,25.0,3.1416,real,29
15.0,left,0.86,-21.541000521013846,25.070841750975823,0.0,25.0,3.1416,real,32
15.0,right,0.96,-0.04597403778508841,21.465999662160492,0.0,25.0,3.1416,real,21
15.0,right,0.78,-6.104972560993136,21.264955150266477,0.0,25.0,3.1416,real,24
15.0,right,0.85,-12.527964898513968,20.221907964301863,0.0,25.0,3.1416,real,28
15.0,right,0.81,-18.25695406240432,18.746865876757592,0.0,25.0,3.1416,real,31
15.1,left,0.96,-7.838750954617473,28.122152377238915,-0.419,24.999,3.1481853071795864,real,27
15.1,left,0.9,-14.862410122531431,26.833820163491932,-0.419,24.999,3.1481853071795864,real,29
15.1,left,0.77,-21.83576322066503,24.740802110834352,-0.419,24.999,3.1481853071795864,real,32
15.1,right,0.94,-6.5308851526957366,21.017620229084216,-0.419,24.999,3.1481853071795864,real,24
15.1,right,0.93,-12.868659916147031,20.35582339639316,-0.419,24.999,3.1481853071795864,real,28
15.1,right,0.94,-18.30818000112688,18.89993114588119,-0.419,24.999,3.1481853071795864,real,31
15.2,left,0.8,-7.669152942628111,27.94081711489755,-0.838,24.995,3.1546853071795864,real,27
15.2,left,0.78,-14.908141193875755,26.97595956152579,-0.838,24.995,3.1546853071795864,real,29
15.2,left,0.94,-21.370896305706186,24.54713919671705,-0.838,24.995,3.1546853071795864,real,32
15.2,right,0.99,-6.2825901817147205,21.1853913910776,-0.838,24.995,3.1546853071795864,real,24
15.2,right,0.89,-12.351074855091776,20.4188753971233,-0.838,24.995,3.1546853071795864,real,28
15.2,right,0.78,-18.349720887570133,18.672189742223807,-0.838,24.995,3.1546853071795864,real,31
15.3,left,0.94,-7.419205275029693,28.25588138368671,-1.256,24.988,3.1611853071795863,real,27
15.3,left,0.73,-15.038541945172602,26.922351966307552,-1.256,24.988,3.1611853071795863,real,29
15.3,left,0.82,-22.07673072027754,24.412982370973527,-1.256,24.988,3.1611853071795863,real,32
15.3,right,0.96,-6.260288331386812,20.71713927921481,-1.256,24.988,3.1611853071795863,real,24
15.3,right,0.93,-12.445009562689396,20.080849808081553,-1.256,24.988,3.1611853071795863,real,28
15.3,right,0.85,-18.16312140956969,18.907598809118742,-1.256,24.988,3.1611853071795863,real,31
15.4,left,0.72,-7.823446182429952,28.160065766410643,-1.675,24.978,3.167785307179586,real,27
15.4,left,0.84,-14.799103152864948,26.871933851263112,-1.675,24.978,3.167785307179586,real,29
15.4,left,0.97,-21.649128048413903,24.835835638907056,-1.675,24.978,3.167785307179586,real,32
15.4,right,0.96,-6.59765965601275,21.196780235021453,-1.675,24.978,3.167785307179586,real,24
15.4,right,0.82,-12.43009246239757,20.25870904422296,-1.675,24.978,3.167785307179586,real,28
15.4,right,0.79,-18.372214331830254,18.50548553057451,-1.675,24.978,3.167785307179586,real,31
15.5,left,0.94,-7.591104473297091,28.325541069954426,-2.093,24.966,3.1743853071795862,real,27
15.5,left,0.95,-14.962397294765832,26.902094850329878,-2.093,24.966,3.1743853071795862,real,29
15.5,left,0.88,-21.482691660704138,24.730147709740766,-2.093,24.966,3.1743853071795862,real,32
15.5,right,0.92,-6.493876427323759,20.955553307744125,-2.093,24.966,3.1743853071795862,real,24
15.5,right,0.93,-12.76567190014258,20.11446915789388,-2.093,24.966,3.1743853071795862,real,28
15.5,right,0.86,-18.23630661424342,18.275115786495437,-2.093,24.966,3.1743853071795862,real,31
15.5,right,0.86,-23.320936274134468,16.47243799449923,-2.093,24.966,3.1743853071795862,real,33
15.6,left,0.87,-7.835561185008448,27.8391061804358,-2.512,24.951,3.180885307179586,real,27
15.6,left,0.79,-14.52016602992312,26.8067210452545,-2.512,24.951,3.180885307179586,real,29
15.6,left,0.9,-21.76293068610957,24.36732396091248,-2.512,24.951,3.180885307179586,real,32
15.6,right,0.74,-6.205932411874941,21.38914369513595,-2.512,24.951,3.180885307179586,real,24
15.6,right,0.94,-12.129962211381267,19.924302087807348,-2.512,24.951,3.180885307179586,real,28
15.6,right,0.88,-18.227563261177853,18.648788294263923,-2.512,24.951,3.180885307179586,real,31
15.6,right,0.91,-23.45017580113411,16.219755923649714,-2.512,24.951,3.180885307179586,real,33
15.7,left,0.82,-7.187063973421431,27.84476635844934,-2.93,24.933,3.1874853071795863,real,27
15.7,left,0.79,-14.708643430285615,27.03084530940426,-2.93,24.933,3.1874853071795863,real,29
15.7,left,0.7,-21.67685669516062,24.60861743093782,-2.93,24.933,3.1874853071795863,real,32
15.7,right,0.86,-6.302156244533021,21.066225858359847,-2.93,24.933,3.1874853071795863,real,24
15.7,right,0.95,-12.374618831176292,20.108634017428805,-2.93,24.933,3.1874853071795863,real,28
15.7,right,0.85,-18.107531843262056,18.492926619457954,-2.93,24.933,3.1874853071795863,real,31
15.7,right,0.85,-23.434865238981697,16.59052395680994,-2.93,24.933,3.1874853071795863,real,33
15.8,left,0.92,-7.5333216359989486,28.169237350879897,-3.347,24.912,3.1939853071795863,real,27
15.8,left,0.93,-14.987766709632892,26.378400495056724,-3.347,24.912,3.1939853071795863,real,29
15.8,left,0.79,-21.560746526914826,24.869111151821187,-3.347,24.912,3.1939853071795863,real,32
15.8,right,0.98,-6.362659342398183,21.370213906712245,-3.347,24.912,3.1939853071795863,real,24
15.8,right,0.89,-12.4259849095848,20.09093009680097,-3.347,24.912,3.1939853071795863,real,28
15.8,right,0.88,-18.321649363338366,18.803415184752698,-3.347,24.912,3.1939853071795863,real,31
15.8,right,0.89,-23.386605977659173,16.492999746990925,-3.347,24.912,3.1939853071795863,real,33
15.9,left,0.92,-7.680530813006069,28.14074405370011,-3.764,24.889,3.2005853071795864,real,27
15.9,left,0.99,-14.893909265270564,27.001472661798125,-3.764,24.889,3.2005853071795864,real,29
15.9,left,0.88,-21.74069471315649,24.65872149476874,-3.764,24.889,3.2005853071795864,real,32
15.9,right,0.96,-6.252623114780705,21.349116810884972,-3.764,24.889,3.2005853071795864,real,24
15.9,right,0.76,-12.363573863756061,20.540417890644854,-3.764,24.889,3.2005853071795864,real,28
15.9,right,0.99,-18.193252917861457,18.768626953168077,-3.764,24.889,3.2005853071795864,real,31
15.9,right,0.94,-23.253239371776385,16.6516153598608,-3.764,24.889,3.2005853071795864,real,33
16.0,left,0.79,-7.849239069181682,28.224792249876412,-4.181,24.863,3.207185307179586,real,27
16.0,left,0.89,-15.110567346561728,26.81681616765027,-4.181,24.863,3.207185307179586,real,29
16.0,left,0.71,-21.848305920352683,24.74573313907574,-4.181,24.863,3.207185307179586,real,32
16.0,right,0.99,-6.285219844912556,20.952668704025683,-4.181,24.863,3.207185307179586,real,24
16.0,right,0.98,-12.462770365227453,20.209158402175646,-4.181,24.863,3.207185307179586,real,28
16.0,right,0.74,-18.353310416481488,18.55951180227246,-4.181,24.863,3.207185307179586,real,31
16.0,right,0.77,-23.384953082410693,16.436143468138965,-4.181,24.863,3.207185307179586,real,33
16.1,left,0.78,-7.485122869514862,28.031007239682957,-4.597,24.834,3.2137853071795863,real,27
16.1,left,0.92,-15.162392940973252,26.870222483628105,-4.597,24.834,3.2137853071795863,real,29
16.1,left,0.91,-21.915983913329274,24.707452736726864,-4.597,24.834,3.2137853071795863,real,32
16.1,right,0.79,-6.630955697839824,21.044419915185202,-4.597,24.834,3.2137853071795863,real,24
16.1,right,0.93,-12.398290841559554,20.18919459983531,-4.597,24.834,3.2137853071795863,real,28
16.1,right,0.87,-18.044951865010983,18.46942156648631,-4.597,24.834,3.2137853071795863,real,31
16.1,right,0.8,-23.482202338519404,16.571288723840023,-4.597,24.834,3.2137853071795863,real,33
16.2,left,0.79,-7.3476345962993745,28.289053829441258,-5.013,24.803,3.220385307179586,real,27
16.2,left,0.95,-14.705592441086731,26.423111345244013,-5.013,24.803,3.220385307179586,real,29
16.2,left,0.87,-21.98222360300085,24.467291329634097,-5.013,24.803,3.220385307179586,real,32
16.2,right,0.81,-6.408704346197225,21.148805235348537,-5.013,24.803,3.220385307179586,real,24
16.2,right,0.79,-12.261982341710773,20.057701799721602,-5.013,24.803,3.220385307179586,real,28
16.2,right,0.93,-18.27607169745152,18.500494613389016,-5.013,24.803,3.220385307179586,real,31
16.2,right,0.92,-23.545134804344492,16.680112792017624,-5.013,24.803,3.220385307179586,real,33
16.3,left,0.82,-7.50572868780029,27.7959073255168,-5.429,24.769,3.226985307179586,real,27
16.3,left,0.96,-14.870903208884416,26.95567802706713,-5.429,24.769,3.226985307179586,real,29
16.3,left,0.87,-21.68678619168474,24.77541447309642,-5.429,24.769,3.226985307179586,real,32
16.3,right,0.71,-6.5790784130006905,21.144705083198964,-5.429,24.769,3.226985307179586,real,24
16.3,right,0.99,-12.392313971169859,20.312869555442674,-5.429,24.769,3.226985307179586,real,28
16.3,right,0.79,-18.393889735583798,18.70313624088424,-5.429,24.769,3.226985307179586,real,31
16.3,right,0.88,-23.60650389575893,16.564766390474436,-5.429,24.769,3.226985307179586,real,33
16.4,left,0.93,-7.622708697669288,28.163018209138546,-5.843,24.732,3.2335853071795864,real,27
16.4,left,0.77,-15.14987333763084,26.544707830097337,-5.843,24.732,3.2335853071795864,real,29
16.4,left,0.79,-22.296443573836612,24.872130519783177,-5.843,24.732,3.2335853071795864,real,32
16.4,right,0.91,-6.393529472367997,21.185430629459756,-5.843,24.732,3.2335853071795864,real,24
16.4,right,0.82,-12.703674451629702,20.014812271198497,-5.843,24.732,3.2335853071795864,real,28
16.4,right,0.95,-18.246258529623606,18.437986745539916,-5.843,24.732,3.2335853071795864,real,31
16.4,right,0.93,-23.6502160389222,16.30554653824327,-5.843,24.732,3.2335853071795864,real,33
16.5,left,0.84,-7.472606356698763,28.190246301442134,-6.257,24.692,3.2402853071795863,real,27
16.5,left,0.84,-14.689265186384214,26.916974792327505,-6.257,24.692,3.2402853071795863,real,29
16.5,left,0.88,-21.86835102611627,24.685743852743112,-6.257,24.692,3.2402853071795863,real,32
16.5,left,0.88,-27.951140457241483,21.703881056336915,-6.257,24.692,3.2402853071795863,real,34
16.5,right,0.85,-6.141460146684083,21.14010029107018,-6.257,24.692,3.2402853071795863,real,24
16.5,right,0.82,-12.480305270685534,20.57175225164097,-6.257,24.692,3.2402853071795863,real,28
16.5,right,0.96,-18.29654150649264,18.69352408411596,-6.257,24.692,3.2402853071795863,real,31
16.5,right,0.96,-23.549351870665426,16.240012258581178,-6.257,24.692,3.2402853071795863,real,33
16.6,left,0.87,-7.272072360331435,28.23468088086591,-6.671,24.65,3.246885307179586,real,27
16.6,left,0.89,-14.937081555400185,26.822280073902274,-6.671,24.65,3.246885307179586,real,29
16.6,left,0.88,-21.770556632926354,24.72548171334666,-6.671,24.65,3.246885307179586,real,32
16.6,left,0.75,-27.812170968622492,21.939087409104904,-6.671,24.65,3.246885307179586,real,34
16.6,right,0.85,-6.152352158623192,21.40755178659162,-6.671,24.65,3.246885307179586,real,24
16.6,right,0.89,-12.68684367763564,20.183006733131187,-6.671,24.65,3.246885307179586,real,28
16.6,right,0.99,-18.07592904286782,18.586783400937243,-6.671,24.65,3.246885307179586,real,31
16.6,right,0.8,-23.462033796555612,16.619820111421703,-6.671,24.65,3.246885307179586,real,33
16.7,left,0.88,-7.6301872916130495,28.325152425358024,-7.083,24.605,3.2535853071795864,real,27
16.7,left,0.85,-15.094622449200408,27.024790637941237,-7.083,24.605,3.2535853071795864,real,29
16.7,left,0.87,-21.700765115399882,24.88408606378372,-7.083,24.605,3.2535853071795864,real,32
16.7,left,0.78,-28.104483159776088,21.417699298269728,-7.083,24.605,3.2535853071795864,real,34
16.7,right,0.8,-12.090358510719195,20.26519692323165,-7.083,24.605,3.2535853071795864,real,28
16.7,right,0.85,-18.159573384968738,18.5310456004838,-7.083,24.605,3.2535853071795864,real,31
16.7,right,0.9,-23.47050730338078,16.50581526438361,-7.083,24.605,3.2535853071795864,real,33
16.7,right,0.83,-28.022479742524997,13.431835447717354,-7.083,24.605,3.2535853071795864,real,35
16.8,left,0.94,-14.9748210752943,26.281415750793077,-7.495,24.557,3.2602853071795863,real,29
16.8,left,0.75,-21.595246102544856,24.44756121497121,-7.495,24.557,3.2602853071795863,real,32
16.8,left,0.83,-27.907034438376016,21.765284382937317,-7.495,24.557,3.2602853071795863,real,34
16.8,right,0.84,-12.380905315115552,20.246109459551818,-7.495,24.557,3.2602853071795863,real,28
16.8,right,0.77,-18.132692125513135,18.830053497473905,-7.495,24.557,3.2602853071795863,real,31
16.8,right,0.95,-23.29100841109555,16.507897796859652,-7.495,24.557,3.2602853071795863,real,33
16.8,right,0.99,-27.86811523972003,14.049607724602286,-7.495,24.557,3.2602853071795863,real,35
16.9,left,0.84,-14.63266207718045,26.784617022113768,-7.906,24.507,3.2669853071795862,real,29
16.9,left,0.9,-21.743962245347202,24.645451783467742,-7.906,24.507,3.2669853071795862,real,32
16.9,left,0.91,-27.896627622565177,21.937713473367744,-7.906,24.507,3.2669853071795862,real,34
16.9,right,0.85,-12.641770800473,20.201923354295847,-7.906,24.507,3.2669853071795862,real,28
16.9,right,0.87,-18.248890400360587,18.291674733682168,-7.906,24.507,3.2669853071795862,real,31
16.9,right,0.89,-23.275895429519302,16.61682595339991,-7.906,24.507,3.2669853071795862,real,33
16.9,right,0.9,-28.103206636911413,13.50970646632084,-7.906,24.507,3.2669853071795862,real,35
17.0,left,0.96,-14.866944577520433,26.647289570999604,-8.316,24.454,3.273685307179586,real,29
17.0,left,0.93,-21.967523781352206,24.59520356643942,-8.316,24.454,3.273685307179586,real,32
17.0,left,0.99,-27.982927190920247,21.63412609022283,-8.316,24.454,3.273685307179586,real,34
17.0,right,0.99,-12.31497131920965,20.362658118888298,-8.316,24.454,3.273685307179586,real,28
17.0,right,0.83,-18.293106808325334,18.692737140585557,-8.316,24.454,3.273685307179586,real,31
17.0,right,0.99,-23.615689296798088,16.348282053917607,-8.316,24.454,3.273685307179586,real,33
17.0,right,0.99,-27.922354015303767,13.66165144991222,-8.316,24.454,3.273685307179586,real,35
17.1,left,0.92,-15.014330545437968,27.08587256976811,-8.726,24.398,3.280385307179586,real,29
17.1,left,0.99,-21.99194032428421,24.67535773385665,-8.726,24.398,3.280385307179586,real,32
17.1,left,0.84,-27.830219229253053,21.68387976673139,-8.726,24.398,3.280385307179586,real,34
17.1,right,0.9,-12.423403533845294,20.276843474471235,-8.726,24.398,3.280385307179586,real,28
17.1,right,0.81,-18.307138047353654,18.268531204292472,-8.726,24.398,3.280385307179586,real,31
17.1,right,0.91,-23.45030494614057,16.42324226994573,-8.726,24.398,3.280385307179586,real,33
17.1,right,0.99,-27.712793463087053,13.817480069955213,-8.726,24.398,3.280385307179586,real,35
17.2,left,0.93,-14.931969134648917,26.61794842277277,-9.134,24.339,3.2871853071795862,real,29
17.2,left,0.95,-21.889400125285626,24.47995262985645,-9.134,24.339,3.2871853071795862,real,32
17.2,left,0.78,-27.618985147835545,21.83977830429162,-9.134,24.339,3.2871853071795862,real,34
17.2,right,0.96,-12.317581948908161,20.25087769574024,-9.134,24.339,3.2871853071795862,real,28
17.2,right,0.99,-18.30300859743491,18.5697325993533,-9.134,24.339,3.2871853071795862,real,31
17.2,right,0.78,-23.529180598662673,16.632024877950766,-9.134,24.339,3.2871853071795862,real,33
17.2,right,0.77,-27.80261680360002,13.821302550446553,-9.134,24.339,3.2871853071795862,real,35
17.3,left,0.9,-14.989746227284348,26.609383612933442,-9.541,24.278,3.293885307179586,real,29
17.3,left,0.99,-22.11111216900547,24.703985984065817,-9.541,24.278,3.293885307179586,real,32
17.3,left,0.85,-27.854745332183956,21.78486384088024,-9.541,24.278,3.293885307179586,real,34
17.3,right,0.86,-12.192461625719591,20.328043639818734,-9.541,24.278,3.293885307179586,real,28
17.3,right,0.86,-18.507644282358434,18.568637486229406,-9.541,24.278,3.293885307179586,real,31
17.3,right,0.91,-23.328574109607747,16.559020457853634,-9.541,24.278,3.293885307179586,real,33
17.3,right,0.93,-27.898673640842375,13.943442075428623,-9.541,24.278,3.293885307179586,real,35
17.4,left,0.98,-14.73768641038584,26.848463326147755,-9.948,24.215,3.3006853071795863,real,29
17.4,left,0.9,-21.78544720090259,24.864890579900536,-9.948,24.215,3.3006853071795863,real,32
17.4,left,0.94,-27.786578673152405,22.02025333540473,-9.948,24.215,3.3006853071795863,real,34
17.4,right,0.82,-12.456174504445704,20.052077270084325,-9.948,24.215,3.3006853071795863,real,28
17.4,right,0.74,-18.485609350438313,18.614728169159257,-9.948,24.215,3.3006853071795863,real,31
17.4,right,0.78,-23.34367115507412,16.744483933146572,-9.948,24.215,3.3006853071795863,real,33
17.4,right,0.92,-28.042219923929597,13.74120148444371,-9.948,24.215,3.3006853071795863,real,35
17.5,left,0.84,-14.727681842307753,26.61040203431179,-10.353,24.148,3.3074853071795864,real,29
17.5,left,0.99,-21.446566931717083,24.482683031409152,-10.353,24.148,3.3074853071795864,real,32
17.5,left,0.98,-28.038792949800964,21.816487028393254,-10.353,24.148,3.3074853071795864,real,34
17.5,right,0.89,-12.815232466884698,20.208318124642688,-10.353,24.148,3.3074853071795864,real,28
17.5,right,0.95,-18.251494348664558,18.54680262585632,-10.353,24.148,3.3074853071795864,real,31
17.5,right,0.87,-23.462691680197096,16.219309688847027,-10.353,24.148,3.3074853071795864,real,33
17.5,right,0.74,-27.69029821528162,13.903398856256398,-10.353,24.148,3.3074853071795864,real,35
17.6,left,0.82,-14.65373864628694,26.94469239844995,-10.757,24.079,3.3143853071795863,real,29
17.6,left,0.9,-21.785025679878057,24.4209994209792,-10.757,24.079,3.3143853071795863,real,32
17.6,left,0.9,-27.782938556800577,21.621058328590465,-10.757,24.079,3.3143853071795863,real,34
17.6,right,0.89,-12.358527964051703,20.238451057418953,-10.757,24.079,3.3143853071795863,real,28
17.6,right,0.88,-18.29225162456486,18.612021679712583,-10.757,24.079,3.3143853071795863,real,31
17.6,right,0.89,-23.704150407862095,15.909283890109982,-10.757,24.079,3.3143853071795863,real,33
17.6,right,0.94,-27.831145329354918,14.033783712031505,-10.757,24.079,3.3143853071795863,real,35
17.7,left,0.93,-14.884458765057804,26.84840403803896,-11.16,24.007,3.321185307179586,real,29
17.7,left,0.74,-21.79336430116282,24.4791690785684,-11.16,24.007,3.321185307179586,real,32
17.7,left,0.86,-27.630634530356055,21.50868893701311,-11.16,24.007,3.321185307179586,real,34
17.7,right,0.99,-12.697576459252087,20.020223403305145,-11.16,24.007,3.321185307179586,real,28
17.7,right,0.85,-18.13916751986522,18.705045951759075,-11.16,24.007,3.321185307179586,real,31
17.7,right,0.91,-23.484705501825008,16.328963317795083,-11.16,24.007,3.321185307179586,real,33
17.7,right,0.99,-28.282518034950435,13.869377194687251,-11.16,24.007,3.321185307179586,real,35
17.8,left,0.83,-14.826161530915776,27.042512048059592,-11.561,23.933,3.3280853071795864,real,29
17.8,left,0.89,-21.98166766098657,24.68795794536429,-11.561,23.933,3.3280853071795864,real,32
17.8,left,0.86,-27.629210935711463,21.697982701301285,-11.561,23.933,3.3280853071795864,real,34
17.8,right,0.91,-12.244540156261879,20.18833207683545,-11.561,23.933,3.3280853071795864,real,28
17.8,right,0.92,-18.221541503995926,18.388914424041808,-11.561,23.933,3.3280853071795864,real,31
17.8,right,0.89,-23.729775241833252,16.42964081136015,-11.561,23.933,3.3280853071795864,real,33
17.8,right,0.86,-28.074996018377764,13.58668294971571,-11.561,23.933,3.3280853071795864,real,35
17.8,left,0.37,-15.417919227536531,19.106180853578724,-11.561,23.933,3.3280853071795864,ghost,36
17.9,left,0.84,-14.909254791076421,26.943119401072316,-11.962,23.856,3.3349853071795863,real,29
17.9,left,0.93,-21.722387180617336,24.73759179013916,-11.962,23.856,3.3349853071795863,real,32
17.9,left,0.88,-27.87104525690562,21.9020237939707,-11.962,23.856,3.3349853071795863,real,34
17.9,right,0.99,-12.055568402814702,20.176421905436076,-11.962,23.856,3.3349853071795863,real,28
17.9,right,0.88,-18.23709741645037,18.48690124750365,-11.962,23.856,3.3349853071795863,real,31
17.9,right,0.77,-23.556036868566736,16.274411901829858,-11.962,23.856,3.3349853071795863,real,33
17.9,right,0.9,-27.724959454541274,13.616642635668594,-11.962,23.856,3.3349853071795863,real,35
17.9,right,0.86,-31.620787450058128,10.542599007262005,-11.962,23.856,3.3349853071795863,real,37
17.9,right,0.36,-17.57744504881854,30.223474374011992,-11.962,23.856,3.3349853071795863,ghost,38
18.0,left,0.95,-14.657354728930788,26.465726558391616,-12.361,23.776,3.3419853071795864,real,29
18.0,left,0.92,-21.596854236183667,24.730669329123057,-12.361,23.776,3.3419853071795864,real,32
18.0,left,0.79,-28.023381971330664,22.03754896987686,-12.361,23.776,3.3419853071795864,real,34
18.0,left,0.94,-33.46902611218456,18.13242350567168,-12.361,23.776,3.3419853071795864,real,39
18.0,right,0.94,-12.074390803977662,20.084171703782065,-12.361,23.776,3.3419853071795864,real,28
18.0,right,0.79,-18.24316050307095,18.417908099321913,-12.361,23.776,3.3419853071795864,real,31
18.0,right,0.82,-23.37066475273537,16.463139271640923,-12.361,23.776,3.3419853071795864,real,33
18.0,right,0.89,-27.889908727794257,13.558437584049932,-12.361,23.776,3.3419853071795864,real,35
18.0,right,0.79,-31.538938972992575,10.704981036347146,-12.361,23.776,3.3419853071795864,real,37
18.1,left,0.94,-15.148081073486228,26.735201318913777,-12.758,23.694,3.3488853071795863,real,29
18.1,left,0.91,-21.91419059241846,24.690894595886476,-12.758,23.694,3.3488853071795863,real,32
18.1,left,0.94,-28.183729444951634,22.05410363402071,-12.758,23.694,3.3488853071795863,real,34
18.1,left,0.79,-33.17650652815923,18.210243335128844,-12.758,23.694,3.3488853071795863,real,39
18.1,right,0.87,-12.497083068718904,19.921946400835367,-12.758,23.694,3.3488853071795863,real,28
18.1,right,0.91,-18.41423036393373,18.855295620714763,-12.758,23.694,3.3488853071795863,real,31
18.1,right,0.84,-23.234851873115964,16.44250361450917,-12.758,23.694,3.3488853071795863,real,33
18.1,right,0.87,-28.10809966497252,14.075868670297197,-12.758,23.694,3.3488853071795863,real,35
18.1,right,0.9,-31.63195131215783,10.832178400152813,-12.758,23.694,3.3488853071795863,real,37
18.2,left,0.85,-14.76489212581949,26.971557857230774,-13.155,23.609,3.3558853071795864,real,29
18.2,left,0.99,-21.93678422373654,24.64315223624569,-13.155,23.609,3.3558853071795864,real,32
18.2,left,0.91,-28.032811212413097,21.79156952600791,-13.155,23.609,3.3558853071795864,real,34
18.2,left,0.99,-33.42983986638247,18.305111766585963,-13.155,23.609,3.3558853071795864,real,39
18.2,right,0.88,-12.687748913107194,19.98548341775597,-13.155,23.609,3.3558853071795864,real,28
18.2,right,0.83,-18.481851789473836,18.883116483346274,-13.155,23.609,3.3558853071795864,real,31
18.2,right,0.82,-23.32818453514266,16.341376150767417,-13.155,23.609,3.3558853071795864,real,33
18.2,right,0.82,-28.214405053451834,13.95470020995467,-13.155,23.609,3.3558853071795864,real,35
18.2,right,0.94,-31.520134254650984,10.955106496076201,-13.155,23.609,3.3558853071795864,real,37
18.3,left,0.87,-14.92819060639914,27.08744466405428,-13.55,23.522,3.362885307179586,real,29
18.3,left,0.82,-21.678072461054153,24.67405514965779,-13.55,23.522,3.362885307179586,real,32
18.3,left,0.84,-27.75623872319811,21.521065633383586,-13.55,23.522,3.362885307179586,real,34
18.3,left,0.8,-33.1378126313082,18.68879264662036,-13.55,23.522,3.362885307179586,real,39
18.3,right,0.97,-18.43610046680331,18.911106460966106,-13.55,23.522,3.362885307179586,real,31
18.3,right,0.84,-23.587058463280734,16.361340644557604,-13.55,23.522,3.362885307179586,real,33
18.3,right,0.79,-28.21047954396612,13.826734065485827,-13.55,23.522,3.362885307179586,real,35
18.3,right,0.91,-31.26994028440312,10.59131292168944,-13.55,23.522,3.362885307179586,real,37
18.4,left,0.87,-14.51558803280111,27.065721087906027,-13.943,23.432,3.3699853071795864,real,29
18.4,left,0.92,-21.851646624598825,24.343044218038624,-13.943,23.432,3.3699853071795864,real,32
18.4,left,0.99,-28.051946461541526,21.813533211537905,-13.943,23.432,3.3699853071795864,real,34
18.4,left,0.85,-33.350561265603325,18.43923696518118,-13.943,23.432,3.3699853071795864,real,39
18.4,right,0.85,-18.254502773420548,18.425820535099955,-13.943,23.432,3.3699853071795864,real,31
18.4,right,0.65,-23.72300841236502,16.30357265211537,-13.943,23.432,3.3699853071795864,real,33
18.4,right,0.94,-27.828162216625266,13.64713213078469,-13.943,23.432,3.3699853071795864,real,35
18.4,right,0.84,-31.912237209639702,10.46275441270002,-13.943,23.432,3.3699853071795864,real,37
18.5,left,0.89,-21.851013420810588,24.74821562915455,-14.335,23.34,3.3770853071795863,real,32
18.5,left,0.94,-27.8594671236568,21.875008866536568,-14.335,23.34,3.3770853071795863,real,34
18.5,left,0.81,-33.287224189898595,18.00888649006396,-14.335,23.34,3.3770853071795863,real,39
18.5,right,0.96,-17.886404818189884,18.631419766284356,-14.335,23.34,3.3770853071795863,real,31
18.5,right,0.99,-23.307007316265803,16.209836697741565,-14.335,23.34,3.3770853071795863,real,33
18.5,right,0.77,-27.7480582309061,13.931765633535576,-14.335,23.34,3.3770853071795863,real,35
18.5,right,0.83,-31.655829453631732,10.596953934078257,-14.335,23.34,3.3770853071795863,real,37
18.6,left,0.83,-21.396241573189513,24.85459395011526,-14.725,23.244,3.384185307179586,real,32
18.6,left,0.91,-27.944484877543577,21.701238653453903,-14.725,23.244,3.384185307179586,real,34
18.6,left,0.97,-33.22270454466733,18.286309350292854,-14.725,23.244,3.384185307179586,real,39
18.6,right,0.84,-18.26277375173296,18.611508782355948,-14.725,23.244,3.384185307179586,real,31
18.6,right,0.85,-23.35992178766392,16.271553462311314,-14.725,23.244,3.384185307179586,real,33
18.6,right,0.82,-27.772072981658766,13.861083416587899,-14.725,23.244,3.384185307179586,real,35
18.6,right,0.78,-31.718048052546386,11.052954192365217,-14.725,23.244,3.384185307179586,real,37
18.7,left,0.99,-21.537408222431576,24.59256556682787,-15.114,23.147,3.391285307179586,real,32
18.7,left,0.86,-27.826664750800507,21.81326091991188,-15.114,23.147,3.391285307179586,real,34
18.7,left,0.84,-33.06383842147482,18.323912851404558,-15.114,23.147,3.391285307179586,real,39
18.7,right,0.76,-18.43500009430229,18.44865738013454,-15.114,23.147,3.391285307179586,real,31
18.7,right,0.81,-23.481897016769786,16.681743275264676,-15.114,23.147,3.391285307179586,real,33
18.7,right,0.83,-27.863281813432824,13.579882500895529,-15.114,23.147,3.391285307179586,real,35
18.7,right,0.9,-31.5769475404605,10.732924147160787,-15.114,23.147,3.391285307179586,real,37
18.8,left,0.78,-21.865446076089878,24.5213256575615,-15.501,23.047,3.398485307179586,real,32
18.8,left,0.88,-28.080969465275214,21.965227263819575,-15.501,23.047,3.398485307179586,real,34
18.8,left,0.99,-33.489901907994586,17.873677455971958,-15.501,23.047,3.398485307179586,real,39
18.8,right,0.92,-18.320097845153466,18.621507446684483,-15.501,23.047,3.398485307179586,real,31
18.8,right,0.89,-23.43995573364703,16.468003278675923,-15.501,23.047,3.398485307179586,real,33
18.8,right,0.95,-27.96839829291107,13.779197412227743,-15.501,23.047,3.398485307179586,real,35
18.8,right,0.81,-31.70843501454716,10.938729964638608,-15.501,23.047,3.398485307179586,real,37
18.8,left,0.27,-32.687042561770554,22.677300033795984,-15.501,23.047,3.398485307179586,ghost,40
18.9,left,0.85,-21.941288358639454,24.6194554287493,-15.886,22.944,3.4056853071795863,real,32
18.9,left,0.95,-27.84376210834182,21.841396099995784,-15.886,22.944,3.4056853071795863,real,34
18.9,left,0.85,-33.042968125872186,18.351224071674533,-15.886,22.944,3.4056853071795863,real,39
18.9,right,0.89,-18.300224149989226,18.747306211598374,-15.886,22.944,3.4056853071795863,real,31
18.9,right,0.86,-23.277429468578543,16.5240065879295,-15.886,22.944,3.4056853071795863,real,33
18.9,right,0.68,-27.65294349858617,13.826321474131658,-15.886,22.944,3.4056853071795863,real,35
18.9,right,0.9,-31.615842998192257,11.027848219654881,-15.886,22.944,3.4056853071795863,real,37
18.9,right,0.87,-34.202605254719685,7.227870452850835,-15.886,22.944,3.4056853071795863,real,41
19.0,left,0.87,-21.74887682671984,24.824669399466814,-16.269,22.839,3.412985307179586,real,32
19.0,left,0.99,-27.910466723626666,21.941378407850515,-16.269,22.839,3.412985307179586,real,34
19.0,left,0.91,-33.093455717782284,18.365058359747753,-16.269,22.839,3.412985307179586,real,39
19.0,right,0.91,-18.17821381326567,18.76300299126268,-16.269,22.839,3.412985307179586,real,31
19.0,right,0.96,-23.520319915384285,16.21361514440472,-16.269,22.839,3.412985307179586,real,33
19.0,right,0.9,-28.010631209347544,13.803674795909348,-16.269,22.839,3.412985307179586,real,35
19.0,right,0.84,-31.455430896987913,10.941454134948216,-16.269,22.839,3.412985307179586,real,37
19.0,right,0.96,-34.36924134306688,7.275146771357285,-16.269,22.839,3.412985307179586,real,41
19.1,left,0.88,-21.810782523177757,24.40202403139792,-16.651,22.731,3.4202853071795865,real,32
19.1,left,0.84,-28.166620569248714,21.674292422145108,-16.651,22.731,3.4202853071795865,real,34
19.1,left,0.92,-33.00506271675494,18.314611695463572,-16.651,22.731,3.4202853071795865,real,39
19.1,right,0.89,-18.56265960217735,18.56849804019228,-16.651,22.731,3.4202853071795865,real,31
19.1,right,0.9,-23.17914991599024,16.665063990252076,-16.651,22.731,3.4202853071795865,real,33
19.1,right,0.98,-27.94382339344242,13.989055833825084,-16.651,22.731,3.4202853071795865,real,35
19.1,right,0.89,-31.940059482159516,10.855801595300052,-16.651,22.731,3.4202853071795865,real,37
19.1,right,0.9,-34.150919705242394,7.1173515054914525,-16.651,22.731,3.4202853071795865,real,41
19.2,left,0.82,-21.85739110040763,24.667553919618545,-17.031,22.621,3.4275853071795863,real,32
19.2,left,0.86,-28.246746334175484,22.111220471743778,-17.031,22.621,3.4275853071795863,real,34
19.2,left,0.93,-33.277378422112136,18.244991068847185,-17.031,22.621,3.4275853071795863,real,39
19.2,right,0.98,-18.18801370673596,18.459566198721273,-17.031,22.621,3.4275853071795863,real,31
19.2,right,0.91,-23.486588760696904,16.55023244121768,-17.031,22.621,3.4275853071795863,real,33
19.2,right,0.89,-28.28725309287469,13.681391042716182,-17.031,22.621,3.4275853071795863,real,35
19.2,right,0.78,-31.498360400852597,10.83384440452905,-17.031,22.621,3.4275853071795863,real,37
19.2,right,0.8,-34.14567482017499,7.444335979219005,-17.031,22.621,3.4275853071795863,real,41
19.3,left,0.84,-21.754422251494947,24.8065167948511,-17.409,22.508,3.4349853071795864,real,32
19.3,left,0.85,-27.927290163426647,21.912653850300345,-17.409,22.508,3.4349853071795864,real,34
19.3,left,0.85,-33.299028941069686,18.27572623144869,-17.409,22.508,3.4349853071795864,real,39
19.3,left,0.85,-37.77819943832993,14.308830637098684,-17.409,22.508,3.4349853071795864,real,42
19.3,right,0.82,-18.346459599527698,18.91327629723043,-17.409,22.508,3.4349853071795864,real,31
19.3,right,0.86,-23.39995022672454,16.681428076397818,-17.409,22.508,3.4349853071795864,real,33
19.3,right,0.95,-27.882404822918335,14.015160874285273,-17.409,22.508,3.4349853071795864,real,35
19.3,right,0.9,-31.91681196375477,10.470953766628053,-17.409,22.508,3.4349853071795864,real,37
19.3,right,0.86,-34.47600556431739,7.240800811296161,-17.409,22.508,3.4349853071795864,real,41
19.4,left,0.95,-21.928453304132056,24.537680562805836,-17.785,22.393,3.442385307179586,real,32
19.4,left,0.96,-27.950023595548583,22.037366337447374,-17.785,22.393,3.442385307179586,real,34
19.4,left,0.91,-33.420565302184535,18.422257288475738,-17.785,22.393,3.442385307179586,real,39
19.4,left,0.99,-37.731581431179436,14.38367635756129,-17.785,22.393,3.442385307179586,real,42
19.4,right,0.87,-18.331350491348616,18.615527546016633,-17.785,22.393,3.442385307179586,real,31
19.4,right,0.96,-23.22889833451986,16.457608612449228,-17.785,22.393,3.442385307179586,real,33
19.4,right,0.93,-27.888200230713537,13.578915186582904,-17.785,22.393,3.442385307179586,real,35
19.4,right,0.9,-31.890017613940724,10.740843370842377,-17.785,22.393,3.442385307179586,real,37
19.4,right,0.78,-34.23316914577408,7.510588442997356,-17.785,22.393,3.442385307179586,real,41
19.5,left,0.92,-21.79813708335452,24.607019631718536,-18.16,22.275,3.4498853071795863,real,32
19.5,left,0.99,-27.80613306925996,21.781799422010252,-18.16,22.275,3.4498853071795863,real,34
19.5,left,0.9,-33.88773775980476,18.304500414455177,-18.16,22.275,3.4498853071795863,real,39
19.5,left,0.85,-37.30658551848915,13.83120967910847,-18.16,22.275,3.4498853071795863,real,42
19.5,right,0.81,-18.392834880042457,18.55706079680751,-18.16,22.275,3.4498853071795863,real,31
19.5,right,0.84,-23.50115776092177,16.713093512747168,-18.16,22.275,3.4498853071795863,real,33
19.5,right,0.72,-27.903494975393482,13.79573802359651,-18.16,22.275,3.4498853071795863,real,35
19.5,right,0.81,-31.460148762828943,10.315449553322678,-18.16,22.275,3.4498853071795863,real,37
19.5,right,0.68,-34.378479631494194,7.407849350235001,-18.16,22.275,3.4498853071795863,real,41
19.6,left,0.86,-21.230404278811715,24.91756390841744,-18.532,22.155,3.457385307179586,real,32
19.6,left,0.99,-28.078467178615856,21.72804050823269,-18.532,22.155,3.457385307179586,real,34
19.6,left,0.86,-33.62361210288315,18.173094408940514,-18.532,22.155,3.457385307179586,real,39
19.6,left,0.85,-37.61139177562624,14.497871656282248,-18.532,22.155,3.457385307179586,real,42
19.6,right,0.94,-18.353109456002247,18.635521604943683,-18.532,22.155,3.457385307179586,real,31
19.6,right,0.93,-23.465662882669097,16.351786186932863,-18.532,22.155,3.457385307179586,real,33
19.6,right,0.89,-27.873286426467192,13.916486062480702,-18.532,22.155,3.457385307179586,real,35
19.6,right,0.97,-31.641334051742405,11.08208363980713,-18.532,22.155,3.457385307179586,real,37
19.6,right,0.89,-34.361240387919274,7.63490080125259,-18.532,22.155,3.457385307179586,real,41
19.7,left,0.79,-21.676700363084997,24.798602627836473,-18.902,22.033,3.464985307179586,real,32
19.7,left,0.84,-28.19540120948849,21.893461620054172,-18.902,22.033,3.464985307179586,real,34
19.7,left,0.87,-33.6064765497888,18.292223824296464,-18.902,22.033,3.464985307179586,real,39
19.7,left,0.81,-37.912874727636755,14.05718135298312,-18.902,22.033,3.464985307179586,real,42
19.7,right,0.95,-18.60644614056382,18.831991109638654,-18.902,22.033,3.464985307179586,real,31
19.7,right,0.83,-23.57504110883824,16.531810238220476,-18.902,22.033,3.464985307179586,real,33
19.7,right,0.89,-27.672003404956353,13.588271391154478,-18.902,22.033,3.464985307179586,real,35
19.7,right,0.96,-31.469252804761695,10.688231736998356,-18.902,22.033,3.464985307179586,real,37
19.7,right,0.95,-34.313082450236735,7.21548729671524,-18.902,22.033,3.464985307179586,real,41
19.7,right,0.87,-35.9361603236392,3.675177251412526,-18.902,22.033,3.464985307179586,real,43
19.8,left,0.83,-21.638221023061796,24.90716491476013,-19.27,21.908,3.4725853071795862,real,32
19.8,left,0.85,-27.938009168281763,21.684946063510893,-19.27,21.908,3.4725853071795862,real,34
19.8,left,0.93,-33.312036440989125,18.10728972559951,-19.27,21.908,3.4725853071795862,real,39
19.8,left,0.95,-37.817549889667525,14.140777710771111,-19.27,21.908,3.4725853071795862,real,42
19.8,right,0.84,-18.347680010605586,18.57164048142838,-19.27,21.908,3.4725853071795862,real,31
19.8,right,0.78,-23.549964053599826,16.257374132019244,-19.27,21.908,3.4725853071795862,real,33
19.8,right,0.97,-27.95245509427352,13.735771935639352,-19.27,21.908,3.4725853071795862,real,35
19.8,right,0.99,-31.641903360629133,10.880800571529793,-19.27,21.908,3.4725853071795862,real,37
19.8,right,0.99,-34.48543218390773,7.481173999215741,-19.27,21.908,3.4725853071795862,real,41
19.8,right,0.82,-36.112599768913874,3.5235551885790617,-19.27,21.908,3.4725853071795862,real,43
19.9,left,0.87,-21.8334073817323,24.68716937908826,-19.636,21.78,3.4801853071795863,real,32
19.9,left,0.72,-27.624326425562025,21.41804707672479,-19.636,21.78,3.4801853071795863,real,34
19.9,left,0.89,-33.00954876551601,18.52927617039446,-19.636,21.78,3.4801853071795863,real,39
19.9,left,0.9,-37.94207918176559,14.05696270946927,-19.636,21.78,3.4801853071795863,real,42
19.9,right,0.74,-23.61230860166518,16.398695427284988,-19.636,21.78,3.4801853071795863,real,33
19.9,right,0.99,-27.991068512604855,13.767876801391601,-19.636,21.78,3.4801853071795863,real,35
19.9,right,0.78,-31.412251240809912,10.579468775396277,-19.636,21.78,3.4801853071795863,real,37
19.9,right,0.94,-34.551919095094874,7.238931279008954,-19.636,21.78,3.4801853071795863,real,41
19.9,right,0.89,-36.0238286753427,3.5760549246155016,-19.636,21.78,3.4801853071795863,real,43
20.0,left,0.88,-21.73763416011866,24.463161539739268,-20.0,21.651,3.487885307179586,real,32
20.0,left,0.84,-28.159092157547843,21.774000669271892,-20.0,21.651,3.487885307179586,real,34
20.0,left,0.79,-33.32388878722399,18.353981257910927,-20.0,21.651,3.487885307179586,real,39
20.0,left,0.89,-37.51116131875494,14.195934992333006,-20.0,21.651,3.487885307179586,real,42
20.0,right,0.86,-23.293907508213078,16.201509993830847,-20.0,21.651,3.487885307179586,real,33
20.0,right,0.87,-27.9274732279974,13.84598845488461,-20.0,21.651,3.487885307179586,real,35
20.0,right,0.94,-31.4756512053207,10.700996556447041,-20.0,21.651,3.487885307179586,real,37
20.0,right,0.87,-34.09167332469313,7.403327035261793,-20.0,21.651,3.487885307179586,real,41
20.0,right,0.89,-36.17519448837815,3.8555480736469843,-20.0,21.651,3.487885307179586,real,43
20.1,left,0.92,-21.87029382517657,24.503147070258805,-20.362,21.519,3.495685307179586,real,32
20.1,left,0.91,-28.157773068981875,21.93468648875916,-20.362,21.519,3.495685307179586,real,34
20.1,left,0.92,-33.64382837208312,18.623002746111815,-20.362,21.519,3.495685307179586,real,39
20.1,left,0.82,-37.791503021161155,14.18554716826144,-20.362,21.519,3.495685307179586,real,42
20.1,right,0.91,-23.463189966849065,16.55791687335168,-20.362,21.519,3.495685307179586,real,33
20.1,right,0.84,-27.823167220233486,13.724350507449785,-20.362,21.519,3.495685307179586,real,35
20.1,right,0.87,-31.449664844207796,10.585149337835343,-20.362,21.519,3.495685307179586,real,37
20.1,right,0.99,-34.46979866148197,7.538969315946134,-20.362,21.519,3.495685307179586,real,41
20.1,right,0.86,-35.69373005973849,3.807062037842643,-20.362,21.519,3.495685307179586,real,43
20.2,left,0.96,-27.906610335995936,21.74323961255461,-20.721,21.384,3.503485307179586,real,34
20.2,left,0.92,-33.12086448659491,18.233850683843325,-20.721,21.384,3.503485307179586,real,39
20.2,left,0.84,-37.917696401754064,14.220612891522695,-20.721,21.384,3.503485307179586,real,42
20.2,right,0.92,-23.373355669558237,16.49636719851396,-20.721,21.384,3.503485307179586,real,33
20.2,right,0.84,-28.34923647251084,13.749781093035427,-20.721,21.384,3.503485307179586,real,35
20.2,right,0.92,-31.78504831945058,10.654888210813402,-20.721,21.384,3.503485307179586,real,37
20.2,right,0.92,-34.03610200254205,7.54016875059868,-20.721,21.384,3.503485307179586,real,41
20.2,right,0.8,-35.855638746395755,3.830703015783726,-20.721,21.384,3.503485307179586,real,43
20.3,left,0.98,-28.422786652576818,21.66645563308816,-21.078,21.247,3.511285307179586,real,34
20.3,left,0.85,-33.58268951206476,18.072200288702042,-21.078,21.247,3.511285307179586,real,39
20.3,left,0.93,-37.345387650428584,14.542131915489783,-21.078,21.247,3.511285307179586,real,42
20.3,right,0.8,-23.484542873757416,16.23481560626832,-21.078,21.247,3.511285307179586,real,33
20.3,right,0.82,-28.127442890069247,14.151446114667852,-21.078,21.247,3.511285307179586,real,35
20.3,right,0.94,-31.840970243077464,11.081211661330489,-21.078,21.247,3.511285307179586,real,37
20.3,right,0.86,-34.69992216134402,7.474515814847178,-21.078,21.247,3.511285307179586,real,41
20.3,right,0.91,-36.20066542067386,3.5372458635260777,-21.078,21.247,3.511285307179586,real,43
20.4,left,0.83,-27.89405218359175,21.956701762048528,-21.433,21.108,3.5191853071795864,real,34
20.4,left,0.99,-33.26163996713694,18.309856771383792,-21.433,21.108,3.5191853071795864,real,39
20.4,left,0.8,-37.4315927955563,14.11710380838235,-21.433,21.108,3.5191853071795864,real,42
20.4,right,0.81,-23.57346040279697,16.667000195444924,-21.433,21.108,3.5191853071795864,real,33
20.4,right,0.84,-27.63907120773232,13.678553979968909,-21.433,21.108,3.5191853071795864,real,35
20.4,right,0.9,-31.60892216939273,10.73346733570801,-21.433,21.108,3.5191853071795864,real,37
20.4,right,0.87,-34.31351203290222,7.381176377243672,-21.433,21.108,3.5191853071795864,real,41
20.4,right,0.67,-36.12589422477883,3.688875903207393,-21.433,21.108,3.5191853071795864,real,43
20.5,left,0.99,-28.24857652719731,21.53616133926888,-21.786,20.967,3.5271853071795864,real,34
20.5,left,0.88,-33.35345468920006,18.478680685019796,-21.786,20.967,3.5271853071795864,real,39
20.5,left,0.86,-37.537152116196985,14.265831668102706,-21.786,20.967,3.5271853071795864,real,42
20.5,left,0.81,-40.910973555216906,9.751443459540045,-21.786,20.967,3.5271853071795864,real,44
20.5,right,0.88,-23.28773895414507,16.29407734778294,-21.786,20.967,3.5271853071795864,real,33
20.5,right,0.86,-27.874458300591993,14.246642455795044,-21.786,20.967,3.5271853071795864,real,35
20.5,right,0.75,-31.736991443494396,10.928261718148969,-21.786,20.967,3.5271853071795864,real,37
20.5,right,0.94,-34.17676980287662,6.782220527194617,-21.786,20.967,3.5271853071795864,real,41
20.5,right,0.87,-35.78693031823281,3.8201367817903993,-21.786,20.967,3.5271853071795864,real,43
20.6,left,0.86,-27.764877068925724,21.955900676547657,-22.136,20.823,3.535185307179586,real,34
20.6,left,0.84,-33.213182363112494,18.174273722267742,-22.136,20.823,3.535185307179586,real,39
20.6,left,0.9,-38.03606313049225,14.297204841832617,-22.136,20.823,3.535185307179586,real,42
20.6,left,0.84,-40.849991841546256,9.801266318108574,-22.136,20.823,3.535185307179586,real,44
20.6,right,0.81,-23.41616495152168,16.385761816524212,-22.136,20.823,3.535185307179586,real,33
20.6,right,0.91,-27.980986938697594,13.905461587641561,-22.136,20.823,3.535185307179586,real,35
20.6,right,0.84,-31.237620508089545,10.939747037198545,-22.136,20.823,3.535185307179586,real,37
20.6,right,0.92,-34.10410982314051,7.323949060721063,-22.136,20.823,3.535185307179586,real,41
20.6,right,0.83,-36.15602158323082,3.676097894787464,-22.136,20.823,3.535185307179586,real,43
20.7,left,0.98,-27.852418539103226,21.577349127802442,-22.483,20.677,3.5432853071795862,real,34
20.7,left,0.84,-33.16711207218348,18.404902020373395,-22.483,20.677,3.5432853071795862,real,39
20.7,left,0.82,-37.757550608500026,14.072271867186998,-22.483,20.677,3.5432853071795862,real,42
20.7,left,0.96,-41.12237879240784,9.900642534087076,-22.483,20.677,3.5432853071795862,real,44
20.7,right,0.83,-23.069756634742983,16.671778201948726,-22.483,20.677,3.5432853071795862,real,33
20.7,right,0.73,-28.054654414123178,13.730689606015165,-22.483,20.677,3.5432853071795862,real,35
20.7,right,0.96,-31.427795541943826,10.941881987730099,-22.483,20.677,3.5432853071795862,real,37
20.7,right,0.98,-34.520602822417274,7.124830753354221,-22.483,20.677,3.5432853071795862,real,41
20.7,right,0.89,-35.789954750199904,3.7162199390437145,-22.483,20.677,3.5432853071795862,real,43
20.8,left,0.91,-27.755299322469067,21.84524883112609,-22.829,20.529,3.5513853071795864,real,34
20.8,left,0.88,-33.29466960046574,18.069651140263467,-22.829,20.529,3.5513853071795864,real,39
20.8,left,0.81,-37.799549047350546,14.043466697266002,-22.829,20.529,3.5513853071795864,real,42
20.8,left,0.89,-41.2137773496986,9.587210073209722,-22.829,20.529,3.5513853071795864,real,44
20.8,right,0.89,-23.754621044345242,16.543204761623443,-22.829,20.529,3.5513853071795864,real,33
20.8,right,0.88,-28.110922083159473,13.628220326120223,-22.829,20.529,3.5513853071795864,real,35
20.8,right,0.82,-31.88496965769218,10.813520003676686,-22.829,20.529,3.5513853071795864,real,37
20.8,right,0.94,-34.34334515543314,7.3895644093228565,-22.829,20.529,3.5513853071795864,real,41
20.8,right,0.91,-36.00093098160243,3.3343965670649443,-22.829,20.529,3.5513853071795864,real,43
20.9,left,0.9,-28.086035812656693,21.917388177264638,-23.171,20.378,3.5595853071795864,real,34
20.9,left,0.9,-33.33730285694347,18.41962025620588,-23.171,20.378,3.5595853071795864,real,39
20.9,left,0.85,-37.65444843464139,14.496408936258502,-23.171,20.378,3.5595853071795864,real,42
20.9,left,0.84,-40.66004384289764,9.815343967486019,-23.171,20.378,3.5595853071795864,real,44
20.9,right,0.91,-23.22764040446177,16.50233517127933,-23.171,20.378,3.5595853071795864,real,33
20.9,right,0.94,-27.95133354248171,13.881196461133811,-23.171,20.378,3.5595853071795864,real,35
20.9,right,0.8,-31.546592827072725,10.727247242049565,-23.171,20.378,3.5595853071795864,real,37
20.9,right,0.92,-34.40060289347784,7.335738353537213,-23.171,20.378,3.5595853071795864,real,41
20.9,right,0.8,-35.95539159063604,3.876814083306785,-23.171,20.378,3.5595853071795864,real,43
21.0,left,0.86,-27.954266776541264,21.90727267483146,-23.511,20.225,3.567885307179586,real,34
21.0,left,0.96,-33.39731039392684,18.560022283952673,-23.511,20.225,3.567885307179586,real,39
21.0,left,0.73,-37.72104089964508,14.399853595795731,-23.511,20.225,3.567885307179586,real,42
21.0,left,0.83,-41.01557660299083,9.697754968652728,-23.511,20.225,3.567885307179586,real,44
21.0,right,0.84,-23.610883474338557,17.03742642570339,-23.511,20.225,3.567885307179586,real,33
21.0,right,0.8,-27.876463855710412,13.774611381902178,-23.511,20.225,3.567885307179586,real,35
21.0,right,0.82,-31.591800149775974,10.913249254872607,-23.511,20.225,3.567885307179586,real,37
21.0,right,0.83,-34.301581267550695,7.104934759751227,-23.511,20.225,3.567885307179586,real,41
21.0,right,0.88,-35.48662889345559,3.895710223459451,-23.511,20.225,3.567885307179586,real,43
21.1,left,0.96,-28.095536798865595,21.50878080883794,-23.849,20.07,3.5761853071795864,real,34
21.1,left,0.91,-32.804749935057586,18.712027577335952,-23.849,20.07,3.5761853071795864,real,39
21.1,left,0.93,-37.49613204806758,14.43519628890174,-23.849,20.07,3.5761853071795864,real,42
21.1,left,0.99,-40.91118593841,9.800483360784494,-23.849,20.07,3.5761853071795864,real,44
21.1,right,0.88,-23.30881070198144,16.319832334107417,-23.849,20.07,3.5761853071795864,real,33
21.1,right,0.82,-28.003905874922168,13.870300477399145,-23.849,20.07,3.5761853071795864,real,35
21.1,right,0.92,-31.67715936973394,10.988855915577224,-23.849,20.07,3.5761853071795864,real,37
21.1,right,0.94,-34.35042430021703,7.416192957579477,-23.849,20.07,3.5761853071795864,real,41
21.1,right,0.91,-35.92408041782121,4.132359462481565,-23.849,20.07,3.5761853071795864,real,43
21.2,left,0.77,-27.85034313982742,22.176974598143808,-24.184,19.913,3.5845853071795863,real,34
21.2,left,0.9,-33.195913159225036,18.419969119345907,-24.184,19.913,3.5845853071795863,real,39
21.2,left,0.75,-37.514399954942355,14.341154610788898,-24.184,19.913,3.5845853071795863,real,42
21.2,left,0.85,-40.679077461483836,9.535782379671897,-24.184,19.913,3.5845853071795863,real,44
21.2,right,0.98,-23.61636990577601,16.31832879443317,-24.184,19.913,3.5845853071795863,real,33
21.2,right,0.77,-28.2190636242623,14.093666228153332,-24.184,19.913,3.5845853071795863,real,35
21.2,right,0.9,-31.95523632312407,10.595506774343376,-24.184,19.913,3.5845853071795863,real,37
21.2,right,0.93,-34.53696523812945,7.267631054094022,-24.184,19.913,3.5845853071795863,real,41
21.2,right,0.94,-35.84697197064431,3.9841590562286964,-24.184,19.913,3.5845853071795863,real,43
21.3,left,0.87,-28.085994353462944,22.084079894819638,-24.516,19.754,3.5929853071795863,real,34
21.3,left,0.92,-33.43917998777967,18.464369469309734,-24.516,19.754,3.5929853071795863,real,39
21.3,left,0.93,-37.599695385083756,14.067038502826133,-24.516,19.754,3.5929853071795863,real,42
21.3,left,0.91,-40.855290423148475,9.790555140514481,-24.516,19.754,3.5929853071795863,real,44
21.3,right,0.94,-23.65607046923484,16.71470317308131,-24.516,19.754,3.5929853071795863,real,33
21.3,right,0.89,-27.780647247646183,13.680588409432785,-24.516,19.754,3.5929853071795863,real,35
21.3,right,0.98,-31.504824634300963,10.801681013782634,-24.516,19.754,3.5929853071795863,real,37
21.3,right,0.86,-34.31232369404908,7.689257355359267,-24.516,19.754,3.5929853071795863,real,41
21.3,right,0.95,-36.024903281069385,3.377315315150316,-24.516,19.754,3.5929853071795863,real,43
21.4,left,0.96,-27.53298468327767,21.826545661164968,-24.846,19.592,3.601485307179586,real,34
21.4,left,0.87,-33.04446815863795,18.376839166283034,-24.846,19.592,3.601485307179586,real,39
21.4,left,0.84,-37.55890711702095,14.027166432497907,-24.846,19.592,3.601485307179586,real,42
21.4,left,0.86,-40.83940398944083,9.815522422132911,-24.846,19.592,3.601485307179586,real,44
21.4,right,0.87,-23.58855418670498,16.69959978104225,-24.846,19.592,3.601485307179586,real,33
21.4,right,0.82,-27.78321660118632,13.6644379684633,-24.846,19.592,3.601485307179586,real,35
21.4,right,0.92,-31.947428403246963,10.6398950166144,-24.846,19.592,3.601485307179586,real,37
21.4,right,0.85,-34.206619537273085,7.225381226931048,-24.846,19.592,3.601485307179586,real,41
21.4,right,0.93,-35.936939872282366,3.6420696945279065,-24.846,19.592,3.601485307179586,real,43
21.4,left,0.41,-32.14423917487777,16.228160089082785,-24.846,19.592,3.601485307179586,ghost,45
21.5,left,0.99,-27.85905323628277,21.932933507874132,-25.173,19.429,3.6100853071795864,real,34
21.5,left,0.86,-33.2669847489845,18.458674341673714,-25.173,19.429,3.6100853071795864,real,39
21.5,left,0.86,-37.38618822292349,14.00141108488834,-25.173,19.429,3.6100853071795864,real,42
21.5,left,0.91,-40.69216626970215,9.414369537854181,-25.173,19.429,3.6100853071795864,real,44
21.5,right,0.94,-28.08702579233046,13.695399501043621,-25.173,19.429,3.6100853071795864,real,35
21.5,right,0.74,-31.741105041681745,10.803866890219322,-25.173,19.429,3.6100853071795864,real,37
21.5,right,0.82,-34.22070290140813,7.6179408938973285,-25.173,19.429,3.6100853071795864,real,41
21.5,right,0.92,-36.02219589023205,3.760894353963142,-25.173,19.429,3.6100853071795864,real,43
21.6,left,0.99,-28.015616102172945,21.88065580813734,-25.497,19.263,3.618785307179586,real,34
21.6,left,0.87,-33.22973289779883,18.448460294829275,-25.497,19.263,3.618785307179586,real,39
21.6,left,0.93,-37.87299699501301,14.443460978534471,-25.497,19.263,3.618785307179586,real,42
21.6,left,0.79,-41.04297780070711,9.875198541728665,-25.497,19.263,3.618785307179586,real,44
21.6,left,0.97,-42.42035634817785,5.075388822899445,-25.497,19.263,3.618785307179586,real,46
21.6,right,0.95,-28.23206070591641,13.690280741419679,-25.497,19.263,3.618785307179586,real,35
21.6,right,0.81,-31.58638891876129,10.349471372342649,-25.497,19.263,3.618785307179586,real,37
21.6,right,0.95,-34.62030285664479,7.292536433958086,-25.497,19.263,3.618785307179586,real,41
21.6,right,0.75,-36.00013646528352,3.6645005724386532,-25.497,19.263,3.618785307179586,real,43
21.7,left,0.95,-28.065841805516186,21.931571912956507,-25.818,19.095,3.6274853071795863,real,34
21.7,left,0.87,-33.164891238521264,18.413092286786902,-25.818,19.095,3.6274853071795863,real,39
21.7,left,0.87,-37.62863224494326,14.346908175413347,-25.818,19.095,3.6274853071795863,real,42
21.7,left,0.84,-40.73102558762081,9.610949819672662,-25.818,19.095,3.6274853071795863,real,44
21.7,left,0.92,-42.77380696573488,4.979979484933904,-25.818,19.095,3.6274853071795863,real,46
21.7,right,0.91,-27.898887974947858,13.844532379328731,-25.818,19.095,3.6274853071795863,real,35
21.7,right,0.96,-32.06036074937582,11.03042411067685,-25.818,19.095,3.6274853071795863,real,37
21.7,right,0.87,-34.19838394380096,7.483438091519165,-25.818,19.095,3.6274853071795863,real,41
21.7,right,0.78,-35.9202228579807,3.9085837233502554,-25.818,19.095,3.6274853071795863,real,43
21.7,right,0.95,-36.584116184723825,0.3326644498338691,-25.818,19.095,3.6274853071795863,real,47
21.8,left,0.92,-28.02593937885768,21.61579133769246,-26.137,18.925,3.636285307179586,real,34
21.8,left,0.79,-33.18428922539243,18.199209001386937,-26.137,18.925,3.636285307179586,real,39
21.8,left,0.81,-37.66302447593403,14.567489497411435,-26.137,18.925,3.636285307179586,real,42
21.8,left,0.93,-40.662380459866064,9.604525092778747,-26.137,18.925,3.636285307179586,real,44
21.8,left,0.95,-42.809621909026504,4.793303297952889,-26.137,18.925,3.636285307179586,real,46
21.8,right,0.88,-28.126426145125762,14.103466570364773,-26.137,18.925,3.636285307179586,real,35
21.8,right,0.9,-31.445775599966538,11.001713647153734,-26.137,18.925,3.636285307179586,real,37
21.8,right,0.92,-34.232167607238715,7.53753920267064,-26.137,18.925,3.636285307179586,real,41
21.8,right,0.99,-36.30479010353502,3.651681126537847,-26.137,18.925,3.636285307179586,real,43
21.8,right,0.98,-36.52158702790754,0.40332398890925525,-26.137,18.925,3.636285307179586,real,47
21.9,left,0.87,-33.11071420101674,18.164624958739758,-26.452,18.753,3.6451853071795863,real,39
21.9,left,0.96,-37.594201553154676,14.450971344949261,-26.452,18.753,3.6451853071795863,real,42
21.9,left,0.94,-40.45174323436606,9.574614555281428,-26.452,18.753,3.6451853071795863,real,44
21.9,left,0.7,-42.846172576256144,4.947713094617302,-26.452,18.753,3.6451853071795863,real,46
21.9,right,0.92,-27.745314661579886,13.810259243482164,-26.452,18.753,3.6451853071795863,real,35
21.9,right,0.8,-31.75634984720922,10.627508587266147,-26.452,18.753,3.6451853071795863,real,37
21.9,right,0.81,-34.20093895310121,7.457235081185923,-26.452,18.753,3.6451853071795863,real,41
21.9,right,0.9,-35.82182934149776,3.7452010903927775,-26.452,18.753,3.6451853071795863,real,43
21.9,right,0.83,-36.7332300365583,0.2436840230285231,-26.452,18.753,3.6451853071795863,real,47
22.0,left,0.91,-33.17385998824712,18.318349561586516,-26.765,18.579,3.6541853071795862,real,39
22.0,left,0.89,-37.48604017315034,14.056776254352664,-26.765,18.579,3.6541853071795862,real,42
22.0,left,0.78,-40.93380512423578,9.378602054724482,-26.765,18.579,3.6541853071795862,real,44
22.0,left,0.91,-42.450456534408,5.094118713640911,-26.765,18.579,3.6541853071795862,real,46
22.0,right,0.96,-28.23263057164091,14.052446509187707,-26.765,18.579,3.6541853071795862,real,35
22.0,right,0.84,-31.34776464155519,10.636653669090505,-26.765,18.579,3.6541853071795862,real,37
22.0,right,0.91,-34.11457625761851,7.395083296382688,-26.765,18.579,3.6541853071795862,real,41
22.0,right,0.95,-35.79064562180301,3.787400454662512,-26.765,18.579,3.6541853071795862,real,43
22.0,right,0.87,-36.67826112753552,-0.11209998949481914,-26.765,18.579,3.6541853071795862,real,47
22.1,left,0.84,-32.97367778495042,18.276185098925538,-27.075,18.402,3.663185307179586,real,39
22.1,left,0.81,-37.70970105549401,14.216588495706247,-27.075,18.402,3.663185307179586,real,42
22.1,left,0.79,-41.09332387150199,10.087616028010412,-27.075,18.402,3.663185307179586,real,44
22.1,left,0.74,-42.99015966901436,4.7000998139025025,-27.075,18.402,3.663185307179586,real,46
22.1,right,0.82,-27.910150856288674,13.848364524114796,-27.075,18.402,3.663185307179586,real,35
22.1,right,0.84,-31.432675464546232,10.878284325833961,-27.075,18.402,3.663185307179586,real,37
22.1,right,0.8,-34.31505392230506,7.552921274038285,-27.075,18.402,3.663185307179586,real,41
22.1,right,0.79,-35.94823040317388,4.006607049052445,-27.075,18.402,3.663185307179586,real,43
22.1,right,0.78,-36.59688217934441,0.2844630602644198,-27.075,18.402,3.663185307179586,real,47
22.2,left,0.96,-33.48659268386656,18.208088869214816,-27.382,18.224,3.6722853071795862,real,39
22.2,left,0.94,-37.600643619097035,14.387319587731138,-27.382,18.224,3.6722853071795862,real,42
22.2,left,0.93,-41.01677096067518,9.691423082683118,-27.382,18.224,3.6722853071795862,real,44
22.2,left,0.85,-43.11065102053493,4.93550053338506,-27.382,18.224,3.6722853071795862,real,46
22.2,right,0.82,-28.056363225379098,13.921968358989403,-27.382,18.224,3.6722853071795862,real,35
22.2,right,0.83,-31.58175821380053,11.040303531912349,-27.382,18.224,3.6722853071795862,real,37
22.2,right,0.96,-34.08984689056349,7.146286558465339,-27.382,18.224,3.6722853071795862,real,41
22.2,right,0.9,-35.95105235395514,3.6713138646098775,-27.382,18.224,3.6722853071795862,real,43
22.2,right,0.84,-36.59342828158415,0.10113317343992456,-27.382,18.224,3.6722853071795862,real,47
22.3,left,0.78,-33.247728019888775,18.37925278937548,-27.686,18.044,3.6815853071795863,real,39
22.3,left,0.84,-37.96655679428716,14.25655415887751,-27.686,18.044,3.6815853071795863,real,42
22.3,left,0.99,-40.6792083501556,9.700651225709972,-27.686,18.044,3.6815853071795863,real,44
22.3,left,0.86,-42.78865516631176,4.846426248454735,-27.686,18.044,3.6815853071795863,real,46
22.3,right,0.86,-27.713697622437238,13.4221245319988,-27.686,18.044,3.6815853071795863,real,35
22.3,right,0.94,-31.470527968653215,11.05361746007548,-27.686,18.044,3.6815853071795863,real,37
22.3,right,0.92,-34.15646361474819,7.614330512896401,-27.686,18.044,3.6815853071795863,real,41
22.3,right,0.93,-35.93815238176872,4.022195334834076,-27.686,18.044,3.6815853071795863,real,43
22.3,right,0.86,-36.658505843308404,-0.13462326722781803,-27.686,18.044,3.6815853071795863,real,47
22.4,left,0.8,-33.37261481021198,18.351732698546268,-27.987,17.862,3.690785307179586,real,39
22.4,left,0.91,-37.93772306669639,14.596535951826088,-27.987,17.862,3.690785307179586,real,42
22.4,left,0.85,-41.00845306347471,9.740523772384423,-27.987,17.862,3.690785307179586,real,44
22.4,left,0.97,-42.709108239344935,5.050028918663141,-27.987,17.862,3.690785307179586,real,46
22.4,right,0.9,-27.814515356751354,13.840687646073313,-27.987,17.862,3.690785307179586,real,35
22.4,right,0.96,-31.51255831630252,10.913921808273159,-27.987,17.862,3.690785307179586,real,37
22.4,right,0.82,-34.377850278413376,7.331422963630922,-27.987,17.862,3.690785307179586,real,41
22.4,right,0.8,-35.84624506349514,3.6330652530863254,-27.987,17.862,3.690785307179586,real,43
22.4,right,0.86,-36.49187876015268,0.14395904522444525,-27.987,17.862,3.690785307179586,real,47
22.5,left,0.84,-33.68648708091075,18.295590754944087,-28.284,17.678,3.700185307179586,real,39
22.5,left,0.82,-37.683659148212634,14.383483207293892,-28.284,17.678,3.700185307179586,real,42
22.5,left,0.87,-40.78852733395249,10.121040415985076,-28.284,17.678,3.700185307179586,real,44
22.5,left,0.89,-42.974277924396816,4.87289947310137,-28.284,17.678,3.700185307179586,real,46
22.5,right,0.91,-27.87285347789676,13.676717263506312,-28.284,17.678,3.700185307179586,real,35
22.5,right,0.81,-31.40372471514784,10.929862278991655,-28.284,17.678,3.700185307179586,real,37
22.5,right,0.9,-34.49618717394624,7.230596278698818,-28.284,17.678,3.700185307179586,real,41
22.5,right,0.76,-35.9289032109152,3.792714698799366,-28.284,17.678,3.700185307179586,real,43
22.5,right,0.97,-36.29229528184928,0.07032256432693096,-28.284,17.678,3.700185307179586,real,47
22.6,left,0.83,-33.396487991242644,18.296421192058546,-28.579,17.492,3.709685307179586,real,39
22.6,left,0.78,-37.56968285020657,14.288627575975365,-28.579,17.492,3.709685307179586,real,42
22.6,left,0.91,-40.967000284880555,9.819871681091401,-28.579,17.492,3.709685307179586,real,44
22.6,left,0.98,-42.93992725607627,4.970725450430946,-28.579,17.492,3.709685307179586,real,46
22.6,left,0.99,-43.598795845465276,-0.17145076027173278,-28.579,17.492,3.709685307179586,real,48
22.6,right,0.78,-28.003793754297398,13.905072097894257,-28.579,17.492,3.709685307179586,real,35
22.6,right,0.89,-31.698484151317814,10.857558378455881,-28.579,17.492,3.709685307179586,real,37
22.6,right,0.91,-34.090005152135205,7.290591557380949,-28.579,17.492,3.709685307179586,real,41
22.6,right,0.9,-36.06359889482169,3.661763545635454,-28.579,17.492,3.709685307179586,real,43
22.6,right,0.96,-36.166609128380266,-0.327212123854423,-28.579,17.492,3.709685307179586,real,47
22.7,left,0.95,-33.06426560785254,18.294588214539907,-28.87,17.304,3.719185307179586,real,39
22.7,left,0.92,-37.91277094906689,14.362376882958658,-28.87,17.304,3.719185307179586,real,42
22.7,left,0.88,-40.93912173243861,9.564677962019024,-28.87,17.304,3.719185307179586,real,44
22.7,left,0.93,-42.73518782136699,4.703413558162607,-28.87,17.304,3.719185307179586,real,46
22.7,left,0.78,-43.52333283156075,0.02636668616028537,-28.87,17.304,3.719185307179586,real,48
22.7,right,0.88,-27.93649962797364,13.776460056154338,-28.87,17.304,3.719185307179586,real,35
22.7,right,0.85,-31.50729916788378,10.739040815124627,-28.87,17.304,3.719185307179586,real,37
22.7,right,0.88,-34.276275491550706,7.031758506077741,-28.87,17.304,3.719185307179586,real,41
22.7,right,0.79,-36.078583846673645,3.8888360455238633,-28.87,17.304,3.719185307179586,real,43
22.7,right,0.86,-36.623648972403274,-0.11175153740859045,-28.87,17.304,3.719185307179586,real,47
22.8,left,0.89,-33.05066431283957,18.28146814781856,-29.159,17.114,3.7287853071795865,real,39
22.8,left,0.83,-37.89855304774257,14.752507987374614,-29.159,17.114,3.7287853071795865,real,42
22.8,left,0.99,-40.74106235439221,9.68124326921898,-29.159,17.114,3.7287853071795865,real,44
22.8,left,0.83,-43.07049990140477,4.920195200298848,-29.159,17.114,3.7287853071795865,real,46
22.8,left,0.94,-43.65604394484597,0.05483774444932621,-29.159,17.114,3.7287853071795865,real,48
22.8,right,0.93,-27.765351528566853,13.987411933421347,-29.159,17.114,3.7287853071795865,real,35
22.8,right,0.85,-31.329121251693984,11.12804445782078,-29.159,17.114,3.7287853071795865,real,37
22.8,right,0.9,-34.22927680760018,7.479078199886013,-29.159,17.114,3.7287853071795865,real,41
22.8,right,0.94,-35.98777190000838,3.9376311778375044,-29.159,17.114,3.7287853071795865,real,43
22.8,right,0.9,-36.38503009241447,0.05643704090409685,-29.159,17.114,3.7287853071795865,real,47
22.8,right,0.27,-28.554238378451142,12.490637221555982,-29.159,17.114,3.7287853071795865,ghost,35
22.9,left,0.75,-33.22112184538358,18.435441298870273,-29.444,16.922,3.7385853071795863,real,39
22.9,left,0.95,-37.93038424659161,14.758006372652215,-29.444,16.922,3.7385853071795863,real,42
22.9,left,0.88,-40.918437608862746,9.702859776932156,-29.444,16.922,3.7385853071795863,real,44
22.9,left,0.97,-42.660652450716846,4.778733717942265,-29.444,16.922,3.7385853071795863,real,46
22.9,left,0.82,-43.51451955518833,0.19847870671183365,-29.444,16.922,3.7385853071795863,real,48
22.9,right,0.95,-27.6091779575006,13.89001746832896,-29.444,16.922,3.7385853071795863,real,35
22.9,right,0.94,-31.659215968047935,10.744108837563951,-29.444,16.922,3.7385853071795863,real,37
22.9,right,0.91,-34.68965955297395,7.565762462704725,-29.444,16.922,3.7385853071795863,real,41
22.9,right,0.91,-36.121880649680065,3.5161699239238287,-29.444,16.922,3.7385853071795863,real,43
22.9,right,0.9,-36.4842890243771,-0.16656332326493128,-29.444,16.922,3.7385853071795863,real,47
23.0,left,0.77,-33.21906061085078,18.354491797988153,-29.726,16.728,3.748385307179586,real,39
23.0,left,0.93,-37.430164464229875,14.21645248738998,-29.726,16.728,3.748385307179586,real,42
23.0,left,0.9,-40.97851776929798,9.825119452602904,-29.726,16.728,3.748385307179586,real,44
23.0,left,0.7,-42.58183567120352,4.892238377062039,-29.726,16.728,3.748385307179586,real,46
23.0,left,0.97,-43.525052974807274,0.15706466132758212,-29.726,16.728,3.748385307179586,real,48
23.0,right,0.98,-27.805003760974827,13.6572303164107,-29.726,16.728,3.748385307179586,real,35
23.0,right,0.83,-31.84566910577698,10.94489634521267,-29.726,16.728,3.748385307179586,real,37
23.0,right,0.91,-34.18417267620163,7.344694538214736,-29.726,16.728,3.748385307179586,real,41
23.0,right,0.81,-35.66817595110167,3.7533383486832728,-29.726,16.728,3.748385307179586,real,43
23.0,right,0.87,-36.42091820226735,-0.002365993155954982,-29.726,16.728,3.748385307179586,real,47
23.1,left,0.88,-33.55618037239909,18.40188860073111,-30.004,16.533,3.758285307179586,real,39
23.1,left,0.88,-37.65742048148786,14.284543877781434,-30.004,16.533,3.758285307179586,real,42
23.1,left,0.8,-40.86321763255033,9.671818585046156,-30.004,16.533,3.758285307179586,real,44
23.1,left,0.94,-42.75155899388753,5.356885572464941,-30.004,16.533,3.758285307179586,real,46
23.1,left,0.91,-43.68930690276972,0.2007694120795822,-30.004,16.533,3.758285307179586,real,48
23.1,right,0.87,-31.91811399903522,10.75703284300392,-30.004,16.533,3.758285307179586,real,37
23.1,right,0.92,-34.53938003126167,7.297853548966704,-30.004,16.533,3.758285307179586,real,41
23.1,right,0.88,-36.22108857435431,4.078175245767883,-30.004,16.533,3.758285307179586,real,43
23.1,right,0.88,-36.4509409520887,0.31138299181361884,-30.004,16.533,3.758285307179586,real,47
23.2,left,0.94,-33.239044913250005,18.178794942843425,-30.28,16.336,3.7682853071795863,real,39
23.2,left,0.89,-37.72959740728399,14.090293102520356,-30.28,16.336,3.7682853071795863,real,42
23.2,left,0.99,-40.661187433040574,9.831764727496358,-30.28,16.336,3.7682853071795863,real,44
23.2,left,0.92,-42.847319615984674,5.094439313436645,-30.28,16.336,3.7682853071795863,real,46
23.2,left,0.71,-43.85430698286961,-0.02495874130906639,-30.28,16.336,3.7682853071795863,real,48
23.2,right,0.87,-31.51041265573161,10.800498424115887,-30.28,16.336,3.7682853071795863,real,37
23.2,right,0.83,-34.31465629780255,7.453958480247783,-30.28,16.336,3.7682853071795863,real,41
23.2,right,0.92,-35.78681355546298,3.7681813561235193,-30.28,16.336,3.7682853071795863,real,43
23.2,right,0.91,-36.10204560284181,-0.06266146971851061,-30.28,16.336,3.7682853071795863,real,47
23.3,left,0.85,-33.269109247055745,18.007069571011233,-30.552,16.136,3.7783853071795863,real,39
23.3,left,0.81,-37.544071510590776,14.061858975193637,-30.552,16.136,3.7783853071795863,real,42
23.3,left,0.91,-40.822282442103,9.897356833458835,-30.552,16.136,3.7783853071795863,real,44
23.3,left,0.99,-43.13098266265885,4.911332335764768,-30.552,16.136,3.7783853071795863,real,46
23.3,left,0.87,-43.426980670063884,-0.036393321505676646,-30.552,16.136,3.7783853071795863,real,48
23.3,right,0.91,-31.37241798273848,11.037988982593376,-30.552,16.136,3.7783853071795863,real,37
23.3,right,0.91,-34.11339163388097,7.443695666273375,-30.552,16.136,3.7783853071795863,real,41
23.3,right,0.85,-35.78803430264578,3.62684396206056,-30.552,16.136,3.7783853071795863,real,43
23.3,right,0.86,-36.40282485299625,-0.006913539369576505,-30.552,16.136,3.7783853071795863,real,47
23.4,left,0.91,-33.10698339786719,18.447633712282823,-30.821,15.936,3.788585307179586,real,39
23.4,left,0.97,-37.68976884397851,14.31120753079351,-30.821,15.936,3.788585307179586,real,42
23.4,left,0.89,-41.15439717018774,9.673482381409533,-30.821,15.936,3.788585307179586,real,44
23.4,left,0.78,-42.48507874057774,4.825606706619141,-30.821,15.936,3.788585307179586,real,46
23.4,left,0.81,-43.44369133359432,0.24503175400565436,-30.821,15.936,3.788585307179586,real,48
23.4,right,0.9,-31.54204874387139,10.277847942219871,-30.821,15.936,3.788585307179586,real,37
23.4,right,0.82,-34.17341878059666,7.286042178166252,-30.821,15.936,3.788585307179586,real,41
23.4,right,0.91,-36.1413382954006,3.593548605625629,-30.821,15.936,3.788585307179586,real,43
23.4,right,0.77,-36.42376080940945,0.10534125462412636,-30.821,15.936,3.788585307179586,real,47
23.5,left,0.95,-33.10750945933568,18.22135779296635,-31.086,15.733,3.798885307179586,real,39
23.5,left,0.95,-37.467709858412775,14.232246428277728,-31.086,15.733,3.798885307179586,real,42
23.5,left,0.96,-41.266404226312,9.42720125686771,-31.086,15.733,3.798885307179586,real,44
23.5,left,0.86,-42.87651760746741,4.914166812081778,-31.086,15.733,3.798885307179586,real,46
23.5,left,0.92,-43.365526762478574,0.1547702068055088,-31.086,15.733,3.798885307179586,real,48
23.5,left,0.9,-42.665155291772436,-4.653028125385736,-31.086,15.733,3.798885307179586,real,49
23.5,right,0.86,-31.595665257438398,10.774499589053134,-31.086,15.733,3.798885307179586,real,37
23.5,right,0.92,-33.89088087242312,7.54033844886078,-31.086,15.733,3.798885307179586,real,41
23.5,right,0.82,-35.946847859274,3.811229741813033,-31.086,15.733,3.798885307179586,real,43
23.5,right,0.75,-36.57850895571132,0.06976261523720328,-31.086,15.733,3.798885307179586,real,47
23.6,left,0.9,-37.80785745641083,14.105524800759266,-31.348,15.529,3.8092853071795862,real,42
23.6,left,0.95,-40.75557616710475,10.180473412226249,-31.348,15.529,3.8092853071795862,real,44
23.6,left,0.79,-42.640698965030104,4.920734822073493,-31.348,15.529,3.8092853071795862,real,46
23.6,left,0.94,-43.07906026769106,-0.10493929871163532,-31.348,15.529,3.8092853071795862,real,48
23.6,left,0.83,-42.79659423721509,-4.965929006747145,-31.348,15.529,3.8092853071795862,real,49
23.6,right,0.85,-31.529473681047264,10.544151727174922,-31.348,15.529,3.8092853071795862,real,37
23.6,right,0.99,-34.5564539530994,7.538452069423471,-31.348,15.529,3.8092853071795862,real,41
23.6,right,0.86,-36.091458667938404,3.6257767026926695,-31.348,15.529,3.8092853071795862,real,43
23.6,right,0.91,-36.75607346212986,-0.08578579514322726,-31.348,15.529,3.8092853071795862,real,47
23.7,left,0.83,-37.7066892416457,14.383634907574047,-31.606,15.323,3.819785307179586,real,42
23.7,left,0.98,-40.82917918281061,9.523008037784107,-31.606,15.323,3.819785307179586,real,44
23.7,left,0.99,-42.839594507898134,4.7660153721755885,-31.606,15.323,3.819785307179586,real,46
23.7,left,0.72,-43.45056148817811,-0.07188668853291302,-31.606,15.323,3.819785307179586,real,48
23.7,left,0.79,-43.13435271131969,-4.673888101987465,-31.606,15.323,3.819785307179586,real,49
23.7,right,0.89,-31.48714438521843,10.479808351630622,-31.606,15.323,3.819785307179586,real,37
23.7,right,0.99,-34.44667152226729,7.272228403278376,-31.606,15.323,3.819785307179586,real,41
23.7,right,0.83,-35.89610246516175,3.690200214977777,-31.606,15.323,3.819785307179586,real,43
23.7,right,0.87,-36.69113157973393,-0.03621719414087554,-31.606,15.323,3.819785307179586,real,47
23.8,left,0.85,-37.7243756404839,14.465674889920225,-31.861,15.115,3.830485307179586,real,42
23.8,left,0.72,-40.97799241908943,9.490914809476493,-31.861,15.115,3.830485307179586,real,44
23.8,left,0.99,-43.21109704672947,5.1583228921581075,-31.861,15.115,3.830485307179586,real,46
23.8,left,0.89,-43.66197852883118,-0.04229302224066522,-31.861,15.115,3.830485307179586,real,48
23.8,left,0.91,-42.98610521646283,-4.956286130256616,-31.861,15.115,3.830485307179586,real,49
23.8,right,0.99,-31.620158475625892,10.800083968356146,-31.861,15.115,3.830485307179586,real,37
23.8,right,0.78,-34.00988424338654,7.579530637808614,-31.861,15.115,3.830485307179586,real,41
23.8,right,0.99,-36.000401939497685,3.852169734774355,-31.861,15.115,3.830485307179586,real,43
23.8,right,0.84,-36.44320099820094,0.07798982469964955,-31.861,15.115,3.830485307179586,real,47
23.8,right,0.83,-36.125968760062285,-3.7633721352158105,-31.861,15.115,3.830485307179586,real,50
23.8,unknown,0.44,-32.265541865166554,9.233585554534729,-31.861,15.115,3.830485307179586,ghost,51
23.9,left,0.84,-37.50867218468779,14.274313625771073,-32.113,14.906,3.841185307179586,real,42
23.9,left,0.82,-40.92962980609581,10.007216491590697,-32.113,14.906,3.841185307179586,real,44
23.9,left,0.87,-43.026303873486604,5.005205710401702,-32.113,14.906,3.841185307179586,real,46
23.9,left,0.84,-43.55231769244249,-0.0786792668836247,-32.113,14.906,3.841185307179586,real,48
23.9,left,0.99,-42.69595660633512,-5.098364385514174,-32.113,14.906,3.841185307179586,real,49
23.9,right,0.9,-31.463736784828463,10.663526867801622,-32.113,14.906,3.841185307179586,real,37
23.9,right,0.98,-34.19955667016252,7.397814915560467,-32.113,14.906,3.841185307179586,real,41
23.9,right,0.99,-35.91429010722099,3.898780300151005,-32.113,14.906,3.841185307179586,real,43
23.9,right,0.86,-36.764003508467326,0.08474514879982831,-32.113,14.906,3.841185307179586,real,47
23.9,right,0.9,-35.87405184186165,-3.678080123665767,-32.113,14.906,3.841185307179586,real,50
24.0,left,0.92,-37.6812813551274,14.111278060816884,-32.361,14.695,3.851985307179586,real,42
24.0,left,0.89,-40.93771646971639,9.493685685512219,-32.361,14.695,3.851985307179586,real,44
24.0,left,0.84,-42.67177968910257,4.903512513270014,-32.361,14.695,3.851985307179586,real,46
24.0,left,0.99,-43.5641271048014,0.11535826662176918,-32.361,14.695,3.851985307179586,real,48
24.0,left,0.93,-42.62892939338852,-4.925003847410129,-32.361,14.695,3.851985307179586,real,49
24.0,right,0.89,-31.734414111203716,10.65284214509609,-32.361,14.695,3.851985307179586,real,37
24.0,right,0.83,-34.5920094835402,7.74753825599927,-32.361,14.695,3.851985307179586,real,41
24.0,right,0.89,-36.22689039286245,3.684573647202673,-32.361,14.695,3.851985307179586,real,43
24.0,right,0.84,-36.97444616399877,-0.1770303419501209,-32.361,14.695,3.851985307179586,real,47
24.0,right,0.82,-36.14533882859514,-3.430287022013946,-32.361,14.695,3.851985307179586,real,50
24.1,left,0.91,-37.769026992099974,14.525303866603835,-32.605,14.482,3.8629853071795863,real,42
24.1,left,0.86,-40.93041441255229,9.896272155996755,-32.605,14.482,3.8629853071795863,real,44
24.1,left,0.85,-42.49513836251737,4.984223198544718,-32.605,14.482,3.8629853071795863,real,46
24.1,left,0.91,-43.358797123740416,-0.19949762188559195,-32.605,14.482,3.8629853071795863,real,48
24.1,left,0.93,-42.79745628071708,-4.829054993595531,-32.605,14.482,3.8629853071795863,real,49
24.1,right,0.89,-31.42042528413619,10.621670513733811,-32.605,14.482,3.8629853071795863,real,37
24.1,right,0.95,-34.04896392931084,7.452126447022735,-32.605,14.482,3.8629853071795863,real,41
24.1,right,0.94,-35.993116155211865,3.618021450739497,-32.605,14.482,3.8629853071795863,real,43
24.1,right,0.94,-36.418227027285184,0.4234564183062757,-32.605,14.482,3.8629853071795863,real,47
24.1,right,0.99,-35.73499177374274,-3.8298752861716157,-32.605,14.482,3.8629853071795863,real,50
24.2,left,0.77,-37.525197514856806,14.240096291324404,-32.846,14.268,3.8739853071795864,real,42
24.2,left,0.86,-41.13762783933249,9.441056684193772,-32.846,14.268,3.8739853071795864,real,44
24.2,left,0.99,-42.94856093466409,5.110794991843907,-32.846,14.268,3.8739853071795864,real,46
24.2,left,0.99,-43.54108955767748,0.06868602525960243,-32.846,14.268,3.8739853071795864,real,48
24.2,left,0.91,-43.001017528226264,-5.046967227552247,-32.846,14.268,3.8739853071795864,real,49
24.2,right,0.86,-31.60889747747412,10.8388841739072,-32.846,14.268,3.8739853071795864,real,37
24.2,right,0.99,-34.207517069826665,7.170710075770428,-32.846,14.268,3.8739853071795864,real,41
24.2,right,0.95,-35.37462386666462,3.684335637363869,-32.846,14.268,3.8739853071795864,real,43
24.2,right,0.75,-36.554203523659076,0.056294591178639664,-32.846,14.268,3.8739853071795864,real,47
24.2,right,0.93,-36.23678136277633,-3.7304775397767624,-32.846,14.268,3.8739853071795864,real,50
24.3,left,0.91,-37.74066381460403,14.319725213844844,-33.083,14.052,3.885185307179586,real,42
24.3,left,0.87,-41.03056132917026,9.674534760951563,-33.083,14.052,3.885185307179586,real,44
24.3,left,0.85,-43.15968363599372,5.065716235278553,-33.083,14.052,3.885185307179586,real,46
24.3,left,0.88,-43.687189823312856,-0.11753662584447078,-33.083,14.052,3.885185307179586,real,48
24.3,left,0.99,-42.94075793480649,-5.046217730949653,-33.083,14.052,3.885185307179586,real,49
24.3,right,0.9,-31.71651957524511,11.003286132028506,-33.083,14.052,3.885185307179586,real,37
24.3,right,0.77,-34.48551233933048,7.339860539438582,-33.083,14.052,3.885185307179586,real,41
24.3,right,0.92,-35.95325403347554,3.721085288159747,-33.083,14.052,3.885185307179586,real,43
24.3,right,0.99,-36.04090501529499,-0.3538682459785383,-33.083,14.052,3.885185307179586,real,47
24.3,right,0.84,-36.17096856268009,-3.6662431452979956,-33.083,14.052,3.885185307179586,real,50
24.4,left,0.87,-37.67004846446014,14.454549082850807,-33.317,13.835,3.8964853071795864,real,42
24.4,left,0.87,-40.97526825393739,9.977589942625384,-33.317,13.835,3.8964853071795864,real,44
24.4,left,0.94,-42.94401034185788,4.971717432138281,-33.317,13.835,3.8964853071795864,real,46
24.4,left,0.85,-43.492517273725745,-0.09022736662166908,-33.317,13.835,3.8964853071795864,real,48
24.4,left,0.74,-42.80816828495083,-5.0893368334730145,-33.317,13.835,3.8964853071795864,real,49
24.4,left,0.93,-41.079008048026814,-9.812594064986124,-33.317,13.835,3.8964853071795864,real,52
24.4,right,0.76,-31.36116441467815,11.092013276884348,-33.317,13.835,3.8964853071795864,real,37
24.4,right,0.91,-34.25706637564883,7.347493837430715,-33.317,13.835,3.8964853071795864,real,41
24.4,right,0.97,-36.10202838534805,3.894203206341775,-33.317,13.835,3.8964853071795864,real,43
24.4,right,0.83,-36.36513183320428,0.21012373166615905,-33.317,13.835,3.8964853071795864,real,47
24.4,right,0.96,-36.03826498480258,-3.4749802103436114,-33.317,13.835,3.8964853071795864,real,50
24.5,left,0.89,-37.61898472655139,14.000747172481091,-33.547,13.616,3.907885307179586,real,42
24.5,left,0.8,-40.670055525985326,9.741371634113811,-33.547,13.616,3.907885307179586,real,44
24.5,left,0.9,-43.02117297987352,4.656714741262307,-33.547,13.616,3.907885307179586,real,46
24.5,left,0.96,-43.43521664536177,-0.0971927928688574,-33.547,13.616,3.907885307179586,real,48
24.5,left,0.81,-42.65610703154587,-4.9226981767286295,-33.547,13.616,3.907885307179586,real,49
24.5,left,0.88,-40.74749026132908,-9.560444183621117,-33.547,13.616,3.907885307179586,real,52
24.5,right,0.89,-31.59460548629787,10.86220104893879,-33.547,13.616,3.907885307179586,real,37
24.5,right,0.82,-34.678729020069476,7.500939376822779,-33.547,13.616,3.907885307179586,real,41
24.5,right,0.98,-36.108740705721466,3.874683376634875,-33.547,13.616,3.907885307179586,real,43
24.5,right,0.89,-36.74184878222981,-0.018575690452735216,-33.547,13.616,3.907885307179586,real,47
24.5,right,0.86,-35.83379958902212,-3.6110037917116697,-33.547,13.616,3.907885307179586,real,50
24.6,left,0.91,-37.47053665868941,13.95800325412581,-33.773,13.396,3.9193853071795863,real,42
24.6,left,0.91,-40.90191039817301,9.629611605951819,-33.773,13.396,3.9193853071795863,real,44
24.6,left,0.89,-42.92017411179764,4.685878544563282,-33.773,13.396,3.9193853071795863,real,46
24.6,left,0.76,-43.4160295613095,0.01624597088155788,-33.773,13.396,3.9193853071795863,real,48
24.6,left,0.9,-42.88087825787128,-5.023277229028169,-33.773,13.396,3.9193853071795863,real,49
24.6,left,0.89,-40.6689075647349,-9.661884310114662,-33.773,13.396,3.9193853071795863,real,52
24.6,right,0.82,-31.562487055685114,10.704125277243325,-33.773,13.396,3.9193853071795863,real,37
24.6,right,0.73,-34.05489195086539,7.4787819097115165,-33.773,13.396,3.9193853071795863,real,41
24.6,right,0.91,-35.759740724540265,3.392531836735161,-33.773,13.396,3.9193853071795863,real,43
24.6,right,0.95,-36.40315033021159,-0.316406836164389,-33.773,13.396,3.9193853071795863,real,47
24.6,right,0.86,-36.34632118605839,-3.908338273201407,-33.773,13.396,3.9193853071795863,real,50
24.7,left,0.83,-37.746385187033106,14.201302754246614,-33.996,13.174,3.9309853071795864,real,42
24.7,left,0.87,-40.850102308052996,9.826021273851552,-33.996,13.174,3.9309853071795864,real,44
24.7,left,0.92,-42.81192178740579,4.941937497908315,-33.996,13.174,3.9309853071795864,real,46
24.7,left,0.7,-43.17599967958697,-0.2129521506122911,-33.996,13.174,3.9309853071795864,real,48
24.7,left,0.91,-42.68829838552403,-4.94087901635052,-33.996,13.174,3.9309853071795864,real,49
24.7,left,0.82,-40.68363821421792,-9.542537260677124,-33.996,13.174,3.9309853071795864,real,52
24.7,right,0.95,-32.03465810173201,10.919781963052701,-33.996,13.174,3.9309853071795864,real,37
24.7,right,0.84,-34.24081991072827,7.195093644209585,-33.996,13.174,3.9309853071795864,real,41
24.7,right,0.91,-35.99661381382952,3.6631246791941114,-33.996,13.174,3.9309853071795864,real,43
24.7,right,0.91,-36.57147917042817,-0.05858296942401964,-33.996,13.174,3.9309853071795864,real,47
24.7,right,0.77,-35.97390304848463,-3.7925779852861092,-33.996,13.174,3.9309853071795864,real,50
24.8,left,0.92,-37.75161511902181,14.110804509349041,-34.215,12.951,3.9427853071795864,real,42
24.8,left,0.84,-41.0357897399614,9.765547548112309,-34.215,12.951,3.9427853071795864,real,44
24.8,left,0.83,-42.993846669697675,4.830221210380247,-34.215,12.951,3.9427853071795864,real,46
24.8,left,0.84,-43.41448094685855,-0.014343971849973602,-34.215,12.951,3.9427853071795864,real,48
24.8,left,0.78,-42.95090389449496,-5.275624074308108,-34.215,12.951,3.9427853071795864,real,49
24.8,left,0.99,-40.70277066701884,-9.974076265351218,-34.215,12.951,3.9427853071795864,real,52
24.8,right,0.79,-34.237109510047404,7.411192406810011,-34.215,12.951,3.9427853071795864,real,41
24.8,right,0.9,-35.9526959329147,3.6013073395575335,-34.215,12.951,3.9427853071795864,real,43
24.8,right,0.99,-36.26280155921722,0.04204695282892157,-34.215,12.951,3.9427853071795864,real,47
24.8,right,0.88,-36.0681526447251,-3.953358883889927,-34.215,12.951,3.9427853071795864,real,50
24.9,left,0.92,-37.43533634438249,14.20139772845619,-34.43,12.726,3.9545853071795865,real,42
24.9,left,0.78,-40.763049764021275,9.647419533871155,-34.43,12.726,3.9545853071795865,real,44
24.9,left,0.83,-42.60124157342244,4.793599093037931,-34.43,12.726,3.9545853071795865,real,46
24.9,left,0.78,-43.405715708770465,0.007923867371644189,-34.43,12.726,3.9545853071795865,real,48
24.9,left,0.82,-42.63896031654757,-4.911227092753192,-34.43,12.726,3.9545853071795865,real,49
24.9,left,0.89,-40.90680000281487,-9.568175197202011,-34.43,12.726,3.9545853071795865,real,52
24.9,right,0.88,-34.36871629106738,7.404686505474475,-34.43,12.726,3.9545853071795865,real,41
24.9,right,0.85,-36.139667680196794,3.625811517155784,-34.43,12.726,3.9545853071795865,real,43
24.9,right,0.98,-36.50836139201794,-0.05918372664895433,-34.43,12.726,3.9545853071795865,real,47
24.9,right,0.87,-35.89633657603186,-3.934274128770846,-34.43,12.726,3.9545853071795865,real,50
25.0,left,0.9,-37.61829785477254,14.004721397457613,-34.641,12.5,3.966585307179586,real,42
25.0,left,0.76,-40.90248248636503,9.715691634724356,-34.641,12.5,3.966585307179586,real,44
25.0,left,0.84,-42.94642421309854,5.005199492950034,-34.641,12.5,3.966585307179586,real,46
25.0,left,0.94,-43.38844089560958,0.1395005449691844,-34.641,12.5,3.966585307179586,real,48
25.0,left,0.9,-43.06566418675166,-4.9357981847824774,-34.641,12.5,3.966585307179586,real,49
25.0,left,0.95,-41.1336945970894,-9.492322134529722,-34.641,12.5,3.966585307179586,real,52
25.0,right,0.82,-34.14330534213226,7.367941151201605,-34.641,12.5,3.966585307179586,real,41
25.0,right,0.9,-35.8750928009903,3.477256738743815,-34.641,12.5,3.966585307179586,real,43
25.0,right,0.86,-36.65266081864836,0.007926403086035094,-34.641,12.5,3.966585307179586,real,47
25.0,right,0.96,-35.66877565279361,-3.7136095675060767,-34.641,12.5,3.966585307179586,real,50
25.1,left,0.82,-37.68530648281352,13.980637706174818,-34.849,12.273,3.9786853071795862,real,42
25.1,left,0.85,-40.859699275606474,10.04318022741214,-34.849,12.273,3.9786853071795862,real,44
25.1,left,0.82,-43.05254363208183,4.966272149824541,-34.849,12.273,3.9786853071795862,real,46
25.1,left,0.86,-43.40794994426791,-0.26196812327483987,-34.849,12.273,3.9786853071795862,real,48
25.1,left,0.87,-42.34470774955561,-4.991975103754188,-34.849,12.273,3.9786853071795862,real,49
25.1,left,0.92,-40.65972123637354,-9.997107514629505,-34.849,12.273,3.9786853071795862,real,52
25.1,right,0.99,-34.00507857776824,7.320645546500296,-34.849,12.273,3.9786853071795862,real,41
25.1,right,0.91,-36.02127244825653,3.7150061750981243,-34.849,12.273,3.9786853071795862,real,43
25.1,right,0.82,-36.33343248091286,-0.022669856075792083,-34.849,12.273,3.9786853071795862,real,47
25.1,right,0.98,-36.08571281872995,-3.8935214379590333,-34.849,12.273,3.9786853071795862,real,50
25.2,left,0.86,-37.735149052678935,14.230845253123347,-35.052,12.044,3.9909853071795864,real,42
25.2,left,0.89,-40.85963863558773,9.527740975489852,-35.052,12.044,3.9909853071795864,real,44
25.2,left,0.74,-42.54341121781137,5.152910248324297,-35.052,12.044,3.9909853071795864,real,46
25.2,left,0.99,-43.41538206879171,0.13996671831713936,-35.052,12.044,3.9909853071795864,real,48
25.2,left,0.83,-42.74973222051639,-4.431501347795873,-35.052,12.044,3.9909853071795864,real,49
25.2,left,0.82,-41.17907052254972,-9.647154598400292,-35.052,12.044,3.9909853071795864,real,52
25.2,right,0.84,-34.32394351287514,7.084698965423112,-35.052,12.044,3.9909853071795864,real,41
25.2,right,0.82,-36.053249296911794,3.586269817177092,-35.052,12.044,3.9909853071795864,real,43
25.2,right,0.8,-36.499756786588335,0.17146205367666933,-35.052,12.044,3.9909853071795864,real,47
25.2,right,0.78,-35.862395700950024,-3.9143314857124603,-35.052,12.044,3.9909853071795864,real,50
25.3,left,0.99,-40.807970881636024,9.87946321761186,-35.252,11.814,4.003285307179587,real,44
25.3,left,0.91,-43.03443545786502,4.8840747951969,-35.252,11.814,4.003285307179587,real,46
25.3,left,0.9,-43.558133269545834,0.055018406828596045,-35.252,11.814,4.003285307179587,real,48
25.3,left,0.9,-42.822381195156304,-4.875620383939948,-35.252,11.814,4.003285307179587,real,49
25.3,left,0.91,-41.0673162880534,-9.670188057031638,-35.252,11.814,4.003285307179587,real,52
25.3,right,0.83,-34.56903971106101,7.175049445862527,-35.252,11.814,4.003285307179587,real,41
25.3,right,0.83,-36.12387201405583,3.8025227210516137,-35.252,11.814,4.003285307179587,real,43
25.3,right,0.94,-36.63735133087993,0.1571426323374263,-35.252,11.814,4.003285307179587,real,47
25.3,right,0.89,-35.687347488366086,-3.568549611958785,-35.252,11.814,4.003285307179587,real,50
25.4,left,0.81,-40.7797865033768,9.625039938473705,-35.448,11.582,4.015785307179586,real,44
25.4,left,0.88,-42.56327962672246,4.579991942767547,-35.448,11.582,4.015785307179586,real,46
25.4,left,0.85,-43.21324524789802,0.023467643338224486,-35.448,11.582,4.015785307179586,real,48
25.4,left,0.8,-42.84628470710035,-4.640584239038031,-35.448,11.582,4.015785307179586,real,49
25.4,left,0.82,-41.05569067288861,-9.722388053103005,-35.448,11.582,4.015785307179586,real,52
25.4,right,0.94,-34.19702528937918,7.354442043757752,-35.448,11.582,4.015785307179586,real,41
25.4,right,0.95,-36.133803008261,3.6005500544161677,-35.448,11.582,4.015785307179586,real,43
25.4,right,0.92,-36.17307844197568,-0.08876579548155039,-35.448,11.582,4.015785307179586,real,47
25.4,right,0.95,-36.19535132872611,-3.5863137820738435,-35.448,11.582,4.015785307179586,real,50
25.5,left,0.85,-40.681925380131744,9.601721286183643,-35.64,11.35,4.028385307179587,real,44
25.5,left,0.93,-42.83284071686387,4.880943467411561,-35.64,11.35,4.028385307179587,real,46
25.5,left,0.81,-43.69715965536153,0.04017103188494586,-35.64,11.35,4.028385307179587,real,48
25.5,left,0.86,-42.81825530291467,-4.874848005641763,-35.64,11.35,4.028385307179587,real,49
25.5,left,0.87,-40.84749028701256,-9.840119322709578,-35.64,11.35,4.028385307179587,real,52
25.5,right,0.84,-34.55137365522247,7.1400672592716745,-35.64,11.35,4.028385307179587,real,41
25.5,right,0.87,-36.40851351709967,3.7512864263722174,-35.64,11.35,4.028385307179587,real,43
25.5,right,0.86,-36.46495602025878,-0.03213097643138152,-35.64,11.35,4.028385307179587,real,47
25.5,right,0.94,-35.928327842758634,-3.3713984408781696,-35.64,11.35,4.028385307179587,real,50
25.6,left,0.85,-40.8433243483337,9.859637520055962,-35.828,11.116,4.041185307179586,real,44
25.6,left,0.9,-43.08574258758058,4.799608820503665,-35.828,11.116,4.041185307179586,real,46
25.6,left,0.72,-43.57342578190426,-0.02713481283488617,-35.828,11.116,4.041185307179586,real,48
25.6,left,0.99,-42.666538040055144,-4.6576313978335,-35.828,11.116,4.041185307179586,real,49
25.6,left,0.99,-40.798541226967195,-9.64408634160801,-35.828,11.116,4.041185307179586,real,52
25.6,right,0.9,-34.230544570568696,7.290684307017206,-35.828,11.116,4.041185307179586,real,41
25.6,right,0.84,-35.97162308533539,3.947227621875643,-35.828,11.116,4.041185307179586,real,43
25.6,right,0.85,-36.601705773446284,0.08279754667141415,-35.828,11.116,4.041185307179586,real,47
25.6,right,0.99,-35.804230772835375,-3.904021438860865,-35.828,11.116,4.041185307179586,real,50
25.7,left,0.81,-40.68319031800738,9.60558853949396,-36.013,10.881,4.054085307179586,real,44
25.7,left,0.86,-42.727219566777855,4.8491232100533255,-36.013,10.881,4.054085307179586,real,46
25.7,left,0.99,-43.252152056555325,0.11497461910520945,-36.013,10.881,4.054085307179586,real,48
25.7,left,0.85,-42.661881426597745,-4.978520603569439,-36.013,10.881,4.054085307179586,real,49
25.7,left,0.99,-41.09071602356651,-9.491871495791061,-36.013,10.881,4.054085307179586,real,52
25.7,right,0.8,-34.55212073853413,7.470602400977427,-36.013,10.881,4.054085307179586,real,41
25.7,right,0.84,-36.09607997659051,4.133890565768944,-36.013,10.881,4.054085307179586,real,43
25.7,right,0.97,-36.3073568463427,0.2253896914812441,-36.013,10.881,4.054085307179586,real,47
25.7,right,0.8,-35.50935137388737,-3.8606700567274546,-36.013,10.881,4.054085307179586,real,50
25.8,left,0.78,-40.83636599932304,9.404832054832465,-36.193,10.644,4.066985307179586,real,44
25.8,left,0.73,-42.4544799508384,5.036502712863002,-36.193,10.644,4.066985307179586,real,46
25.8,left,0.91,-43.68893125962702,-0.24535822493440113,-36.193,10.644,4.066985307179586,real,48
25.8,left,0.92,-42.96883276997506,-4.924736726958038,-36.193,10.644,4.066985307179586,real,49
25.8,left,0.83,-40.92321391262353,-10.172838144656426,-36.193,10.644,4.066985307179586,real,52
25.8,right,0.86,-34.60155669209499,7.301366128675717,-36.193,10.644,4.066985307179586,real,41
25.8,right,0.78,-35.78264542058659,3.576606483352265,-36.193,10.644,4.066985307179586,real,43
25.8,right,0.77,-36.67325438649618,-0.10650574271978952,-36.193,10.644,4.066985307179586,real,47
25.8,right,0.74,-36.11334055829059,-3.8315777561155233,-36.193,10.644,4.066985307179586,real,50
25.9,left,0.81,-41.15177697118326,9.793728898513004,-36.369,10.407,4.080185307179587,real,44
25.9,left,0.8,-43.04798507072117,5.110008172076932,-36.369,10.407,4.080185307179587,real,46
25.9,left,0.9,-43.649750830947234,0.1288920351233349,-36.369,10.407,4.080185307179587,real,48
25.9,left,0.8,-42.97271349615475,-4.862977899810579,-36.369,10.407,4.080185307179587,real,49
25.9,left,0.8,-40.96679806453794,-9.712626163468626,-36.369,10.407,4.080185307179587,real,52
25.9,right,0.91,-34.409220294157166,7.250938608872355,-36.369,10.407,4.080185307179587,real,41
25.9,right,0.99,-35.868075189924554,3.529820175780564,-36.369,10.407,4.080185307179587,real,43
25.9,right,0.74,-36.438233930424516,0.03535598070980939,-36.369,10.407,4.080185307179587,real,47
25.9,right,0.85,-36.10693948156434,-3.4587242971536556,-36.369,10.407,4.080185307179587,real,50
26.0,left,0.99,-40.99998203673186,9.60643329855115,-36.542,10.168,4.093385307179586,real,44
26.0,left,0.9,-43.15841825313952,4.992778120744756,-36.542,10.168,4.093385307179586,real,46
26.0,left,0.99,-43.47891296909092,-0.2328403246688821,-36.542,10.168,4.093385307179586,real,48
26.0,left,0.91,-43.147278769042465,-5.161795868935663,-36.542,10.168,4.093385307179586,real,49
26.0,left,0.83,-40.94097138598922,-10.23407432456926,-36.542,10.168,4.093385307179586,real,52
26.0,right,0.93,-34.368047483911894,7.738922097215858,-36.542,10.168,4.093385307179586,real,41
26.0,right,0.84,-35.96104087856268,3.7673100763106184,-36.542,10.168,4.093385307179586,real,43
26.0,right,0.88,-36.32016265327481,0.06100132622953458,-36.542,10.168,4.093385307179586,real,47
26.0,right,0.99,-36.23082484703396,-3.6259165947955694,-36.542,10.168,4.093385307179586,real,50
26.0,right,0.74,-34.26635457025494,-7.638200798544323,-36.542,10.168,4.093385307179586,real,53
26.1,left,0.85,-41.00274571886051,9.640347625672653,-36.71,9.929,4.106785307179586,real,44
26.1,left,0.96,-42.917080826712144,5.036310799707136,-36.71,9.929,4.106785307179586,real,46
26.1,left,0.96,-43.40397596787813,0.22600923727792102,-36.71,9.929,4.106785307179586,real,48
26.1,left,0.69,-42.76413027641611,-5.295112341814273,-36.71,9.929,4.106785307179586,real,49
26.1,left,0.98,-40.725147983298356,-9.431428602492637,-36.71,9.929,4.106785307179586,real,52
26.1,right,0.92,-34.13282767091216,7.434253562747527,-36.71,9.929,4.106785307179586,real,41
26.1,right,0.98,-36.02725553853375,3.645956708701017,-36.71,9.929,4.106785307179586,real,43
26.1,right,0.85,-36.660119771859726,-0.06468580468891272,-36.71,9.929,4.106785307179586,real,47
26.1,right,0.88,-35.762117237936366,-3.6372271199247814,-36.71,9.929,4.106785307179586,real,50
26.1,right,0.84,-34.025173246645465,-7.392913817603171,-36.71,9.929,4.106785307179586,real,53
26.2,left,0.83,-40.740955454710374,9.973163851487323,-36.875,9.688,4.120285307179586,real,44
26.2,left,0.85,-42.8391870637892,4.8862500410652805,-36.875,9.688,4.120285307179586,real,46
26.2,left,0.75,-43.14063300880873,-0.37999106072936445,-36.875,9.688,4.120285307179586,real,48
26.2,left,0.79,-43.2292383653021,-5.213325840237264,-36.875,9.688,4.120285307179586,real,49
26.2,left,0.9,-40.67149828725401,-9.677818050236795,-36.875,9.688,4.120285307179586,real,52
26.2,right,0.83,-34.32343831912595,7.504202163959494,-36.875,9.688,4.120285307179586,real,41
26.2,right,0.86,-35.817240881312834,3.518394854868413,-36.875,9.688,4.120285307179586,real,43
26.2,right,0.72,-36.488703379192295,0.1388356951640768,-36.875,9.688,4.120285307179586,real,47
26.2,right,0.85,-35.88343663396573,-3.7632217322865795,-36.875,9.688,4.120285307179586,real,50
26.2,right,0.9,-34.08192956285609,-7.390059097366795,-36.875,9.688,4.120285307179586,real,53
26.2,right,0.47,-50.71368504146391,-0.2310584897541066,-36.875,9.688,4.120285307179586,ghost,54
26.3,left,0.85,-40.80572819498525,9.617271362297458,-37.035,9.446,4.133985307179586,real,44
26.3,left,0.88,-43.08137285760271,4.89523563927495,-37.035,9.446,4.133985307179586,real,46
26.3,left,0.99,-43.545799358328445,0.1980750048678557,-37.035,9.446,4.133985307179586,real,48
26.3,left,0.88,-42.26535654528258,-5.045937600238959,-37.035,9.446,4.133985307179586,real,49
26.3,left,0.8,-40.68667141669363,-9.749003330671833,-37.035,9.446,4.133985307179586,real,52
26.3,right,0.91,-34.35681680226459,7.369020520234308,-37.035,9.446,4.133985307179586,real,41
26.3,right,0.89,-35.888017274429416,3.5713699157102097,-37.035,9.446,4.133985307179586,real,43
26.3,right,0.99,-36.6259231233433,0.14551178114907737,-37.035,9.446,4.133985307179586,real,47
26.3,right,0.9,-35.80133267385561,-3.8120298283117373,-37.035,9.446,4.133985307179586,real,50
26.3,right,0.74,-34.43747201320374,-7.1996840459564835,-37.035,9.446,4.133985307179586,real,53
26.4,left,0.9,-40.83694660914477,9.703960400895877,-37.191,9.203,4.147685307179586,real,44
26.4,left,0.92,-42.95062115056085,4.928763553333515,-37.191,9.203,4.147685307179586,real,46
26.4,left,0.99,-43.64644562081602,-0.12910302325726233,-37.191,9.203,4.147685307179586,real,48
26.4,left,0.96,-42.833077648138875,-4.710694290603476,-37.191,9.203,4.147685307179586,real,49
26.4,left,0.85,-40.99935370287104,-9.624999683286289,-37.191,9.203,4.147685307179586,real,52
26.4,right,0.82,-34.324311605564404,7.045960906889202,-37.191,9.203,4.147685307179586,real,41
26.4,right,0.9,-35.53736273590344,3.8736310130756353,-37.191,9.203,4.147685307179586,real,43
26.4,right,0.73,-36.5980541850927,0.1513879192386991,-37.191,9.203,4.147685307179586,real,47
26.4,right,0.85,-35.772488549107585,-3.5607453462409335,-37.191,9.203,4.147685307179586,real,50
26.4,right,0.84,-34.318236574781984,-7.691289280781528,-37.191,9.203,4.147685307179586,real,53
26.5,left,0.88,-40.80284430238932,9.898775187597673,-37.343,8.959,4.161585307179586,real,44
26.5,left,0.94,-43.016577129993124,4.7545758360961,-37.343,8.959,4.161585307179586,real,46
26.5,left,0.77,-43.50320042699908,0.058771031080131875,-37.343,8.959,4.161585307179586,real,48
26.5,left,0.89,-43.00975268898011,-5.108738942770324,-37.343,8.959,4.161585307179586,real,49
26.5,left,0.83,-40.989669101401034,-9.743448782576227,-37.343,8.959,4.161585307179586,real,52
26.5,left,0.95,-37.686252769100705,-14.317908590629138,-37.343,8.959,4.161585307179586,real,55
26.5,right,0.91,-35.994581019569374,3.8249739722889573,-37.343,8.959,4.161585307179586,real,43
26.5,right,0.99,-36.75098017371572,-0.25917652929722923,-37.343,8.959,4.161585307179586,real,47
26.5,right,0.98,-35.90427887696171,-3.9783695753860053,-37.343,8.959,4.161585307179586,real,50
26.5,right,0.86,-34.01430901399153,-7.451134744104507,-37.343,8.959,4.161585307179586,real,53
26.6,left,0.93,-41.09341239258893,9.96406957955216,-37.491,8.714,4.1755853071795865,real,44
26.6,left,0.95,-42.5685426912463,4.906011394637418,-37.491,8.714,4.1755853071795865,real,46
26.6,left,0.81,-43.508510093932365,-0.22265610110527462,-37.491,8.714,4.1755853071795865,real,48
26.6,left,0.79,-42.62697539180778,-4.640902537073976,-37.491,8.714,4.1755853071795865,real,49
26.6,left,0.93,-41.125255462509834,-9.64000548199813,-37.491,8.714,4.1755853071795865,real,52
26.6,left,0.81,-37.9183145158114,-14.212082336600316,-37.491,8.714,4.1755853071795865,real,55
26.6,right,0.9,-35.84715560406766,3.5861001762942126,-37.491,8.714,4.1755853071795865,real,43
26.6,right,0.86,-36.41127555919877,0.09215488819611917,-37.491,8.714,4.1755853071795865,real,47
26.6,right,0.88,-36.11420760539919,-3.520955770339728,-37.491,8.714,4.1755853071795865,real,50
26.6,right,0.74,-34.24419537198519,-7.2148147615414775,-37.491,8.714,4.1755853071795865,real,53
26.7,left,0.91,-40.903675467887844,9.589171122366317,-37.635,8.468,4.189785307179586,real,44
26.7,left,0.82,-43.151129606040854,4.801978427592173,-37.635,8.468,4.189785307179586,real,46
26.7,left,0.89,-43.42925605620651,-0.016334314200149358,-37.635,8.468,4.189785307179586,real,48
26.7,left,0.85,-42.85891995149477,-5.032564445250979,-37.635,8.468,4.189785307179586,real,49
26.7,left,0.8,-41.00168827411134,-9.717976219740342,-37.635,8.468,4.189785307179586,real,52
26.7,left,0.95,-37.550300286103436,-14.31649347601271,-37.635,8.468,4.189785307179586,real,55
26.7,right,0.95,-35.82374739128145,3.5424904844868834,-37.635,8.468,4.189785307179586,real,43
26.7,right,0.86,-36.434420242290855,-0.09410279343684547,-37.635,8.468,4.189785307179586,real,47
26.7,right,0.84,-35.874410663720944,-3.8280184689589865,-37.635,8.468,4.189785307179586,real,50
26.7,right,0.83,-34.30347018595545,-7.155244192488713,-37.635,8.468,4.189785307179586,real,53
26.8,left,0.85,-40.458162301943474,9.76724822000525,-37.775,8.222,4.204085307179586,real,44
26.8,left,0.88,-42.767192969925716,4.8584290774499355,-37.775,8.222,4.204085307179586,real,46
26.8,left,0.86,-43.32878981187406,0.18488641827652835,-37.775,8.222,4.204085307179586,real,48
26.8,left,0.91,-42.83260508009216,-4.9303123766821315,-37.775,8.222,4.204085307179586,real,49
26.8,left,0.9,-41.15120330448909,-9.679016207097208,-37.775,8.222,4.204085307179586,real,52
26.8,left,0.82,-38.12604229860439,-14.360183891390808,-37.775,8.222,4.204085307179586,real,55
26.8,right,0.75,-36.19648334555901,4.015980840313203,-37.775,8.222,4.204085307179586,real,43
26.8,right,0.85,-36.23535451272663,0.05055601661990439,-37.775,8.222,4.204085307179586,real,47
26.8,right,0.91,-35.88908443046093,-3.570817621949817,-37.775,8.222,4.204085307179586,real,50
26.8,right,0.99,-34.334144022987616,-7.432875794635296,-37.775,8.222,4.204085307179586,real,53
26.9,left,0.98,-42.8037965501063,4.875166845525899,-37.911,7.974,4.218485307179586,real,46
26.9,left,0.79,-43.58276851501232,0.1735572617885952,-37.911,7.974,4.218485307179586,real,48
26.9,left,0.94,-42.682469568769605,-4.775740042616775,-37.911,7.974,4.218485307179586,real,49
26.9,left,0.92,-40.741120039780526,-9.595027023726518,-37.911,7.974,4.218485307179586,real,52
26.9,left,0.97,-37.536229578456684,-14.339358602665271,-37.911,7.974,4.218485307179586,real,55
26.9,right,0.94,-36.07891266195206,3.580382813015634,-37.911,7.974,4.218485307179586,real,43
26.9,right,0.97,-36.350712662133546,0.12872266753471617,-37.911,7.974,4.218485307179586,real,47
26.9,right,0.98,-36.00278093258841,-3.7349745917721924,-37.911,7.974,4.218485307179586,real,50
26.9,right,0.69,-34.40628437520034,-7.308949793455619,-37.911,7.974,4.218485307179586,real,53
27.0,left,0.83,-43.04392874858007,5.077711992599179,-38.042,7.725,4.232985307179586,real,46
27.0,left,0.89,-43.6602573640542,0.1392855187365034,-38.042,7.725,4.232985307179586,real,48
27.0,left,0.82,-42.861699230295024,-4.702909531755273,-38.042,7.725,4.232985307179586,real,49
27.0,left,0.89,-40.990234365884994,-9.352241554882767,-38.042,7.725,4.232985307179586,real,52
27.0,left,0.87,-37.6152483974982,-14.070886563059602,-38.042,7.725,4.232985307179586,real,55
27.0,right,0.83,-35.842291402639006,3.611691345559375,-38.042,7.725,4.232985307179586,real,43
27.0,right,0.94,-36.3729101506278,0.1671349525992003,-38.042,7.725,4.232985307179586,real,47
27.0,right,0.87,-35.92665751012427,-3.672545838930694,-38.042,7.725,4.232985307179586,real,50
27.0,right,0.85,-34.183947810596656,-7.381478421652085,-38.042,7.725,4.232985307179586,real,53
27.1,left,0.85,-42.76554469455038,4.789979530906387,-38.17,7.476,4.247585307179586,real,46
27.1,left,0.86,-43.561362544807366,0.34067408519777076,-38.17,7.476,4.247585307179586,real,48
27.1,left,0.99,-42.87193798560237,-4.843331969695009,-38.17,7.476,4.247585307179586,real,49
27.1,left,0.83,-41.101570969981346,-10.00443811373052,-38.17,7.476,4.247585307179586,real,52
27.1,left,0.76,-37.47443484192673,-14.059494772836647,-38.17,7.476,4.247585307179586,real,55
27.1,right,0.86,-36.19454821110763,3.7010198371697465,-38.17,7.476,4.247585307179586,real,43
27.1,right,0.85,-36.67449388369556,-0.24106300713529283,-38.17,7.476,4.247585307179586,real,47
27.1,right,0.94,-35.77178167765524,-3.906577251148789,-38.17,7.476,4.247585307179586,real,50
27.1,right,0.88,-34.21250037925669,-7.5209737197814865,-38.17,7.476,4.247585307179586,real,53
27.2,left,0.93,-42.844486411697936,4.914649432879335,-38.293,7.226,4.262385307179587,real,46
27.2,left,0.99,-43.28449707049886,0.02417127423864951,-38.293,7.226,4.262385307179587,real,48
27.2,left,0.95,-42.88003266662376,-4.968834288145391,-38.293,7.226,4.262385307179587,real,49
27.2,left,0.86,-40.96983382523716,-9.785202358212842,-38.293,7.226,4.262385307179587,real,52
27.2,left,0.84,-37.55788321134999,-14.329721915701294,-38.293,7.226,4.262385307179587,real,55
27.2,right,0.92,-35.68856316818958,3.451369714911233,-38.293,7.226,4.262385307179587,real,43
27.2,right,0.85,-36.40268177744824,-0.033994629301646206,-38.293,7.226,4.262385307179587,real,47
27.2,right,0.78,-35.98070115271833,-3.4917812555052588,-38.293,7.226,4.262385307179587,real,50
27.2,right,0.75,-34.451355604222925,-7.4711643978147935,-38.293,7.226,4.262385307179587,real,53
27.3,left,0.94,-42.701256212900475,4.783776109090019,-38.412,6.975,4.277285307179586,real,46
27.3,left,0.89,-43.92496228266076,0.10128922124592687,-38.412,6.975,4.277285307179586,real,48
27.3,left,0.94,-42.637370264062774,-4.990893787409868,-38.412,6.975,4.277285307179586,real,49
27.3,left,0.91,-41.25241072508566,-9.873599909571665,-38.412,6.975,4.277285307179586,real,52
27.3,left,0.91,-37.9053836425361,-14.278838803057434,-38.412,6.975,4.277285307179586,real,55
27.3,right,0.84,-36.015222453701675,3.7756528175954127,-38.412,6.975,4.277285307179586,real,43
27.3,right,0.98,-36.24003819698083,0.02274116374931623,-38.412,6.975,4.277285307179586,real,47
27.3,right,0.89,-35.808967336677256,-3.604963608334147,-38.412,6.975,4.277285307179586,real,50
27.3,right,0.82,-34.18804046263366,-7.256410043516135,-38.412,6.975,4.277285307179586,real,53
27.4,left,0.88,-42.81918365863544,4.776318608363724,-38.527,6.723,4.292285307179586,real,46
27.4,left,0.85,-43.4786667150296,0.17630566291139504,-38.527,6.723,4.292285307179586,real,48
27.4,left,0.9,-43.01277588236678,-4.876027533943376,-38.527,6.723,4.292285307179586,real,49
27.4,left,0.92,-41.15219178158533,-9.976367895519187,-38.527,6.723,4.292285307179586,real,52
27.4,left,0.9,-37.45054061404559,-13.975875819483308,-38.527,6.723,4.292285307179586,real,55
27.4,right,0.89,-35.78772525912623,3.842285002987806,-38.527,6.723,4.292285307179586,real,43
27.4,right,0.91,-36.614195026235116,-0.3052796708967356,-38.527,6.723,4.292285307179586,real,47
27.4,right,0.99,-36.11854968061588,-3.626195913647521,-38.527,6.723,4.292285307179586,real,50
27.4,right,0.89,-34.26228450502949,-7.404849721276003,-38.527,6.723,4.292285307179586,real,53
27.5,left,0.87,-42.68847401152237,5.1713074521046885,-38.637,6.47,4.307385307179587,real,46
27.5,left,0.83,-43.61591570856547,0.2593688431045892,-38.637,6.47,4.307385307179587,real,48
27.5,left,0.95,-42.81366974992416,-4.759778038771224,-38.637,6.47,4.307385307179587,real,49
27.5,left,0.84,-41.0300170696624,-9.578398496557355,-38.637,6.47,4.307385307179587,real,52
27.5,left,0.88,-37.76379661412923,-14.514704092431323,-38.637,6.47,4.307385307179587,real,55
27.5,right,0.98,-35.72913671997111,3.684927802612724,-38.637,6.47,4.307385307179587,real,43
27.5,right,0.9,-36.55255896176181,0.1678458001958958,-38.637,6.47,4.307385307179587,real,47
27.5,right,0.82,-35.90522557131975,-3.4183366382222586,-38.637,6.47,4.307385307179587,real,50
27.5,right,0.8,-33.98976089922587,-7.239174254499654,-38.637,6.47,4.307385307179587,real,53
27.6,left,0.94,-42.72383736842798,4.848051919856923,-38.743,6.217,4.322585307179587,real,46
27.6,left,0.77,-43.55627284240394,-0.017621844552935806,-38.743,6.217,4.322585307179587,real,48
27.6,left,0.87,-42.62063767919723,-5.4637154758974384,-38.743,6.217,4.322585307179587,real,49
27.6,left,0.85,-41.09790023368397,-9.741251059856005,-38.743,6.217,4.322585307179587,real,52
27.6,left,0.99,-37.77231777305133,-14.214566753782885,-38.743,6.217,4.322585307179587,real,55
27.6,right,0.85,-36.0692196287216,3.7228427222473917,-38.743,6.217,4.322585307179587,real,43
27.6,right,0.91,-36.78138645209131,0.06832231380916531,-38.743,6.217,4.322585307179587,real,47
27.6,right,0.9,-35.79252705942459,-3.787716858908717,-38.743,6.217,4.322585307179587,real,50
27.6,right,0.98,-34.365727573615985,-7.198797073048555,-38.743,6.217,4.322585307179587,real,53
27.7,left,0.99,-42.94799838924642,4.908857116970717,-38.845,5.963,4.337885307179587,real,46
27.7,left,0.95,-43.18148576690226,0.4029625726570796,-38.845,5.963,4.337885307179587,real,48
27.7,left,0.82,-42.97859218738917,-4.348591614700186,-38.845,5.963,4.337885307179587,real,49
27.7,left,0.83,-40.96951812262183,-9.545751069852514,-38.845,5.963,4.337885307179587,real,52
27.7,left,0.99,-37.701699120917624,-14.137404799403656,-38.845,5.963,4.337885307179587,real,55
27.7,right,0.86,-36.167182692678864,3.8832789926022797,-38.845,5.963,4.337885307179587,real,43
27.7,right,0.94,-36.42044222781623,0.1963826545067795,-38.845,5.963,4.337885307179587,real,47
27.7,right,0.86,-35.99327417022716,-3.4023077254197265,-38.845,5.963,4.337885307179587,real,50
27.7,right,0.75,-34.39744616647707,-7.381907451830283,-38.845,5.963,4.337885307179587,real,53
27.8,left,0.8,-42.82704138269887,4.57214797027818,-38.943,5.709,4.353385307179586,real,46
27.8,left,0.94,-43.6499637443799,0.02540806275704266,-38.943,5.709,4.353385307179586,real,48
27.8,left,0.84,-42.88059113840117,-4.73541999475244,-38.943,5.709,4.353385307179586,real,49
27.8,left,0.88,-41.0841273302528,-9.762053737727259,-38.943,5.709,4.353385307179586,real,52
27.8,left,0.69,-37.39221880819648,-13.941634155038063,-38.943,5.709,4.353385307179586,real,55
27.8,right,0.85,-35.913977779013976,3.68792989117821,-38.943,5.709,4.353385307179586,real,43
27.8,right,0.96,-36.379316014297835,-0.25601436892269924,-38.943,5.709,4.353385307179586,real,47
27.8,right,0.85,-35.961753422346725,-3.9448975985469534,-38.943,5.709,4.353385307179586,real,50
27.8,right,0.88,-34.12947563429073,-7.467209780537161,-38.943,5.709,4.353385307179586,real,53
27.9,left,0.85,-42.47397180770526,5.278264991993004,-39.037,5.454,4.368885307179586,real,46
27.9,left,0.86,-43.42830891100862,0.05662878355617362,-39.037,5.454,4.368885307179586,real,48
27.9,left,0.94,-42.73880457185142,-4.960698071082998,-39.037,5.454,4.368885307179586,real,49
27.9,left,0.76,-40.937127155858434,-9.888353039594978,-39.037,5.454,4.368885307179586,real,52
27.9,left,0.95,-37.54044210956498,-14.32659646422667,-39.037,5.454,4.368885307179586,real,55
27.9,right,0.92,-35.960193690459846,3.351968379501897,-39.037,5.454,4.368885307179586,real,43
27.9,right,0.81,-36.39047371162933,0.04679484345535756,-39.037,5.454,4.368885307179586,real,47
27.9,right,0.93,-35.876621610825545,-3.884955532458598,-39.037,5.454,4.368885307179586,real,50
27.9,right,0.84,-34.450374581882826,-7.154291766685978,-39.037,5.454,4.368885307179586,real,53
28.0,left,0.86,-43.04199909661793,4.9759908216142055,-39.126,5.198,4.384585307179586,real,46
28.0,left,0.8,-43.40755478112078,0.22363203449305047,-39.126,5.198,4.384585307179586,real,48
28.0,left,0.75,-42.73171492355349,-4.783590098279113,-39.126,5.198,4.384585307179586,real,49
28.0,left,0.99,-41.05288404975973,-9.807635470008643,-39.126,5.198,4.384585307179586,real,52
28.0,left,0.89,-37.79103991093034,-14.10886620248328,-39.126,5.198,4.384585307179586,real,55
28.0,right,0.84,-36.41764559512171,3.7044788526517762,-39.126,5.198,4.384585307179586,real,43
28.0,right,0.79,-36.75059296656351,-0.15376881278521415,-39.126,5.198,4.384585307179586,real,47
28.0,right,0.79,-35.9116068204667,-3.441984171708292,-39.126,5.198,4.384585307179586,real,50
28.0,right,0.85,-34.580471278981385,-7.342244441253722,-39.126,5.198,4.384585307179586,real,53
28.1,left,0.97,-42.74450906171562,4.95466421507315,-39.211,4.941,4.400285307179586,real,46
28.1,left,0.84,-43.5100148793549,0.05817048556011939,-39.211,4.941,4.400285307179586,real,48
28.1,left,0.9,-43.184675180684906,-4.785739410429826,-39.211,4.941,4.400285307179586,real,49
28.1,left,0.89,-40.69647028721941,-10.129951364322967,-39.211,4.941,4.400285307179586,real,52
28.1,left,0.83,-37.65297800798249,-14.290486876276363,-39.211,4.941,4.400285307179586,real,55
28.1,right,0.76,-36.2580938443064,3.942015397682794,-39.211,4.941,4.400285307179586,real,43
28.1,right,0.84,-36.671044240548106,-0.06370076428422977,-39.211,4.941,4.400285307179586,real,47
28.1,right,0.95,-35.95637479826765,-4.09174403469116,-39.211,4.941,4.400285307179586,real,50
28.1,right,0.95,-34.60081645032402,-7.286314203793776,-39.211,4.941,4.400285307179586,real,53
28.2,left,0.91,-42.752145835002295,4.9268088270643435,-39.291,4.685,4.416185307179586,real,46
28.2,left,0.92,-43.436081810502515,-0.08585000647066465,-39.291,4.685,4.416185307179586,real,48
28.2,left,0.84,-42.79714470728386,-5.097604627172936,-39.291,4.685,4.416185307179586,real,49
28.2,left,0.84,-41.008151390276524,-9.770284469801048,-39.291,4.685,4.416185307179586,real,52
28.2,left,0.83,-37.67881267318228,-14.311868742591459,-39.291,4.685,4.416185307179586,real,55
28.2,right,0.91,-36.659145421091836,-0.05566434959069211,-39.291,4.685,4.416185307179586,real,47
28.2,right,0.91,-35.6465472500281,-3.572380707780301,-39.291,4.685,4.416185307179586,real,50
28.2,right,0.79,-34.31959027203446,-7.432824487782022,-39.291,4.685,4.416185307179586,real,53
28.2,right,0.85,-31.508366572172804,-10.465463158863056,-39.291,4.685,4.416185307179586,real,56
28.2,right,0.26,-40.95200460354129,-5.852039513402929,-39.291,4.685,4.416185307179586,ghost,57
28.3,left,0.76,-43.11110253082489,4.965538247232589,-39.368,4.427,4.4320853071795865,real,46
28.3,left,0.85,-43.53702352253294,-0.22626002589228622,-39.368,4.427,4.4320853071795865,real,48
28.3,left,0.78,-42.80741663872873,-4.914061940980585,-39.368,4.427,4.4320853071795865,real,49
28.3,left,0.75,-40.763419070711116,-9.952158202659005,-39.368,4.427,4.4320853071795865,real,52
28.3,left,0.88,-38.006595373632095,-14.274522035473584,-39.368,4.427,4.4320853071795865,real,55
28.3,right,0.91,-36.370410146415324,-0.1832052090645786,-39.368,4.427,4.4320853071795865,real,47
28.3,right,0.83,-35.55547691545823,-3.9673437938790714,-39.368,4.427,4.4320853071795865,real,50
28.3,right,0.95,-34.3028334233701,-7.3009918379487,-39.368,4.427,4.4320853071795865,real,53
28.3,right,0.81,-31.675342546242405,-10.290558978959375,-39.368,4.427,4.4320853071795865,real,56
28.4,left,0.87,-42.79320560472688,4.545040120769333,-39.44,4.169,4.4480853071795865,real,46
28.4,left,0.64,-43.81628026099285,-0.05441237357238582,-39.44,4.169,4.4480853071795865,real,48
28.4,left,0.91,-42.95732291590184,-4.988129053653865,-39.44,4.169,4.4480853071795865,real,49
28.4,left,0.95,-40.73145231168727,-9.659835920880601,-39.44,4.169,4.4480853071795865,real,52
28.4,left,0.84,-37.65913923353175,-14.32752553671781,-39.44,4.169,4.4480853071795865,real,55
28.4,left,0.63,-33.33881470335966,-17.982059974097396,-39.44,4.169,4.4480853071795865,real,58
28.4,right,0.75,-36.60647972344025,-0.06422097726126386,-39.44,4.169,4.4480853071795865,real,47
28.4,right,0.77,-35.63064811628957,-3.808153892590506,-39.44,4.169,4.4480853071795865,real,50
28.4,right,0.87,-34.57664678518586,-6.93404595631113,-39.44,4.169,4.4480853071795865,real,53
28.4,right,0.83,-31.654431467146228,-10.594549560327195,-39.44,4.169,4.4480853071795865,real,56
28.5,left,0.91,-43.57798004971026,-0.14030736861084325,-39.508,3.911,4.464185307179586,real,48
28.5,left,0.83,-42.61608107385826,-4.954128653230255,-39.508,3.911,4.464185307179586,real,49
28.5,left,0.92,-40.88365668174158,-9.772375193788255,-39.508,3.911,4.464185307179586,real,52
28.5,left,0.8,-37.789113272241146,-14.43033205132971,-39.508,3.911,4.464185307179586,real,55
28.5,left,0.95,-33.26485859613801,-18.27458030368789,-39.508,3.911,4.464185307179586,real,58
28.5,right,0.84,-36.81327841486126,0.2683792980070886,-39.508,3.911,4.464185307179586,real,47
28.5,right,0.99,-36.138451547716684,-3.7650026203561904,-39.508,3.911,4.464185307179586,real,50
28.5,right,0.95,-34.5509218392514,-7.636645478980953,-39.508,3.911,4.464185307179586,real,53
28.5,right,0.96,-31.328521940217023,-10.552629685163017,-39.508,3.911,4.464185307179586,real,56
28.6,left,0.91,-43.46876485024451,0.4843360070553008,-39.571,3.652,4.480385307179587,real,48
28.6,left,0.89,-42.8897127211714,-5.241204983263071,-39.571,3.652,4.480385307179587,real,49
28.6,left,0.84,-40.84384900432661,-9.477095757598267,-39.571,3.652,4.480385307179587,real,52
28.6,left,0.9,-37.919636561684285,-14.296579297387135,-39.571,3.652,4.480385307179587,real,55
28.6,left,0.86,-32.84057321679657,-18.310952540948087,-39.571,3.652,4.480385307179587,real,58
28.6,right,0.85,-36.50058733117656,-0.2094305695076929,-39.571,3.652,4.480385307179587,real,47
28.6,right,0.89,-35.38662140425396,-3.6230206025455614,-39.571,3.652,4.480385307179587,real,50
28.6,right,0.87,-34.35144104755579,-7.2830996493840665,-39.571,3.652,4.480385307179587,real,53
28.6,right,0.92,-31.60278101684061,-10.966788158955527,-39.571,3.652,4.480385307179587,real,56
28.7,left,0.92,-43.68667692501061,0.1586443723538239,-39.63,3.393,4.496585307179586,real,48
28.7,left,0.84,-42.88734829323243,-5.156811933403906,-39.63,3.393,4.496585307179586,real,49
28.7,left,0.96,-41.08683716374447,-10.033476026058848,-39.63,3.393,4.496585307179586,real,52
28.7,left,0.99,-37.68199260888765,-14.045627388764622,-39.63,3.393,4.496585307179586,real,55
28.7,left,0.84,-33.35741955854196,-18.793794712293124,-39.63,3.393,4.496585307179586,real,58
28.7,right,0.75,-36.60652131125191,0.2517114715954305,-39.63,3.393,4.496585307179586,real,47
28.7,right,0.83,-35.98423387803106,-3.919288450540196,-39.63,3.393,4.496585307179586,real,50
28.7,right,0.83,-34.156122886747106,-7.14762907747949,-39.63,3.393,4.496585307179586,real,53
28.7,right,0.94,-31.78203034257793,-10.818138387060433,-39.63,3.393,4.496585307179586,real,56
28.8,left,0.88,-43.582127980191444,-0.1378502726369133,-39.685,3.133,4.512985307179586,real,48
28.8,left,0.96,-42.89141622918482,-4.928599094796281,-39.685,3.133,4.512985307179586,real,49
28.8,left,0.94,-40.92615379108328,-9.626986961861663,-39.685,3.133,4.512985307179586,real,52
28.8,left,0.96,-37.32155159800522,-14.129216301828349,-39.685,3.133,4.512985307179586,real,55
28.8,left,0.99,-33.1795394402242,-17.82491695052735,-39.685,3.133,4.512985307179586,real,58
28.8,right,0.9,-36.680251579574275,-0.35939744730595025,-39.685,3.133,4.512985307179586,real,47
28.8,right,0.92,-35.74664683806079,-3.9280435752687,-39.685,3.133,4.512985307179586,real,50
28.8,right,0.99,-34.303431412758655,-7.544584911430914,-39.685,3.133,4.512985307179586,real,53
28.8,right,0.83,-31.308918801428746,-10.860456926540387,-39.685,3.133,4.512985307179586,real,56
28.9,left,0.94,-43.34464718651946,0.4273697767544319,-39.735,2.873,4.529285307179586,real,48
28.9,left,0.87,-42.91604570666317,-4.6393700795501145,-39.735,2.873,4.529285307179586,real,49
28.9,left,0.85,-40.81182045975889,-9.982837222734451,-39.735,2.873,4.529285307179586,real,52
28.9,left,0.89,-37.76445326795164,-14.264280226944226,-39.735,2.873,4.529285307179586,real,55
28.9,left,0.77,-33.45866611544342,-18.697394594665326,-39.735,2.873,4.529285307179586,real,58
28.9,right,0.77,-36.656285387785616,-0.23961181912194474,-39.735,2.873,4.529285307179586,real,47
28.9,right,0.97,-35.879246869316496,-4.050807319331206,-39.735,2.873,4.529285307179586,real,50
28.9,right,0.89,-34.38925920155428,-7.422470669951567,-39.735,2.873,4.529285307179586,real,53
28.9,right,0.92,-31.601229929360933,-10.808728305955215,-39.735,2.873,4.529285307179586,real,56
29.0,left,0.95,-43.77711442702998,0.1962282925185378,-39.781,2.613,4.545785307179586,real,48
29.0,left,0.81,-43.08971055861537,-4.9662479468155105,-39.781,2.613,4.545785307179586,real,49
29.0,left,0.92,-41.10861842862806,-9.76827074689699,-39.781,2.613,4.545785307179586,real,52
29.0,left,0.87,-37.55426369042397,-14.482985096145107,-39.781,2.613,4.545785307179586,real,55
29.0,left,0.87,-33.551519785140755,-18.243850319563528,-39.781,2.613,4.545785307179586,real,58
29.0,right,0.86,-36.485840276146654,-0.024975813819137604,-39.781,2.613,4.545785307179586,real,47
29.0,right,0.75,-35.69821635233603,-3.536208297526411,-39.781,2.613,4.545785307179586,real,50
29.0,right,0.83,-34.17396030060093,-7.527242936407529,-39.781,2.613,4.545785307179586,real,53
29.0,right,0.85,-31.719780466321936,-10.896886588341413,-39.781,2.613,4.545785307179586,real,56
29.1,left,0.81,-43.48804151593559,-0.09328485737795539,-39.822,2.353,4.562285307179586,real,48
29.1,left,0.83,-42.9193116330187,-4.825544605138778,-39.822,2.353,4.562285307179586,real,49
29.1,left,0.93,-40.959074613462505,-9.538676135996099,-39.822,2.353,4.562285307179586,real,52
29.1,left,0.84,-37.813270561465444,-14.390659428057077,-39.822,2.353,4.562285307179586,real,55
29.1,left,0.86,-33.39467271970837,-18.523895220123585,-39.822,2.353,4.562285307179586,real,58
29.1,right,0.99,-36.461136728941135,0.07985414606817232,-39.822,2.353,4.562285307179586,real,47
29.1,right,0.77,-35.95777433955536,-3.6736246809604083,-39.822,2.353,4.562285307179586,real,50
29.1,right,0.84,-34.43564993782347,-7.746036043489044,-39.822,2.353,4.562285307179586,real,53
29.1,right,0.77,-31.577397888693877,-10.86149238624952,-39.822,2.353,4.562285307179586,real,56
29.2,left,0.75,-43.629556029794344,-0.024734120819405125,-39.86,2.092,4.5787853071795865,real,48
29.2,left,0.86,-42.885005335822896,-4.792401188065884,-39.86,2.092,4.5787853071795865,real,49
29.2,left,0.97,-40.61019760157524,-9.93827903078689,-39.86,2.092,4.5787853071795865,real,52
29.2,left,0.97,-37.808075401265796,-14.411403238153921,-39.86,2.092,4.5787853071795865,real,55
29.2,left,0.81,-33.37755634608638,-18.18722644663339,-39.86,2.092,4.5787853071795865,real,58
29.2,right,0.89,-36.307799247756925,-0.07347450129612765,-39.86,2.092,4.5787853071795865,real,47
29.2,right,0.82,-35.84081238794501,-3.4154630220368865,-39.86,2.092,4.5787853071795865,real,50
29.2,right,0.89,-34.06808726925831,-7.109521989294616,-39.86,2.092,4.5787853071795865,real,53
29.2,right,0.95,-31.753018991828064,-10.73218839276543,-39.86,2.092,4.5787853071795865,real,56
29.3,left,0.94,-43.38042558132775,0.22412482914793408,-39.893,1.831,4.595385307179586,real,48
29.3,left,0.87,-42.71208368070876,-4.874757019245594,-39.893,1.831,4.595385307179586,real,49
29.3,left,0.88,-40.75214519286875,-9.73578963833831,-39.893,1.831,4.595385307179586,real,52
29.3,left,0.84,-37.60857033120216,-14.369441663371903,-39.893,1.831,4.595385307179586,real,55
29.3,left,0.88,-33.223448603011825,-18.368690521464263,-39.893,1.831,4.595385307179586,real,58
29.3,right,0.85,-36.46251462635491,-0.08758179424466572,-39.893,1.831,4.595385307179586,real,47
29.3,right,0.85,-36.228883776700584,-3.488104934305589,-39.893,1.831,4.595385307179586,real,50
29.3,right,0.9,-34.47707680108724,-7.438615574740878,-39.893,1.831,4.595385307179586,real,53
29.3,right,0.76,-31.523690141889027,-10.683570927479959,-39.893,1.831,4.595385307179586,real,56
29.4,left,0.92,-43.75244200932224,0.0801754703319092,-39.921,1.57,4.612085307179586,real,48
29.4,left,0.91,-42.61511368427184,-5.246484391254716,-39.921,1.57,4.612085307179586,real,49
29.4,left,0.86,-41.155303839129026,-9.80557818454567,-39.921,1.57,4.612085307179586,real,52
29.4,left,0.78,-37.490777314399224,-14.188557348259751,-39.921,1.57,4.612085307179586,real,55
29.4,left,0.79,-33.27186135811591,-18.01625968175149,-39.921,1.57,4.612085307179586,real,58
29.4,right,0.91,-36.627577901057236,-0.07907728084386972,-39.921,1.57,4.612085307179586,real,47
29.4,right,0.84,-36.05542600603087,-3.831229091341113,-39.921,1.57,4.612085307179586,real,50
29.4,right,0.81,-34.16102656082172,-7.517453547609514,-39.921,1.57,4.612085307179586,real,53
29.4,right,0.76,-31.644072405758255,-10.640185649681154,-39.921,1.57,4.612085307179586,real,56
29.5,left,0.77,-43.56472607904765,0.08735709043867956,-39.945,1.308,4.628685307179586,real,48
29.5,left,0.81,-42.85840226029353,-5.189169481375453,-39.945,1.308,4.628685307179586,real,49
29.5,left,0.86,-40.881181295824945,-9.635042428015508,-39.945,1.308,4.628685307179586,real,52
29.5,left,0.9,-38.100366527930014,-13.99981667494483,-39.945,1.308,4.628685307179586,real,55
29.5,left,0.8,-33.26534974131003,-18.08937088941651,-39.945,1.308,4.628685307179586,real,58
29.5,right,0.84,-36.551776254418975,0.2475936569290646,-39.945,1.308,4.628685307179586,real,47
29.5,right,0.88,-36.07907664849193,-3.878372300583966,-39.945,1.308,4.628685307179586,real,50
29.5,right,0.91,-34.46536128204353,-7.465848672086403,-39.945,1.308,4.628685307179586,real,53
29.5,right,0.88,-31.338922294455884,-10.964486729515597,-39.945,1.308,4.628685307179586,real,56
29.6,left,0.96,-43.565961903259954,-0.07141243343878984,-39.965,1.047,4.645385307179586,real,48
29.6,left,0.82,-42.78842085264433,-4.958437593452554,-39.965,1.047,4.645385307179586,real,49
29.6,left,0.9,-41.05854020175651,-9.722950363262699,-39.965,1.047,4.645385307179586,real,52
29.6,left,0.88,-37.507873392145925,-14.118543407111252,-39.965,1.047,4.645385307179586,real,55
29.6,left,0.9,-33.45810951580118,-18.350184878910724,-39.965,1.047,4.645385307179586,real,58
29.6,right,0.86,-36.3457789295438,-0.3554666994855357,-39.965,1.047,4.645385307179586,real,47
29.6,right,0.87,-36.028510779982554,-3.931733736673053,-39.965,1.047,4.645385307179586,real,50
29.6,right,0.93,-34.17058937338023,-7.34077774443958,-39.965,1.047,4.645385307179586,real,53
29.6,right,0.86,-31.773510690662636,-10.85515660689321,-39.965,1.047,4.645385307179586,real,56
29.7,left,0.9,-43.202221377522754,-0.015308936745886764,-39.98,0.785,4.662185307179586,real,48
29.7,left,0.97,-42.73213666194763,-4.608686382611038,-39.98,0.785,4.662185307179586,real,49
29.7,left,0.86,-40.61854862883611,-9.990532499538551,-39.98,0.785,4.662185307179586,real,52
29.7,left,0.99,-37.681509332545104,-14.029008966232697,-39.98,0.785,4.662185307179586,real,55
29.7,left,0.99,-33.157857740350174,-18.29439163047659,-39.98,0.785,4.662185307179586,real,58
29.7,right,0.77,-36.36675599489077,0.0016911467740229336,-39.98,0.785,4.662185307179586,real,47
29.7,right,0.99,-35.937773366976074,-3.9948717396256646,-39.98,0.785,4.662185307179586,real,50
29.7,right,0.84,-34.210849119687836,-7.327732469408409,-39.98,0.785,4.662185307179586,real,53
29.7,right,0.89,-31.730131951514032,-10.723499736393551,-39.98,0.785,4.662185307179586,real,56
29.8,left,0.91,-43.831304380847335,-0.2267811015500789,-39.991,0.524,4.678885307179586,real,48
29.8,left,0.92,-42.7735811212692,-4.9098401985664095,-39.991,0.524,4.678885307179586,real,49
29.8,left,0.85,-40.696391300394325,-9.596050548951224,-39.991,0.524,4.678885307179586,real,52
29.8,left,0.92,-37.52870896274492,-13.927590530036937,-39.991,0.524,4.678885307179586,real,55
29.8,left,0.84,-33.216110704844986,-18.34052790393637,-39.991,0.524,4.678885307179586,real,58
29.8,right,0.84,-36.709913688753545,0.023811417412264363,-39.991,0.524,4.678885307179586,real,47
29.8,right,0.95,-35.91058518255595,-3.591993187261488,-39.991,0.524,4.678885307179586,real,50
29.8,right,0.86,-34.60366418937443,-7.34787943654826,-39.991,0.524,4.678885307179586,real,53
29.8,right,0.83,-31.80408039175463,-10.601484139044357,-39.991,0.524,4.678885307179586,real,56
29.8,right,0.42,-48.151102786624406,-14.985361512058603,-39.991,0.524,4.678885307179586,ghost,59
29.9,left,0.82,-43.88187952539642,-0.11479282398480083,-39.998,0.262,4.695585307179586,real,48
29.9,left,0.99,-43.16055425757661,-4.862583453109538,-39.998,0.262,4.695585307179586,real,49
29.9,left,0.82,-40.81108032674222,-9.912774365177084,-39.998,0.262,4.695585307179586,real,52
29.9,left,0.86,-37.4239724243602,-14.279304000668093,-39.998,0.262,4.695585307179586,real,55
29.9,left,0.86,-33.21966113386407,-18.283513856882777,-39.998,0.262,4.695585307179586,real,58
29.9,right,0.8,-36.38524105678625,0.09827212140540285,-39.998,0.262,4.695585307179586,real,47
29.9,right,0.94,-35.927551996787486,-3.851976063754289,-39.998,0.262,4.695585307179586,real,50
29.9,right,0.94,-34.25757275159167,-7.259517599908357,-39.998,0.262,4.695585307179586,real,53
29.9,right,0.87,-31.637559771680987,-10.554006480614975,-39.998,0.262,4.695585307179586,real,56
30.0,left,0.84,-43.34900007344151,-0.019987698435972402,-40.0,0.0,4.712385307179586,real,48
30.0,left,0.78,-42.845018523954145,-5.042989549697458,-40.0,0.0,4.712385307179586,real,49
30.0,left,0.98,-41.17503634268337,-9.893995683917256,-40.0,0.0,4.712385307179586,real,52
30.0,left,0.83,-37.32205270316489,-14.348009836746474,-40.0,0.0,4.712385307179586,real,55
30.0,left,0.84,-33.37706842450935,-18.62802432751173,-40.0,0.0,4.712385307179586,real,58
30.0,right,0.91,-36.57099949312083,0.13798740457876807,-40.0,0.0,4.712385307179586,real,47
30.0,right,0.89,-36.06201471855942,-4.007014465054666,-40.0,0.0,4.712385307179586,real,50
30.0,right,0.92,-34.31002772539051,-7.54802090048612,-40.0,0.0,4.712385307179586,real,53
30.0,right,0.94,-31.60703868257957,-10.531030829139391,-40.0,0.0,4.712385307179586,real,56
30.1,left,0.91,-42.831034423141055,-4.749215278688758,-39.998,-0.262,4.729185307179586,real,49
30.1,left,0.76,-41.121446175370636,-9.771210203326305,-39.998,-0.262,4.729185307179586,real,52
30.1,left,0.9,-37.391103114757186,-14.047160232282806,-39.998,-0.262,4.729185307179586,real,55
30.1,left,0.76,-33.169701772140144,-18.143837386337175,-39.998,-0.262,4.729185307179586,real,58
30.1,left,0.83,-27.904678632518404,-21.73291475235308,-39.998,-0.262,4.729185307179586,real,60
30.1,right,0.95,-36.14526266335841,-3.607763143865367,-39.998,-0.262,4.729185307179586,real,50
30.1,right,0.87,-34.37552018026438,-7.328564205939525,-39.998,-0.262,4.729185307179586,real,53
30.1,right,0.85,-31.531539745924956,-10.697273200360764,-39.998,-0.262,4.729185307179586,real,56
30.1,right,0.87,-28.107800156585924,-13.987233720548293,-39.998,-0.262,4.729185307179586,real,61
30.2,left,0.79,-42.519498011640394,-4.881123684855703,-39.991,-0.524,4.745885307179586,real,49
30.2,left,0.93,-40.724320783730214,-9.484585395394058,-39.991,-0.524,4.745885307179586,real,52
30.2,left,0.8,-37.66099844978127,-14.369734858647924,-39.991,-0.524,4.745885307179586,real,55
30.2,left,0.9,-33.50304109739423,-18.359722785412945,-39.991,-0.524,4.745885307179586,real,58
30.2,left,0.88,-27.917115946348915,-21.936656277514704,-39.991,-0.524,4.745885307179586,real,60
30.2,right,0.82,-36.15692884094722,-3.567303853925803,-39.991,-0.524,4.745885307179586,real,50
30.2,right,0.91,-34.392737097419136,-7.395368311594631,-39.991,-0.524,4.745885307179586,real,53
30.2,right,0.87,-31.573391285433964,-10.88190401232131,-39.991,-0.524,4.745885307179586,real,56
30.2,right,0.81,-28.060042941279548,-13.729839301724391,-39.991,-0.524,4.745885307179586,real,61
30.3,left,0.86,-42.697360658471055,-5.170868562986555,-39.98,-0.785,4.762585307179586,real,49
30.3,left,0.89,-41.02969667136154,-9.566730005991557,-39.98,-0.785,4.762585307179586,real,52
30.3,left,0.85,-37.37176082836135,-14.416300540430093,-39.98,-0.785,4.762585307179586,real,55
30.3,left,0.96,-33.116615736180734,-18.23861204585338,-39.98,-0.785,4.762585307179586,real,58
30.3,left,0.94,-27.721520706328747,-21.951588563267183,-39.98,-0.785,4.762585307179586,real,60
30.3,right,0.9,-36.049354136615435,-3.74851161574539,-39.98,-0.785,4.762585307179586,real,50
30.3,right,0.81,-34.67407915882805,-7.286963782367388,-39.98,-0.785,4.762585307179586,real,53
30.3,right,0.91,-31.368745449046394,-10.698414803118087,-39.98,-0.785,4.762585307179586,real,56
30.3,right,0.86,-28.0119571069917,-13.559590964532427,-39.98,-0.785,4.762585307179586,real,61
30.4,left,0.91,-43.07145408184724,-4.893594862651201,-39.965,-1.047,4.779385307179586,real,49
30.4,left,0.9,-40.81244835279884,-9.911620481968676,-39.965,-1.047,4.779385307179586,real,52
30.4,left,0.85,-37.56248106826043,-14.37305631020044,-39.965,-1.047,4.779385307179586,real,55
30.4,left,0.99,-33.31499793545973,-18.360649197717102,-39.965,-1.047,4.779385307179586,real,58
30.4,left,0.86,-27.98552437573175,-21.86371993296645,-39.965,-1.047,4.779385307179586,real,60
30.4,right,0.93,-35.960901204282784,-3.8121440892177594,-39.965,-1.047,4.779385307179586,real,50
30.4,right,0.86,-34.323380621161434,-7.125952523610719,-39.965,-1.047,4.779385307179586,real,53
30.4,right,0.84,-31.657749767640382,-10.421892776824759,-39.965,-1.047,4.779385307179586,real,56
30.4,right,0.76,-28.242167740700772,-14.065406385588568,-39.965,-1.047,4.779385307179586,real,61
30.5,left,0.93,-42.79183958489408,-4.826307743486934,-39.945,-1.308,4.796085307179586,real,49
30.5,left,0.89,-40.60845724936972,-9.823271779471208,-39.945,-1.308,4.796085307179586,real,52
30.5,left,0.9,-37.651837994720594,-14.372025299177238,-39.945,-1.308,4.796085307179586,real,55
30.5,left,0.98,-33.34500531031762,-18.57970889333665,-39.945,-1.308,4.796085307179586,real,58
30.5,left,0.78,-27.828535765177563,-22.18214983768845,-39.945,-1.308,4.796085307179586,real,60
30.5,right,0.88,-36.478797744239344,-3.9404450463703364,-39.945,-1.308,4.796085307179586,real,50
30.5,right,0.96,-34.613057477913316,-7.304246654463432,-39.945,-1.308,4.796085307179586,real,53
30.5,right,0.91,-31.619741256628046,-10.639685156278516,-39.945,-1.308,4.796085307179586,real,56
30.5,right,0.76,-27.74347959130831,-13.686299589050192,-39.945,-1.308,4.796085307179586,real,61
30.6,left,0.91,-42.738256748367824,-5.20435130577328,-39.921,-1.57,4.812685307179587,real,49
30.6,left,0.98,-41.14749393496443,-9.796146888276155,-39.921,-1.57,4.812685307179587,real,52
30.6,left,0.89,-37.644878084190076,-14.210620832236435,-39.921,-1.57,4.812685307179587,real,55
30.6,left,0.77,-33.40949818024045,-18.49607600866982,-39.921,-1.57,4.812685307179587,real,58
30.6,left,0.88,-28.243652369294445,-21.840636825508355,-39.921,-1.57,4.812685307179587,real,60
30.6,right,0.88,-35.93767836983256,-3.7702140329159395,-39.921,-1.57,4.812685307179587,real,50
30.6,right,0.95,-34.291984687805645,-7.259971231481002,-39.921,-1.57,4.812685307179587,real,53
30.6,right,0.93,-31.53712539184527,-10.745649108087035,-39.921,-1.57,4.812685307179587,real,56
30.6,right,0.94,-27.89346055698982,-13.975044495963505,-39.921,-1.57,4.812685307179587,real,61
30.7,left,0.96,-42.550552889339116,-4.937451615648518,-39.893,-1.831,4.829385307179586,real,49
30.7,left,0.85,-40.809689239940845,-9.725976937102267,-39.893,-1.831,4.829385307179586,real,52
30.7,left,0.99,-37.40034290595682,-14.086817174367289,-39.893,-1.831,4.829385307179586,real,55
30.7,left,0.95,-33.59531173903372,-18.430350968266424,-39.893,-1.831,4.829385307179586,real,58
30.7,left,0.87,-28.08984411428083,-21.84705745738688,-39.893,-1.831,4.829385307179586,real,60
30.7,right,0.9,-35.94822582808205,-3.5684054600377695,-39.893,-1.831,4.829385307179586,real,50
30.7,right,0.91,-34.50887218770965,-7.8476443056675285,-39.893,-1.831,4.829385307179586,real,53
30.7,right,0.99,-31.57849756610819,-10.48058231805485,-39.893,-1.831,4.829385307179586,real,56
30.7,right,0.86,-27.989146788488767,-13.708666888694667,-39.893,-1.831,4.829385307179586,real,61
30.8,left,0.87,-42.78985288196275,-4.894224132730027,-39.86,-2.092,4.845985307179586,real,49
30.8,left,0.91,-40.84153121935133,-10.171735544276105,-39.86,-2.092,4.845985307179586,real,52
30.8,left,0.84,-37.96383919357678,-14.368828181423101,-39.86,-2.092,4.845985307179586,real,55
30.8,left,0.81,-33.1110507029841,-18.3519326070654,-39.86,-2.092,4.845985307179586,real,58
30.8,left,0.92,-27.887190892760902,-21.912848596405066,-39.86,-2.092,4.845985307179586,real,60
30.8,right,0.85,-35.86255446819885,-3.502108229989116,-39.86,-2.092,4.845985307179586,real,50
30.8,right,0.87,-34.15201582503219,-7.558410308266022,-39.86,-2.092,4.845985307179586,real,53
30.8,right,0.94,-31.748096525152185,-10.90301282570579,-39.86,-2.092,4.845985307179586,real,56
30.8,right,0.93,-28.112361763407257,-13.788446890493894,-39.86,-2.092,4.845985307179586,real,61
30.9,left,0.98,-42.98144539203802,-4.821193228807207,-39.822,-2.353,4.862485307179586,real,49
30.9,left,0.89,-41.12119271417479,-10.160049845584126,-39.822,-2.353,4.862485307179586,real,52
30.9,left,0.93,-37.649180338255746,-14.179055078407913,-39.822,-2.353,4.862485307179586,real,55
30.9,left,0.86,-33.55459623143358,-18.268759956777412,-39.822,-2.353,4.862485307179586,real,58
30.9,left,0.86,-27.793776893823775,-21.887006294358777,-39.822,-2.353,4.862485307179586,real,60
30.9,right,0.85,-36.11216527201607,-3.8986339447114804,-39.822,-2.353,4.862485307179586,real,50
30.9,right,0.93,-34.07520427284142,-7.175887503385484,-39.822,-2.353,4.862485307179586,real,53
30.9,right,0.88,-31.199473036227634,-11.070659878603802,-39.822,-2.353,4.862485307179586,real,56
30.9,right,0.82,-28.135092846651276,-13.825405248639292,-39.822,-2.353,4.862485307179586,real,61
31.0,left,0.81,-42.830358001767436,-5.054467545771789,-39.781,-2.613,4.878985307179587,real,49
31.0,left,0.99,-40.41731414759924,-9.478572467432345,-39.781,-2.613,4.878985307179587,real,52
31.0,left,0.88,-37.55359890256548,-14.393742860751502,-39.781,-2.613,4.878985307179587,real,55
31.0,left,0.89,-33.35032731906689,-18.422506566325865,-39.781,-2.613,4.878985307179587,real,58
31.0,left,0.76,-27.996494835852353,-21.381667721396145,-39.781,-2.613,4.878985307179587,real,60
31.0,right,0.84,-35.745642219509534,-3.5325610819489164,-39.781,-2.613,4.878985307179587,real,50
31.0,right,0.9,-34.15684346930824,-7.19784190766457,-39.781,-2.613,4.878985307179587,real,53
31.0,right,0.72,-31.56835514751468,-10.620995162769917,-39.781,-2.613,4.878985307179587,real,56
31.0,right,0.96,-28.13111030616973,-13.905482017766838,-39.781,-2.613,4.878985307179587,real,61
31.0,unknown,0.39,-33.006342391959784,-8.925984341325645,-39.781,-2.613,4.878985307179587,ghost,62
31.1,left,0.74,-42.97239454048723,-4.9145742918697515,-39.735,-2.873,4.8954853071795865,real,49
31.1,left,0.87,-40.91004494877447,-9.483442221845644,-39.735,-2.873,4.8954853071795865,real,52
31.1,left,0.94,-37.917660269849115,-14.329609153899558,-39.735,-2.873,4.8954853071795865,real,55
31.1,left,0.8,-33.665569247778194,-18.28960232813911,-39.735,-2.873,4.8954853071795865,real,58
31.1,left,0.76,-27.994303265837274,-21.71933572332884,-39.735,-2.873,4.8954853071795865,real,60
31.1,right,0.94,-35.91937068162385,-3.888239333727949,-39.735,-2.873,4.8954853071795865,real,50
31.1,right,0.84,-34.30454789342633,-7.616540335889387,-39.735,-2.873,4.8954853071795865,real,53
31.1,right,0.96,-31.897958259562444,-10.908384854419824,-39.735,-2.873,4.8954853071795865,real,56
31.1,right,0.8,-28.037890256104163,-13.822269548205355,-39.735,-2.873,4.8954853071795865,real,61
31.2,left,0.97,-42.70327500476359,-4.680514780420328,-39.685,-3.133,4.911785307179587,real,49
31.2,left,0.81,-40.92048041675593,-9.923261050932622,-39.685,-3.133,4.911785307179587,real,52
31.2,left,0.88,-37.57098848416052,-14.735142574149746,-39.685,-3.133,4.911785307179587,real,55
31.2,left,0.78,-33.158397420018844,-18.542545507995463,-39.685,-3.133,4.911785307179587,real,58
31.2,left,0.84,-27.981670816182437,-21.794586508526123,-39.685,-3.133,4.911785307179587,real,60
31.2,right,0.89,-35.78939425573604,-3.4986116590832714,-39.685,-3.133,4.911785307179587,real,50
31.2,right,0.86,-34.094746865182614,-7.421670060597385,-39.685,-3.133,4.911785307179587,real,53
31.2,right,0.92,-31.706120791543,-10.815786511211446,-39.685,-3.133,4.911785307179587,real,56
31.2,right,0.83,-27.94577283756334,-13.859247742277319,-39.685,-3.133,4.911785307179587,real,61
31.3,left,0.78,-42.750769575253074,-4.712848195125028,-39.63,-3.393,4.928185307179586,real,49
31.3,left,0.93,-40.85764326191834,-9.48209894988302,-39.63,-3.393,4.928185307179586,real,52
31.3,left,0.83,-37.595537869801944,-14.126316581597226,-39.63,-3.393,4.928185307179586,real,55
31.3,left,0.89,-33.53975814794225,-18.570959519759043,-39.63,-3.393,4.928185307179586,real,58
31.3,left,0.88,-27.91206705758567,-21.87352730733301,-39.63,-3.393,4.928185307179586,real,60
31.3,right,0.78,-36.40271887646382,-3.810644046607962,-39.63,-3.393,4.928185307179586,real,50
31.3,right,0.98,-34.137927780034616,-7.501295112413963,-39.63,-3.393,4.928185307179586,real,53
31.3,right,0.87,-31.310293451356905,-10.69592249339024,-39.63,-3.393,4.928185307179586,real,56
31.3,right,0.84,-28.0030670123123,-14.018832405031597,-39.63,-3.393,4.928185307179586,real,61
31.4,left,0.71,-42.278242025975516,-4.984140237659665,-39.571,-3.652,4.944385307179586,real,49
31.4,left,0.85,-41.21776318347656,-10.007904028346095,-39.571,-3.652,4.944385307179586,real,52
31.4,left,0.9,-37.55352240795251,-14.066141643245796,-39.571,-3.652,4.944385307179586,real,55
31.4,left,0.78,-33.26238880456593,-18.263983636209147,-39.571,-3.652,4.944385307179586,real,58
31.4,left,0.74,-28.00125019163847,-21.91823821075151,-39.571,-3.652,4.944385307179586,real,60
31.4,right,0.92,-35.72702979734972,-3.8433167037580116,-39.571,-3.652,4.944385307179586,real,50
31.4,right,0.76,-34.42464048680307,-7.272746989355576,-39.571,-3.652,4.944385307179586,real,53
31.4,right,0.84,-31.47056283997216,-10.543159540776877,-39.571,-3.652,4.944385307179586,real,56
31.4,right,0.9,-28.097010075971205,-13.675424974692318,-39.571,-3.652,4.944385307179586,real,61
31.5,left,0.95,-42.845272223422384,-5.278732103437454,-39.508,-3.911,4.960585307179587,real,49
31.5,left,0.92,-40.56918332788676,-9.68873259545777,-39.508,-3.911,4.960585307179587,real,52
31.5,left,0.82,-37.526121155500675,-14.121003978732134,-39.508,-3.911,4.960585307179587,real,55
31.5,left,0.86,-33.40604334424225,-18.223597771587574,-39.508,-3.911,4.960585307179587,real,58
31.5,left,0.99,-27.876332832840664,-21.424269366752384,-39.508,-3.911,4.960585307179587,real,60
31.5,right,0.76,-35.76372029974721,-3.4572924661470568,-39.508,-3.911,4.960585307179587,real,50
31.5,right,0.89,-34.44796333698421,-7.375122683874805,-39.508,-3.911,4.960585307179587,real,53
31.5,right,0.87,-31.812619075809152,-10.898707594884003,-39.508,-3.911,4.960585307179587,real,56
31.5,right,0.97,-28.091129662767745,-13.99023497606967,-39.508,-3.911,4.960585307179587,real,61
31.6,left,0.8,-40.91845893265959,-9.998643229601539,-39.44,-4.169,4.9766853071795865,real,52
31.6,left,0.85,-37.72630460513374,-14.344665289975598,-39.44,-4.169,4.9766853071795865,real,55
31.6,left,0.84,-33.38307550250936,-18.36570756308299,-39.44,-4.169,4.9766853071795865,real,58
31.6,left,0.86,-27.65974624399832,-21.824710193708114,-39.44,-4.169,4.9766853071795865,real,60
31.6,right,0.92,-36.21569907261547,-3.73774076280349,-39.44,-4.169,4.9766853071795865,real,50
31.6,right,0.98,-33.90327178839898,-7.474415361321685,-39.44,-4.169,4.9766853071795865,real,53
31.6,right,0.93,-31.631080373148563,-10.572424104444005,-39.44,-4.169,4.9766853071795865,real,56
31.6,right,0.91,-28.005657217664826,-13.43785198587503,-39.44,-4.169,4.9766853071795865,real,61
31.7,left,0.85,-40.86958128758475,-9.816740776398746,-39.368,-4.427,4.9926853071795865,real,52
31.7,left,0.99,-38.03624108281943,-14.218718091658381,-39.368,-4.427,4.9926853071795865,real,55
31.7,left,0.82,-33.55928709379715,-18.253682153478195,-39.368,-4.427,4.9926853071795865,real,58
31.7,left,0.87,-27.826485179164496,-21.579554551449014,-39.368,-4.427,4.9926853071795865,real,60
31.7,right,0.81,-36.13342178489437,-3.604068793662522,-39.368,-4.427,4.9926853071795865,real,50
31.7,right,0.89,-34.4908126812091,-7.618318827291505,-39.368,-4.427,4.9926853071795865,real,53
31.7,right,0.9,-31.522379017497684,-10.81592130166896,-39.368,-4.427,4.9926853071795865,real,56
31.7,right,0.88,-28.374752752756088,-13.91302993675247,-39.368,-4.427,4.9926853071795865,real,61
31.7,right,0.98,-23.715077943473233,-16.449983951261753,-39.368,-4.427,4.9926853071795865,real,63
31.8,left,0.96,-40.88357822901454,-9.741019836241634,-39.291,-4.685,5.008585307179587,real,52
31.8,left,0.72,-37.371384306975884,-14.247088505713359,-39.291,-4.685,5.008585307179587,real,55
31.8,left,0.83,-33.19542344278719,-18.20452301063753,-39.291,-4.685,5.008585307179587,real,58
31.8,left,0.87,-28.27757147801718,-21.626075443760215,-39.291,-4.685,5.008585307179587,real,60
31.8,right,0.8,-35.76560083963656,-3.711603492861804,-39.291,-4.685,5.008585307179587,real,50
31.8,right,0.99,-34.05910549280746,-7.230750354140915,-39.291,-4.685,5.008585307179587,real,53
31.8,right,0.79,-31.750908124491843,-10.909207219308815,-39.291,-4.685,5.008585307179587,real,56
31.8,right,0.96,-27.786525770964715,-13.837586558643583,-39.291,-4.685,5.008585307179587,real,61
31.8,right,0.83,-23.69001438469899,-16.633637070024804,-39.291,-4.685,5.008585307179587,real,63
31.9,left,0.99,-40.48926443459077,-9.528089931019485,-39.211,-4.941,5.024485307179586,real,52
31.9,left,0.92,-37.876905623717285,-14.257418259995138,-39.211,-4.941,5.024485307179586,real,55
31.9,left,0.81,-33.42739501909557,-18.15758599733144,-39.211,-4.941,5.024485307179586,real,58
31.9,left,0.9,-27.929841957013707,-21.9907089186052,-39.211,-4.941,5.024485307179586,real,60
31.9,right,0.75,-34.3670458487354,-7.259652233614707,-39.211,-4.941,5.024485307179586,real,53
31.9,right,0.91,-31.66903903053545,-10.749820597597541,-39.211,-4.941,5.024485307179586,real,56
31.9,right,0.89,-28.15777533715864,-13.793716337529158,-39.211,-4.941,5.024485307179586,real,61
31.9,right,0.99,-23.405458888599156,-16.7272080066414,-39.211,-4.941,5.024485307179586,real,63
32.0,left,0.97,-41.15567755995854,-9.367477305682419,-39.126,-5.198,5.040185307179586,real,52
32.0,left,0.81,-37.59269140663885,-14.542918124709539,-39.126,-5.198,5.040185307179586,real,55
32.0,left,0.99,-33.332687627551536,-18.46944964784313,-39.126,-5.198,5.040185307179586,real,58
32.0,left,0.85,-27.607149744081212,-21.83845557614694,-39.126,-5.198,5.040185307179586,real,60
32.0,right,0.79,-34.27710811249538,-7.408566548035122,-39.126,-5.198,5.040185307179586,real,53
32.0,right,0.86,-31.884464335663566,-10.968804989093245,-39.126,-5.198,5.040185307179586,real,56
32.0,right,0.91,-27.97527564404829,-13.621455130621005,-39.126,-5.198,5.040185307179586,real,61
32.0,right,0.91,-23.61111350802972,-16.46900053860696,-39.126,-5.198,5.040185307179586,real,63
32.1,left,0.87,-40.84535824828552,-9.84343930882496,-39.037,-5.454,5.055885307179587,real,52
32.1,left,0.79,-37.90306925782222,-14.295614675608983,-39.037,-5.454,5.055885307179587,real,55
32.1,left,0.99,-33.23691047090093,-17.77435800837116,-39.037,-5.454,5.055885307179587,real,58
32.1,left,0.91,-27.921309047010098,-21.48917179944195,-39.037,-5.454,5.055885307179587,real,60
32.1,right,0.87,-34.206210809865894,-7.281859075662972,-39.037,-5.454,5.055885307179587,real,53
32.1,right,0.82,-31.29541247857738,-11.144182479336983,-39.037,-5.454,5.055885307179587,real,56
32.1,right,0.86,-27.792810857818615,-13.552243916729743,-39.037,-5.454,5.055885307179587,real,61
32.1,right,0.88,-23.449821596818303,-16.424388982501306,-39.037,-5.454,5.055885307179587,real,63
32.2,left,0.85,-40.56917058502688,-9.85461337179353,-38.943,-5.709,5.071385307179586,real,52
32.2,left,0.91,-37.558171089029635,-13.998946253585762,-38.943,-5.709,5.071385307179586,real,55
32.2,left,0.74,-33.35313645956286,-18.060495682681168,-38.943,-5.709,5.071385307179586,real,58
32.2,left,0.84,-28.100540499291885,-21.7940935022307,-38.943,-5.709,5.071385307179586,real,60
32.2,right,0.9,-34.29729984838931,-7.201981949430207,-38.943,-5.709,5.071385307179586,real,53
32.2,right,0.86,-31.68735864977228,-10.493877594763074,-38.943,-5.709,5.071385307179586,real,56
32.2,right,0.84,-28.158620514191867,-13.891722230778743,-38.943,-5.709,5.071385307179586,real,61
32.2,right,0.89,-23.20161273525781,-16.32529365557549,-38.943,-5.709,5.071385307179586,real,63
32.3,left,0.82,-41.02614173184131,-9.689119931727948,-38.845,-5.963,5.086885307179586,real,52
32.3,left,0.99,-37.73217732897832,-14.193354773815049,-38.845,-5.963,5.086885307179586,real,55
32.3,left,0.84,-33.23598843095341,-18.44855093771603,-38.845,-5.963,5.086885307179586,real,58
32.3,left,0.8,-27.985596598554352,-21.856108656416804,-38.845,-5.963,5.086885307179586,real,60
32.3,right,0.81,-34.253359899444646,-7.251676137348738,-38.845,-5.963,5.086885307179586,real,53
32.3,right,0.85,-31.722543853725433,-10.538711905747093,-38.845,-5.963,5.086885307179586,real,56
32.3,right,0.96,-27.87381111725253,-13.452800497949086,-38.845,-5.963,5.086885307179586,real,61
32.3,right,0.92,-23.400498946665408,-16.848817020947337,-38.845,-5.963,5.086885307179586,real,63
32.4,left,0.84,-41.074570963963104,-10.0678639082684,-38.743,-6.217,5.102185307179586,real,52
32.4,left,0.89,-37.5844477956525,-14.287118139767319,-38.743,-6.217,5.102185307179586,real,55
32.4,left,0.83,-33.58447084267731,-18.536919355785233,-38.743,-6.217,5.102185307179586,real,58
32.4,left,0.81,-27.67214559553152,-22.24434247325678,-38.743,-6.217,5.102185307179586,real,60
32.4,right,0.86,-34.46885723426876,-7.4157479377030615,-38.743,-6.217,5.102185307179586,real,53
32.4,right,0.83,-31.609410741341676,-10.752456458699008,-38.743,-6.217,5.102185307179586,real,56
32.4,right,0.87,-28.09265126847087,-14.320758689448736,-38.743,-6.217,5.102185307179586,real,61
32.4,right,0.78,-23.65346083984452,-16.434419338273937,-38.743,-6.217,5.102185307179586,real,63
32.5,left,0.87,-40.7740827529348,-9.563277761066502,-38.637,-6.47,5.117385307179586,real,52
32.5,left,0.99,-37.746727290807314,-14.150545456103147,-38.637,-6.47,5.117385307179586,real,55
32.5,left,0.93,-33.23786690047103,-18.493297000971523,-38.637,-6.47,5.117385307179586,real,58
32.5,left,0.97,-27.704944685392636,-21.608226335947183,-38.637,-6.47,5.117385307179586,real,60
32.5,right,0.94,-34.29159158768665,-7.279312504658342,-38.637,-6.47,5.117385307179586,real,53
32.5,right,0.93,-31.374509771928903,-10.837805820680657,-38.637,-6.47,5.117385307179586,real,56
32.5,right,0.98,-28.199715914450145,-13.989878783433127,-38.637,-6.47,5.117385307179586,real,61
32.5,right,0.88,-23.445908817580914,-16.396491358351604,-38.637,-6.47,5.117385307179586,real,63
32.6,left,0.87,-40.861440297146046,-9.948561423854875,-38.527,-6.723,5.132485307179586,real,52
32.6,left,0.86,-38.23395977343774,-14.430668416947913,-38.527,-6.723,5.132485307179586,real,55
32.6,left,0.95,-33.536431976128654,-18.292584080644943,-38.527,-6.723,5.132485307179586,real,58
32.6,left,0.84,-28.121712541137658,-22.01923276818322,-38.527,-6.723,5.132485307179586,real,60
32.6,right,0.88,-34.10353279424626,-7.320881994729087,-38.527,-6.723,5.132485307179586,real,53
32.6,right,0.91,-31.475811755253133,-10.955173004160342,-38.527,-6.723,5.132485307179586,real,56
32.6,right,0.94,-27.784083237022738,-13.788901034103306,-38.527,-6.723,5.132485307179586,real,61
32.6,right,0.84,-23.272727484653704,-16.64312777274318,-38.527,-6.723,5.132485307179586,real,63
32.7,left,0.84,-40.74597835827623,-9.823128336837753,-38.412,-6.975,5.147485307179586,real,52
32.7,left,0.95,-37.58889812775763,-14.404251934610315,-38.412,-6.975,5.147485307179586,real,55
32.7,left,0.98,-33.043898606978864,-18.151696311264992,-38.412,-6.975,5.147485307179586,real,58
32.7,left,0.83,-27.670921433018666,-21.84180827272398,-38.412,-6.975,5.147485307179586,real,60
32.7,right,0.89,-34.36674172416383,-7.7303048932576885,-38.412,-6.975,5.147485307179586,real,53
32.7,right,0.79,-31.968534831675864,-10.79500597180078,-38.412,-6.975,5.147485307179586,real,56
32.7,right,0.85,-27.915228782699188,-13.71235786578428,-38.412,-6.975,5.147485307179586,real,61
32.7,right,0.82,-23.445046772308263,-16.64877367318917,-38.412,-6.975,5.147485307179586,real,63
32.8,left,0.86,-40.984075271533804,-10.071821302003917,-38.293,-7.226,5.162385307179586,real,52
32.8,left,0.89,-37.769223088076835,-14.430382468090949,-38.293,-7.226,5.162385307179586,real,55
32.8,left,0.88,-33.4100837854867,-18.38056759547599,-38.293,-7.226,5.162385307179586,real,58
32.8,left,0.88,-27.79527644317755,-21.888564104703345,-38.293,-7.226,5.162385307179586,real,60
32.8,right,0.69,-34.39215753331695,-7.332925441884004,-38.293,-7.226,5.162385307179586,real,53
32.8,right,0.79,-31.74443511116243,-10.774921370879307,-38.293,-7.226,5.162385307179586,real,56
32.8,right,0.99,-27.844913473207203,-13.566702163692195,-38.293,-7.226,5.162385307179586,real,61
32.8,right,0.87,-23.617498888172197,-16.61655313156477,-38.293,-7.226,5.162385307179586,real,63
32.9,left,0.79,-40.5764636122026,-9.806959863048869,-38.17,-7.476,5.177185307179586,real,52
32.9,left,0.95,-37.427294861886764,-13.992394868162933,-38.17,-7.476,5.177185307179586,real,55
32.9,left,0.91,-33.37687315510276,-18.279653782342592,-38.17,-7.476,5.177185307179586,real,58
32.9,left,0.92,-27.721159886067316,-21.998001455497487,-38.17,-7.476,5.177185307179586,real,60
32.9,right,0.92,-34.0675821483089,-7.195356507065996,-38.17,-7.476,5.177185307179586,real,53
32.9,right,0.99,-31.761856105033413,-10.604502648456998,-38.17,-7.476,5.177185307179586,real,56
32.9,right,0.92,-28.27773455563757,-13.612933141095226,-38.17,-7.476,5.177185307179586,real,61
32.9,right,0.63,-23.655995867347293,-16.538663904026237,-38.17,-7.476,5.177185307179586,real,63
33.0,left,0.81,-40.956717218946956,-9.721447227846046,-38.042,-7.725,5.191785307179586,real,52
33.0,left,0.88,-38.0420753306974,-14.109767027411827,-38.042,-7.725,5.191785307179586,real,55
33.0,left,0.77,-33.53238236586588,-18.106204110983782,-38.042,-7.725,5.191785307179586,real,58
33.0,left,0.99,-27.694299514723728,-21.70511847828956,-38.042,-7.725,5.191785307179586,real,60
33.0,right,0.82,-34.203053274714904,-7.187747693887835,-38.042,-7.725,5.191785307179586,real,53
33.0,right,0.98,-31.83610097614004,-10.652584892988417,-38.042,-7.725,5.191785307179586,real,56
33.0,right,0.82,-27.845099284645897,-13.692432010606487,-38.042,-7.725,5.191785307179586,real,61
33.0,right,0.92,-23.394768152344597,-16.447290593704686,-38.042,-7.725,5.191785307179586,real,63
33.1,left,0.91,-41.1006163966356,-9.660635776423975,-37.911,-7.974,5.206285307179586,real,52
33.1,left,0.93,-37.64625707323023,-14.165416976971052,-37.911,-7.974,5.206285307179586,real,55
33.1,left,0.85,-33.61937610150771,-18.398293852050116,-37.911,-7.974,5.206285307179586,real,58
33.1,left,0.87,-27.818312146544095,-21.8826470187687,-37.911,-7.974,5.206285307179586,real,60
33.1,right,0.79,-34.25749621703206,-7.467487307326932,-37.911,-7.974,5.206285307179586,real,53
33.1,right,0.97,-31.46289139141654,-10.706798633619371,-37.911,-7.974,5.206285307179586,real,56
33.1,right,0.86,-27.992006718994865,-13.717150206234813,-37.911,-7.974,5.206285307179586,real,61
33.1,right,0.81,-23.527250945322425,-16.22987718731704,-37.911,-7.974,5.206285307179586,real,63
33.2,left,0.94,-37.73576387124476,-14.300361417865862,-37.775,-8.222,5.220685307179586,real,55
33.2,left,0.91,-33.128216646223734,-18.64406934649102,-37.775,-8.222,5.220685307179586,real,58
33.2,left,0.93,-27.739034961836584,-21.88608195792025,-37.775,-8.222,5.220685307179586,real,60
33.2,right,0.9,-34.11260531823022,-7.462534928423645,-37.775,-8.222,5.220685307179586,real,53
33.2,right,0.88,-31.663993043833322,-10.867263688497319,-37.775,-8.222,5.220685307179586,real,56
33.2,right,0.83,-28.089532245937804,-13.810739695586248,-37.775,-8.222,5.220685307179586,real,61
33.2,right,0.9,-23.506572483920436,-16.60216689680961,-37.775,-8.222,5.220685307179586,real,63
33.2,right,0.76,-18.304679724541494,-18.68818432720681,-37.775,-8.222,5.220685307179586,real,64
33.3,left,0.94,-37.70798753157299,-14.41984591704413,-37.635,-8.468,5.234985307179587,real,55
33.3,left,0.89,-33.19458787710388,-17.977983710755616,-37.635,-8.468,5.234985307179587,real,58
33.3,left,0.9,-27.754710127388375,-21.840284847144414,-37.635,-8.468,5.234985307179587,real,60
33.3,left,0.9,-22.092482546498854,-24.862470781565722,-37.635,-8.468,5.234985307179587,real,65
33.3,right,0.89,-34.47667531936378,-7.5719859310903,-37.635,-8.468,5.234985307179587,real,53
33.3,right,0.76,-31.45711214277322,-10.640376261960597,-37.635,-8.468,5.234985307179587,real,56
33.3,right,0.82,-28.04173073699473,-13.750813345886673,-37.635,-8.468,5.234985307179587,real,61
33.3,right,0.72,-23.765906163912447,-16.684135902344746,-37.635,-8.468,5.234985307179587,real,63
33.3,right,0.82,-18.166899223081085,-18.566778002299543,-37.635,-8.468,5.234985307179587,real,64
33.4,left,0.93,-37.636814477316435,-14.26303082873081,-37.491,-8.714,5.249185307179586,real,55
33.4,left,0.83,-33.220304408065964,-18.462082127323058,-37.491,-8.714,5.249185307179586,real,58
33.4,left,0.99,-28.12410268220368,-21.84588545631815,-37.491,-8.714,5.249185307179586,real,60
33.4,left,0.9,-21.88864457527223,-24.71348640427148,-37.491,-8.714,5.249185307179586,real,65
33.4,right,0.88,-34.431177744395114,-7.078174592413652,-37.491,-8.714,5.249185307179586,real,53
33.4,right,0.88,-31.673960896991638,-10.907806070296925,-37.491,-8.714,5.249185307179586,real,56
33.4,right,0.93,-28.24809285271812,-14.034653387200255,-37.491,-8.714,5.249185307179586,real,61
33.4,right,0.84,-23.419653340548262,-16.43856621368064,-37.491,-8.714,5.249185307179586,real,63
33.4,right,0.86,-18.566360366713447,-18.704340322043084,-37.491,-8.714,5.249185307179586,real,64
33.5,left,0.88,-37.572976591181444,-13.951749519804551,-37.343,-8.959,5.263185307179587,real,55
33.5,left,0.89,-33.45081364360277,-18.295800006805074,-37.343,-8.959,5.263185307179587,real,58
33.5,left,0.87,-27.588711649250108,-21.647458880826502,-37.343,-8.959,5.263185307179587,real,60
33.5,left,0.9,-21.771588956567847,-24.432922680318626,-37.343,-8.959,5.263185307179587,real,65
33.5,right,0.91,-34.39194919591498,-7.446891818781083,-37.343,-8.959,5.263185307179587,real,53
33.5,right,0.84,-31.738310549866934,-10.726025231163117,-37.343,-8.959,5.263185307179587,real,56
33.5,right,0.87,-28.088382043866737,-14.104413441698902,-37.343,-8.959,5.263185307179587,real,61
33.5,right,0.87,-23.372194209509004,-16.358479614431225,-37.343,-8.959,5.263185307179587,real,63
33.5,right,0.91,-18.280875071322274,-18.831613139563558,-37.343,-8.959,5.263185307179587,real,64
33.5,unknown,0.35,-22.158488124299755,-19.989225342064326,-37.343,-8.959,5.263185307179587,ghost,66
33.6,left,0.82,-37.56896406091298,-14.146788442951232,-37.191,-9.203,5.277085307179586,real,55
33.6,left,0.96,-33.389070677514894,-18.220285258148817,-37.191,-9.203,5.277085307179586,real,58
33.6,left,0.83,-27.920727677451296,-21.754539469952974,-37.191,-9.203,5.277085307179586,real,60
33.6,left,0.84,-21.866606096174138,-24.473778679569186,-37.191,-9.203,5.277085307179586,real,65
33.6,right,0.88,-31.509519505554046,-10.437094563325733,-37.191,-9.203,5.277085307179586,real,56
33.6,right,0.85,-28.178184143987046,-13.673793145024879,-37.191,-9.203,5.277085307179586,real,61
33.6,right,0.91,-23.28400956739457,-16.3110631755367,-37.191,-9.203,5.277085307179586,real,63
33.6,right,0.81,-18.367106765741177,-18.746897291213106,-37.191,-9.203,5.277085307179586,real,64
33.6,left,0.31,-41.04035143847384,-14.609345115058726,-37.191,-9.203,5.277085307179586,ghost,67
33.7,left,0.97,-37.691973046002815,-14.170667651467749,-37.035,-9.446,5.290785307179586,real,55
33.7,left,0.96,-33.427049517895206,-18.279443174588252,-37.035,-9.446,5.290785307179586,real,58
33.7,left,0.9,-28.139320492636728,-21.966467687042574,-37.035,-9.446,5.290785307179586,real,60
33.7,left,0.93,-21.915851618825357,-24.882536989494255,-37.035,-9.446,5.290785307179586,real,65
33.7,right,0.93,-31.641303798154738,-11.052711325098572,-37.035,-9.446,5.290785307179586,real,56
33.7,right,0.93,-28.14769732033693,-13.714841069898672,-37.035,-9.446,5.290785307179586,real,61
33.7,right,0.81,-23.551210472160253,-16.454687535403423,-37.035,-9.446,5.290785307179586,real,63
33.7,right,0.85,-18.574397893967472,-18.92831353008048,-37.035,-9.446,5.290785307179586,real,64
33.8,left,0.94,-37.52894566294138,-14.239811515201412,-36.875,-9.688,5.304485307179586,real,55
33.8,left,0.87,-33.28951942657651,-18.260152941799557,-36.875,-9.688,5.304485307179586,real,58
33.8,left,0.91,-27.91323742574,-21.938857176646568,-36.875,-9.688,5.304485307179586,real,60
33.8,left,0.86,-22.03423648382732,-24.63950023432558,-36.875,-9.688,5.304485307179586,real,65
33.8,right,0.79,-31.441646603807214,-10.84450502466712,-36.875,-9.688,5.304485307179586,real,56
33.8,right,0.94,-28.126641105288225,-13.915093167806624,-36.875,-9.688,5.304485307179586,real,61
33.8,right,0.8,-23.44808358878041,-16.46505582728386,-36.875,-9.688,5.304485307179586,real,63
33.8,right,0.89,-17.96645663641972,-18.30254078100536,-36.875,-9.688,5.304485307179586,real,64
33.9,left,0.87,-37.84137817505649,-14.018262943979739,-36.71,-9.929,5.317985307179586,real,55
33.9,left,0.93,-33.15603574246024,-18.63153101437334,-36.71,-9.929,5.317985307179586,real,58
33.9,left,0.82,-27.835147058546266,-21.859688633418024,-36.71,-9.929,5.317985307179586,real,60
33.9,left,0.75,-21.99344547451653,-24.81238496103867,-36.71,-9.929,5.317985307179586,real,65
33.9,right,0.9,-31.54166092241278,-10.682999455626359,-36.71,-9.929,5.317985307179586,real,56
33.9,right,0.85,-27.541551444349373,-13.479194935829298,-36.71,-9.929,5.317985307179586,real,61
33.9,right,0.82,-23.377943732396524,-16.43950417997369,-36.71,-9.929,5.317985307179586,real,63
33.9,right,0.87,-18.23730907964029,-18.36209315499716,-36.71,-9.929,5.317985307179586,real,64
34.0,left,0.98,-37.68779756185054,-14.390192907395086,-36.542,-10.168,5.331385307179586,real,55
34.0,left,0.99,-33.275704463593826,-18.635974165575444,-36.542,-10.168,5.331385307179586,real,58
34.0,left,0.81,-27.98671209285868,-21.827324930111583,-36.542,-10.168,5.331385307179586,real,60
34.0,left,0.93,-21.637487166592443,-24.883413252735693,-36.542,-10.168,5.331385307179586,real,65
34.0,right,0.99,-31.437377048456085,-10.94790930406751,-36.542,-10.168,5.331385307179586,real,56
34.0,right,0.82,-28.346903879689247,-13.709062069332822,-36.542,-10.168,5.331385307179586,real,61
34.0,right,0.88,-23.884830853889895,-16.568651779839175,-36.542,-10.168,5.331385307179586,real,63
34.0,right,0.85,-18.1821736011678,-18.88087435951789,-36.542,-10.168,5.331385307179586,real,64
34.1,left,0.79,-37.61609921843285,-14.14174075932777,-36.369,-10.407,5.344585307179586,real,55
34.1,left,0.93,-33.600939647163685,-18.201789726673564,-36.369,-10.407,5.344585307179586,real,58
34.1,left,0.93,-28.1292801307072,-21.92508223948681,-36.369,-10.407,5.344585307179586,real,60
34.1,left,0.88,-21.813887258981122,-24.933667102134265,-36.369,-10.407,5.344585307179586,real,65
34.1,right,0.73,-31.666073404495528,-10.846992542319448,-36.369,-10.407,5.344585307179586,real,56
34.1,right,0.93,-28.01916879290403,-13.635997338649611,-36.369,-10.407,5.344585307179586,real,61
34.1,right,0.92,-23.26271534512926,-16.152727677631425,-36.369,-10.407,5.344585307179586,real,63
34.1,right,0.92,-18.366764125166853,-18.39621751530589,-36.369,-10.407,5.344585307179586,real,64
34.2,left,0.79,-37.76382848070688,-14.007383101016016,-36.193,-10.644,5.3577853071795865,real,55
34.2,left,0.97,-33.066419999910046,-18.334088263670157,-36.193,-10.644,5.3577853071795865,real,58
34.2,left,0.85,-27.906665225313564,-21.893315801497543,-36.193,-10.644,5.3577853071795865,real,60
34.2,left,0.89,-21.444267385097298,-24.524272881110996,-36.193,-10.644,5.3577853071795865,real,65
34.2,right,0.89,-31.587215582018594,-10.84247139612478,-36.193,-10.644,5.3577853071795865,real,56
34.2,right,0.84,-27.865638459219866,-13.570623099945726,-36.193,-10.644,5.3577853071795865,real,61
34.2,right,0.9,-23.476700547881567,-16.488510351094646,-36.193,-10.644,5.3577853071795865,real,63
34.2,right,0.76,-18.26294955060407,-18.357232518349022,-36.193,-10.644,5.3577853071795865,real,64
34.3,left,0.98,-37.368589033566174,-14.262166126068802,-36.013,-10.881,5.370785307179586,real,55
34.3,left,0.95,-33.50731258045748,-18.199690494586196,-36.013,-10.881,5.370785307179586,real,58
34.3,left,0.87,-27.777530063139565,-21.700735667707786,-36.013,-10.881,5.370785307179586,real,60
34.3,left,0.88,-21.569894323477953,-24.825821670312482,-36.013,-10.881,5.370785307179586,real,65
34.3,right,0.93,-31.677999977603083,-10.701011650880591,-36.013,-10.881,5.370785307179586,real,56
34.3,right,0.88,-27.9343382724591,-13.644777612610302,-36.013,-10.881,5.370785307179586,real,61
34.3,right,0.85,-23.306843654459655,-16.382756348902124,-36.013,-10.881,5.370785307179586,real,63
34.3,right,0.83,-17.987544282287626,-18.56536927592566,-36.013,-10.881,5.370785307179586,real,64
34.4,left,0.67,-38.020375769549375,-14.418977215345695,-35.828,-11.116,5.383585307179587,real,55
34.4,left,0.99,-33.24876996181864,-18.29653044072253,-35.828,-11.116,5.383585307179587,real,58
34.4,left,0.85,-27.914934421917597,-21.777362443748327,-35.828,-11.116,5.383585307179587,real,60
34.4,left,0.87,-21.606037083509033,-24.75580068776504,-35.828,-11.116,5.383585307179587,real,65
34.4,right,0.82,-31.52601964030348,-10.810153658211556,-35.828,-11.116,5.383585307179587,real,56
34.4,right,0.95,-27.854891022539555,-13.826250585008628,-35.828,-11.116,5.383585307179587,real,61
34.4,right,0.84,-23.46157807772182,-16.74511172745733,-35.828,-11.116,5.383585307179587,real,63
34.4,right,0.84,-18.235857654517815,-18.475466332302393,-35.828,-11.116,5.383585307179587,real,64
34.5,left,0.98,-37.65229203974099,-14.110529070086933,-35.64,-11.35,5.396385307179586,real,55
34.5,left,0.74,-33.36779363002632,-18.126567214471574,-35.64,-11.35,5.396385307179586,real,58
34.5,left,0.9,-27.79802563472066,-22.098536181932015,-35.64,-11.35,5.396385307179586,real,60
34.5,left,0.92,-21.933735469032104,-24.936251786535216,-35.64,-11.35,5.396385307179586,real,65
34.5,right,0.94,-31.440728590246557,-11.034537439262037,-35.64,-11.35,5.396385307179586,real,56
34.5,right,0.84,-27.8939738070936,-13.925720330083994,-35.64,-11.35,5.396385307179586,real,61
34.5,right,0.89,-23.42257394469969,-16.38431510567913,-35.64,-11.35,5.396385307179586,real,63
34.5,right,0.88,-18.514206257448674,-18.62083755062578,-35.64,-11.35,5.396385307179586,real,64
34.6,left,0.99,-37.920671914568146,-14.190100765481638,-35.448,-11.582,5.408985307179586,real,55
34.6,left,0.85,-32.99109831564365,-18.471720684716246,-35.448,-11.582,5.408985307179586,real,58
34.6,left,0.79,-28.14975815948601,-21.71115450752781,-35.448,-11.582,5.408985307179586,real,60
34.6,left,0.91,-21.735595037588524,-24.68314129176665,-35.448,-11.582,5.408985307179586,real,65
34.6,right,0.9,-31.805679030163688,-10.850670421293746,-35.448,-11.582,5.408985307179586,real,56
34.6,right,0.91,-28.157474533890777,-13.561479332555127,-35.448,-11.582,5.408985307179586,real,61
34.6,right,0.92,-23.44065662164477,-16.349685706322184,-35.448,-11.582,5.408985307179586,real,63
34.6,right,0.89,-18.411065472302727,-18.575100020660123,-35.448,-11.582,5.408985307179586,real,64
34.7,left,0.95,-37.64601355140594,-14.418724959700109,-35.252,-11.814,5.421485307179586,real,55
34.7,left,0.94,-33.39084514510183,-18.043802453215427,-35.252,-11.814,5.421485307179586,real,58
34.7,left,0.95,-28.033491943698614,-22.0474478765034,-35.252,-11.814,5.421485307179586,real,60
34.7,left,0.93,-21.77677522038963,-24.602225722866116,-35.252,-11.814,5.421485307179586,real,65
34.7,right,0.87,-31.679519814357956,-10.807064886303497,-35.252,-11.814,5.421485307179586,real,56
34.7,right,0.77,-28.04443409111031,-13.767758856412726,-35.252,-11.814,5.421485307179586,real,61
34.7,right,0.95,-23.475937171749173,-16.411187103554642,-35.252,-11.814,5.421485307179586,real,63
34.7,right,0.89,-18.335798763183124,-18.886984781230275,-35.252,-11.814,5.421485307179586,real,64
34.7,right,0.91,-12.383265206964428,-20.188806682294466,-35.252,-11.814,5.421485307179586,real,68
34.7,left,0.39,-31.17569202897478,-14.513410736689817,-35.252,-11.814,5.421485307179586,ghost,69
34.8,left,0.95,-33.14836787558774,-18.305653274887206,-35.052,-12.044,5.433785307179586,real,58
34.8,left,0.87,-27.881601091788042,-22.01947349738912,-35.052,-12.044,5.433785307179586,real,60
34.8,left,0.87,-21.89069049300199,-24.55035638629428,-35.052,-12.044,5.433785307179586,real,65
34.8,right,0.82,-31.54733708177926,-10.759384170404052,-35.052,-12.044,5.433785307179586,real,56
34.8,right,0.92,-28.049847848085093,-13.644169441475958,-35.052,-12.044,5.433785307179586,real,61
34.8,right,0.95,-23.475110917856234,-16.281978194816542,-35.052,-12.044,5.433785307179586,real,63
34.8,right,0.83,-18.317015838104172,-18.595809681385422,-35.052,-12.044,5.433785307179586,real,64
34.8,right,0.9,-12.62598678746793,-20.145252273033904,-35.052,-12.044,5.433785307179586,real,68
34.9,left,0.92,-32.93805291710988,-18.52769961280266,-34.849,-12.273,5.446085307179587,real,58
34.9,left,0.86,-27.838132803450016,-22.10246545608353,-34.849,-12.273,5.446085307179587,real,60
34.9,left,0.96,-21.920396454184825,-24.88334112762757,-34.849,-12.273,5.446085307179587,real,65
34.9,right,0.98,-31.475604728769234,-10.954990764813111,-34.849,-12.273,5.446085307179587,real,56
34.9,right,0.89,-28.067810641631564,-14.089582199062479,-34.849,-12.273,5.446085307179587,real,61
34.9,right,0.94,-23.486875490844795,-16.295731365435014,-34.849,-12.273,5.446085307179587,real,63
34.9,right,0.91,-18.30551302142188,-18.748199501916233,-34.849,-12.273,5.446085307179587,real,64
34.9,right,0.89,-12.315778172283265,-20.23352385606062,-34.849,-12.273,5.446085307179587,real,68
35.0,left,0.91,-33.39874044786614,-18.171593092344708,-34.641,-12.5,5.458185307179586,real,58
35.0,left,0.92,-27.937154281044933,-21.81873862582527,-34.641,-12.5,5.458185307179586,real,60
35.0,left,0.99,-21.701260118113627,-24.55183595097109,-34.641,-12.5,5.458185307179586,real,65
35.0,right,0.86,-31.550868034635336,-10.701845268996145,-34.641,-12.5,5.458185307179586,real,56
35.0,right,0.87,-27.82559838761316,-13.663112574893276,-34.641,-12.5,5.458185307179586,real,61
35.0,right,0.81,-23.393095156202733,-16.510162294082615,-34.641,-12.5,5.458185307179586,real,63
35.0,right,0.7,-17.926645882588048,-18.962967695861863,-34.641,-12.5,5.458185307179586,real,64
35.0,right,0.83,-12.590191698723004,-20.088710447785807,-34.641,-12.5,5.458185307179586,real,68
35.1,left,0.82,-33.30336160955854,-18.447239545516645,-34.43,-12.726,5.4701853071795865,real,58
35.1,left,0.76,-27.938177855921616,-22.043825188833157,-34.43,-12.726,5.4701853071795865,real,60
35.1,left,0.9,-21.522503946944504,-24.460507686322284,-34.43,-12.726,5.4701853071795865,real,65
35.1,right,0.92,-31.818572587270463,-10.453146316182073,-34.43,-12.726,5.4701853071795865,real,56
35.1,right,0.85,-27.966124805895713,-13.858003301692735,-34.43,-12.726,5.4701853071795865,real,61
35.1,right,0.89,-23.906886844741674,-16.460038500287485,-34.43,-12.726,5.4701853071795865,real,63
35.1,right,0.84,-18.19477186080878,-18.73845734025727,-34.43,-12.726,5.4701853071795865,real,64
35.1,right,0.66,-12.967258249534058,-20.50621140797641,-34.43,-12.726,5.4701853071795865,real,68
35.2,left,0.86,-33.54586504856893,-18.52712395995402,-34.215,-12.951,5.482085307179586,real,58
35.2,left,0.86,-28.001087363959865,-21.74564915455192,-34.215,-12.951,5.482085307179586,real,60
35.2,left,0.87,-21.546053961257957,-24.822885539687544,-34.215,-12.951,5.482085307179586,real,65
35.2,right,0.9,-31.84464117277582,-10.88927037897779,-34.215,-12.951,5.482085307179586,real,56
35.2,right,0.77,-27.790525804587467,-14.506582306558684,-34.215,-12.951,5.482085307179586,real,61
35.2,right,0.89,-24.00054649803835,-16.25487600497709,-34.215,-12.951,5.482085307179586,real,63
35.2,right,0.82,-18.225986884289703,-18.62130480535606,-34.215,-12.951,5.482085307179586,real,64
35.2,right,0.95,-12.504251853446021,-20.523692052163675,-34.215,-12.951,5.482085307179586,real,68
35.3,left,0.93,-33.36264467391023,-18.175819572007143,-33.996,-13.174,5.493785307179587,real,58
35.3,left,0.86,-27.741217482032926,-21.91560583948587,-33.996,-13.174,5.493785307179587,real,60
35.3,left,0.8,-21.74636851407967,-24.7553181226987,-33.996,-13.174,5.493785307179587,real,65
35.3,right,0.89,-27.64176493656679,-14.203528415652501,-33.996,-13.174,5.493785307179587,real,61
35.3,right,0.8,-23.329466934620132,-16.065641984263948,-33.996,-13.174,5.493785307179587,real,63
35.3,right,0.84,-18.131786593014898,-18.79185457070882,-33.996,-13.174,5.493785307179587,real,64
35.3,right,0.93,-12.554984892164512,-20.430631184342378,-33.996,-13.174,5.493785307179587,real,68
35.4,left,0.84,-33.4118079119585,-18.122522217818958,-33.773,-13.396,5.505385307179586,real,58
35.4,left,0.92,-27.92675687365154,-21.641230518768012,-33.773,-13.396,5.505385307179586,real,60
35.4,left,0.9,-21.92030125583273,-24.355509043748977,-33.773,-13.396,5.505385307179586,real,65
35.4,right,0.88,-27.92005623769871,-13.77509670974354,-33.773,-13.396,5.505385307179586,real,61
35.4,right,0.84,-23.601234277227505,-16.71221517411498,-33.773,-13.396,5.505385307179586,real,63
35.4,right,0.92,-18.180990427088265,-18.49541864120105,-33.773,-13.396,5.505385307179586,real,64
35.4,right,0.9,-12.81664821860825,-20.087415396951442,-33.773,-13.396,5.505385307179586,real,68
35.5,left,0.94,-33.14402642942762,-18.6543994781498,-33.547,-13.616,5.516985307179587,real,58
35.5,left,0.91,-28.24458281345213,-21.659440618280325,-33.547,-13.616,5.516985307179587,real,60
35.5,left,0.99,-21.452653743076805,-24.47608907042884,-33.547,-13.616,5.516985307179587,real,65
35.5,right,0.86,-27.99137857113007,-13.630266712350144,-33.547,-13.616,5.516985307179587,real,61
35.5,right,0.96,-23.528409815364185,-16.592767325861896,-33.547,-13.616,5.516985307179587,real,63
35.5,right,0.94,-18.000878705764798,-18.459120141492143,-33.547,-13.616,5.516985307179587,real,64
35.5,right,0.83,-12.681750548544393,-20.59539555610166,-33.547,-13.616,5.516985307179587,real,68
35.6,left,0.99,-33.12896244176613,-18.18989745880353,-33.317,-13.835,5.528285307179586,real,58
35.6,left,0.93,-27.771626927861927,-21.596178743644934,-33.317,-13.835,5.528285307179586,real,60
35.6,left,0.89,-21.992639776516125,-25.11905718386681,-33.317,-13.835,5.528285307179586,real,65
35.6,right,0.9,-27.66705539416298,-13.684564130031614,-33.317,-13.835,5.528285307179586,real,61
35.6,right,0.9,-23.506948354705425,-16.340701442042363,-33.317,-13.835,5.528285307179586,real,63
35.6,right,0.91,-18.19317821234089,-18.689987902675714,-33.317,-13.835,5.528285307179586,real,64
35.6,right,0.84,-12.480056431463243,-20.40171788046468,-33.317,-13.835,5.528285307179586,real,68
35.7,left,0.9,-33.262400153820586,-18.3419464547718,-33.083,-14.052,5.539585307179586,real,58
35.7,left,0.94,-27.929448371425355,-22.01988871732127,-33.083,-14.052,5.539585307179586,real,60
35.7,left,0.99,-21.683059658938053,-24.558408768948045,-33.083,-14.052,5.539585307179586,real,65
35.7,right,0.92,-28.106049153759212,-13.651350185195184,-33.083,-14.052,5.539585307179586,real,61
35.7,right,0.94,-24.045661924756978,-16.430624290164957,-33.083,-14.052,5.539585307179586,real,63
35.7,right,0.74,-18.570333734819926,-18.520846817189458,-33.083,-14.052,5.539585307179586,real,64
35.7,right,0.99,-12.526514053162224,-20.040222233473063,-33.083,-14.052,5.539585307179586,real,68
35.8,left,0.93,-33.06123072330924,-18.273107206523164,-32.846,-14.268,5.550785307179586,real,58
35.8,left,0.78,-28.066937008983675,-21.557881064043375,-32.846,-14.268,5.550785307179586,real,60
35.8,left,0.96,-21.443164942915732,-24.911996836758743,-32.846,-14.268,5.550785307179586,real,65
35.8,left,0.99,-15.0278182646563,-26.81989725285641,-32.846,-14.268,5.550785307179586,real,70
35.8,right,0.84,-28.092427397336788,-13.869256333956619,-32.846,-14.268,5.550785307179586,real,61
35.8,right,0.83,-23.63220346045651,-15.869542171750858,-32.846,-14.268,5.550785307179586,real,63
35.8,right,0.86,-18.505441870048408,-18.648077684411476,-32.846,-14.268,5.550785307179586,real,64
35.8,right,0.83,-12.503221433716206,-20.189854203131375,-32.846,-14.268,5.550785307179586,real,68
35.9,left,0.89,-33.45413791861522,-18.524178224072983,-32.605,-14.482,5.561785307179586,real,58
35.9,left,0.98,-27.805705397158327,-21.838189999934396,-32.605,-14.482,5.561785307179586,real,60
35.9,left,0.84,-21.65719987020427,-24.82893719503722,-32.605,-14.482,5.561785307179586,real,65
35.9,left,0.99,-14.868918841926789,-26.94542052384659,-32.605,-14.482,5.561785307179586,real,70
35.9,right,0.95,-27.749316707257822,-13.806621764798043,-32.605,-14.482,5.561785307179586,real,61
35.9,right,0.99,-23.596102690567378,-16.62055892322323,-32.605,-14.482,5.561785307179586,real,63
35.9,right,0.8,-18.43202978785979,-18.170126945454328,-32.605,-14.482,5.561785307179586,real,64
35.9,right,0.9,-12.330340978839818,-20.563017807545716,-32.605,-14.482,5.561785307179586,real,68
36.0,left,0.86,-33.13970673431676,-18.260720379100093,-32.361,-14.695,5.572785307179586,real,58
36.0,left,0.79,-27.836345495733216,-22.082794367537467,-32.361,-14.695,5.572785307179586,real,60
36.0,left,0.91,-22.11015216449741,-24.907302808542838,-32.361,-14.695,5.572785307179586,real,65
36.0,left,0.95,-14.722089276399036,-26.529816833598865,-32.361,-14.695,5.572785307179586,real,70
36.0,right,0.91,-27.92853710263559,-13.825159978221315,-32.361,-14.695,5.572785307179586,real,61
36.0,right,0.78,-23.488927694616002,-16.4478100319311,-32.361,-14.695,5.572785307179586,real,63
36.0,right,0.75,-18.482032959729686,-18.51373721210171,-32.361,-14.695,5.572785307179586,real,64
36.0,right,0.76,-12.602525890793341,-20.330440166997636,-32.361,-14.695,5.572785307179586,real,68
36.1,left,0.98,-33.43910394773569,-18.51612524987705,-32.113,-14.906,5.583585307179586,real,58
36.1,left,0.86,-27.680194631412668,-21.86108630889821,-32.113,-14.906,5.583585307179586,real,60
36.1,left,0.96,-21.83346047816052,-24.865636148923322,-32.113,-14.906,5.583585307179586,real,65
36.1,left,0.81,-14.962300783191424,-26.660722343575863,-32.113,-14.906,5.583585307179586,real,70
36.1,right,0.82,-27.813509693396593,-14.097598426879703,-32.113,-14.906,5.583585307179586,real,61
36.1,right,0.83,-23.521967247197846,-16.530450134747326,-32.113,-14.906,5.583585307179586,real,63
36.1,right,0.88,-18.149070657060435,-19.001593034639967,-32.113,-14.906,5.583585307179586,real,64
36.1,right,0.87,-12.469948538124871,-20.164648045469992,-32.113,-14.906,5.583585307179586,real,68
36.1,unknown,0.5,-31.528792381980544,-22.523539593533336,-32.113,-14.906,5.583585307179586,ghost,71
36.2,left,0.99,-33.48483627717574,-18.309196103079465,-31.861,-15.115,5.594285307179586,real,58
36.2,left,0.99,-28.055903931574797,-21.721494827823225,-31.861,-15.115,5.594285307179586,real,60
36.2,left,0.94,-21.52589537162248,-24.553365977248895,-31.861,-15.115,5.594285307179586,real,65
36.2,left,0.86,-15.151561837911416,-26.665030013265664,-31.861,-15.115,5.594285307179586,real,70
36.2,right,0.95,-28.449052523143465,-13.902396018820518,-31.861,-15.115,5.594285307179586,real,61
36.2,right,0.87,-23.31700708239747,-16.83833021326668,-31.861,-15.115,5.594285307179586,real,63
36.2,right,0.78,-17.926665096438157,-18.64101911443743,-31.861,-15.115,5.594285307179586,real,64
36.2,right,0.75,-12.44256363284989,-20.142652937001717,-31.861,-15.115,5.594285307179586,real,68
36.3,left,0.92,-33.19120720303786,-18.13209702990781,-31.606,-15.323,5.604985307179586,real,58
36.3,left,0.92,-27.889801995251435,-21.682950423509823,-31.606,-15.323,5.604985307179586,real,60
36.3,left,0.99,-21.98860617909153,-24.71409887572011,-31.606,-15.323,5.604985307179586,real,65
36.3,left,0.87,-14.799315295946625,-26.761741812740517,-31.606,-15.323,5.604985307179586,real,70
36.3,right,0.93,-28.005740673281295,-13.52741909667791,-31.606,-15.323,5.604985307179586,real,61
36.3,right,0.83,-23.42110059847438,-16.649748577125873,-31.606,-15.323,5.604985307179586,real,63
36.3,right,0.85,-17.98955798880878,-18.33679477666726,-31.606,-15.323,5.604985307179586,real,64
36.3,right,0.99,-12.311845587782143,-20.32876462865506,-31.606,-15.323,5.604985307179586,real,68
36.4,left,0.85,-33.45920935048332,-18.54559925718213,-31.348,-15.529,5.615485307179586,real,58
36.4,left,0.81,-27.745279735718107,-22.229735160960523,-31.348,-15.529,5.615485307179586,real,60
36.4,left,0.79,-21.833343908738176,-24.66789733310394,-31.348,-15.529,5.615485307179586,real,65
36.4,left,0.92,-14.758351076324987,-26.72929113859138,-31.348,-15.529,5.615485307179586,real,70
36.4,right,0.81,-27.942322086503296,-13.89732786702697,-31.348,-15.529,5.615485307179586,real,61
36.4,right,0.82,-23.399142831325186,-16.39978970596063,-31.348,-15.529,5.615485307179586,real,63
36.4,right,0.99,-18.278553636965498,-18.5947328265464,-31.348,-15.529,5.615485307179586,real,64
36.4,right,0.93,-12.173486276412438,-20.137105843397297,-31.348,-15.529,5.615485307179586,real,68
36.5,left,0.9,-27.86059317693138,-21.451050002028875,-31.086,-15.733,5.625885307179586,real,60
36.5,left,0.88,-21.76426804481203,-24.527862782080657,-31.086,-15.733,5.625885307179586,real,65
36.5,left,0.99,-15.11693566225503,-26.723794747285652,-31.086,-15.733,5.625885307179586,real,70
36.5,right,0.88,-27.758431346089477,-13.714523135254675,-31.086,-15.733,5.625885307179586,real,61
36.5,right,0.94,-23.68804938457198,-16.483351711991226,-31.086,-15.733,5.625885307179586,real,63
36.5,right,0.86,-17.988527593755478,-18.688006187415404,-31.086,-15.733,5.625885307179586,real,64
36.5,right,0.84,-12.449744654682922,-20.220378711914204,-31.086,-15.733,5.625885307179586,real,68
36.6,left,0.91,-27.910531061103022,-21.751818992688467,-30.821,-15.936,5.636185307179586,real,60
36.6,left,0.86,-21.73050844326273,-24.55705934655877,-30.821,-15.936,5.636185307179586,real,65
36.6,left,0.96,-15.229622185885127,-26.54441735875463,-30.821,-15.936,5.636185307179586,real,70
36.6,right,0.82,-27.863452482555843,-13.955535993243029,-30.821,-15.936,5.636185307179586,real,61
36.6,right,0.8,-23.504142456531582,-16.44680396297338,-30.821,-15.936,5.636185307179586,real,63
36.6,right,0.9,-18.403775123919466,-18.522862264761446,-30.821,-15.936,5.636185307179586,real,64
36.6,right,0.75,-12.489043716727291,-20.381968604047742,-30.821,-15.936,5.636185307179586,real,68
36.7,left,0.89,-28.02211809429255,-21.60156982785638,-30.552,-16.136,5.646385307179586,real,60
36.7,left,0.71,-21.80241382002397,-24.49135610726272,-30.552,-16.136,5.646385307179586,real,65
36.7,left,0.78,-15.159956094869298,-26.537090540060152,-30.552,-16.136,5.646385307179586,real,70
36.7,right,0.79,-27.790657357795627,-13.820044082383307,-30.552,-16.136,5.646385307179586,real,61
36.7,right,0.82,-23.65216289332546,-16.476571433559982,-30.552,-16.136,5.646385307179586,real,63
36.7,right,0.86,-18.33392995713005,-18.612581601224537,-30.552,-16.136,5.646385307179586,real,64
36.7,right,0.79,-12.441070641480804,-20.18352847682724,-30.552,-16.136,5.646385307179586,real,68
36.8,left,0.79,-27.904320257616806,-21.72544846543968,-30.28,-16.336,5.656485307179587,real,60
36.8,left,0.92,-21.638447824723148,-24.80801487262433,-30.28,-16.336,5.656485307179587,real,65
36.8,left,0.99,-14.943432032394153,-26.907432777774552,-30.28,-16.336,5.656485307179587,real,70
36.8,right,0.84,-27.964709824160085,-13.750537487864271,-30.28,-16.336,5.656485307179587,real,61
36.8,right,0.84,-23.570046904728223,-16.372075743272845,-30.28,-16.336,5.656485307179587,real,63
36.8,right,0.84,-18.245364134818857,-18.59413298822184,-30.28,-16.336,5.656485307179587,real,64
36.8,right,0.74,-12.277808404416069,-20.219905605944522,-30.28,-16.336,5.656485307179587,real,68
36.9,left,0.85,-28.017252225835747,-21.59437701439573,-30.004,-16.533,5.666485307179586,real,60
36.9,left,0.97,-21.78574616408304,-24.709104322257403,-30.004,-16.533,5.666485307179586,real,65
36.9,left,0.99,-14.799579493293873,-27.129358905551197,-30.004,-16.533,5.666485307179586,real,70
36.9,right,0.94,-27.9746693895659,-14.137357857785275,-30.004,-16.533,5.666485307179586,real,61
36.9,right,0.92,-23.431276491647296,-16.315186587309896,-30.004,-16.533,5.666485307179586,real,63
36.9,right,0.88,-18.316527483792147,-19.24497422238599,-30.004,-16.533,5.666485307179586,real,64
36.9,right,0.91,-12.524601882949758,-20.119876979443326,-30.004,-16.533,5.666485307179586,real,68
36.9,right,0.94,-6.323330387615913,-21.397754845735694,-30.004,-16.533,5.666485307179586,real,72
37.0,left,0.99,-28.300972589279617,-21.9352182476535,-29.726,-16.728,5.6763853071795864,real,60
37.0,left,0.99,-21.81762669255041,-24.72540461837582,-29.726,-16.728,5.6763853071795864,real,65
37.0,left,0.9,-15.01079784422974,-26.42178489109462,-29.726,-16.728,5.6763853071795864,real,70
37.0,right,0.86,-23.50695062522283,-16.489844852913592,-29.726,-16.728,5.6763853071795864,real,63
37.0,right,0.87,-17.926117012345934,-18.62310460863565,-29.726,-16.728,5.6763853071795864,real,64
37.0,right,0.81,-12.599046651712433,-20.11884635534867,-29.726,-16.728,5.6763853071795864,real,68
37.0,right,0.83,-6.489278046050656,-21.13414512185524,-29.726,-16.728,5.6763853071795864,real,72
37.1,left,0.92,-28.24640013458907,-22.044267423941054,-29.444,-16.922,5.686185307179587,real,60
37.1,left,0.81,-21.68700591301335,-24.74848144024211,-29.444,-16.922,5.686185307179587,real,65
37.1,left,0.88,-14.700199563625848,-26.836361234712673,-29.444,-16.922,5.686185307179587,real,70
37.1,right,0.83,-23.388853180694444,-16.513288614479837,-29.444,-16.922,5.686185307179587,real,63
37.1,right,0.9,-18.10305815823282,-18.842699909318064,-29.444,-16.922,5.686185307179587,real,64
37.1,right,0.78,-12.165028162640631,-19.98310719246189,-29.444,-16.922,5.686185307179587,real,68
37.1,right,0.87,-5.866316795971807,-20.98780173280582,-29.444,-16.922,5.686185307179587,real,72
37.2,left,0.99,-27.802518122114694,-21.559112137502133,-29.159,-17.114,5.695985307179586,real,60
37.2,left,0.91,-21.43729234793651,-24.717736971783296,-29.159,-17.114,5.695985307179586,real,65
37.2,left,0.87,-15.204654829105806,-26.82115075866971,-29.159,-17.114,5.695985307179586,real,70
37.2,right,0.94,-23.299422827366037,-16.422578017454597,-29.159,-17.114,5.695985307179586,real,63
37.2,right,0.88,-17.89992848495952,-18.54690705183699,-29.159,-17.114,5.695985307179586,real,64
37.2,right,0.86,-12.696353461353873,-19.842948321900355,-29.159,-17.114,5.695985307179586,real,68
37.2,right,0.79,-6.393671517246094,-21.09927841841869,-29.159,-17.114,5.695985307179586,real,72
37.3,left,0.87,-27.908631691456407,-21.678586491924467,-28.87,-17.304,5.705585307179586,real,60
37.3,left,0.87,-21.831740266516963,-24.780936667113824,-28.87,-17.304,5.705585307179586,real,65
37.3,left,0.92,-14.642204810622212,-26.696238713380218,-28.87,-17.304,5.705585307179586,real,70
37.3,right,0.88,-23.410772971521524,-16.729644490293637,-28.87,-17.304,5.705585307179586,real,63
37.3,right,0.97,-18.119725622872917,-18.199000456136684,-28.87,-17.304,5.705585307179586,real,64
37.3,right,0.91,-12.455268469656582,-20.208939549586105,-28.87,-17.304,5.705585307179586,real,68
37.3,right,0.91,-6.047902248021212,-21.324413933803925,-28.87,-17.304,5.705585307179586,real,72
37.4,left,0.95,-28.18190929481355,-21.83241979212317,-28.579,-17.492,5.715085307179586,real,60
37.4,left,0.95,-21.990255856377676,-24.61832013102713,-28.579,-17.492,5.715085307179586,real,65
37.4,left,0.92,-14.681931105927562,-26.699299069401636,-28.579,-17.492,5.715085307179586,real,70
37.4,right,0.99,-23.688745686485593,-16.70558423899712,-28.579,-17.492,5.715085307179586,real,63
37.4,right,0.89,-18.212843921973622,-18.834134183305373,-28.579,-17.492,5.715085307179586,real,64
37.4,right,0.92,-12.590116088903379,-20.15833836515091,-28.579,-17.492,5.715085307179586,real,68
37.4,right,0.86,-6.262403544191092,-20.81854965821603,-28.579,-17.492,5.715085307179586,real,72
37.5,left,0.83,-28.03257132001824,-21.792699942751916,-28.284,-17.678,5.724585307179586,real,60
37.5,left,0.98,-21.710746016474037,-24.791014274417005,-28.284,-17.678,5.724585307179586,real,65
37.5,left,0.9,-14.909165078425485,-26.92172066976446,-28.284,-17.678,5.724585307179586,real,70
37.5,right,0.84,-23.422212941004595,-16.535007614642687,-28.284,-17.678,5.724585307179586,real,63
37.5,right,0.88,-18.327122698620315,-18.824394524267298,-28.284,-17.678,5.724585307179586,real,64
37.5,right,0.96,-12.343329632150267,-20.235255799398537,-28.284,-17.678,5.724585307179586,real,68
37.5,right,0.81,-6.221842584302603,-21.27108991885651,-28.284,-17.678,5.724585307179586,real,72
37.6,left,0.8,-28.05798551774957,-21.610137278204977,-27.987,-17.862,5.733985307179586,real,60
37.6,left,0.92,-21.912970418901164,-24.873814718597195,-27.987,-17.862,5.733985307179586,real,65
37.6,left,0.88,-15.302141006746975,-26.945333601783428,-27.987,-17.862,5.733985307179586,real,70
37.6,right,0.89,-23.340628214504193,-16.38291946434668,-27.987,-17.862,5.733985307179586,real,63
37.6,right,0.89,-18.16873697320142,-18.63131666860924,-27.987,-17.862,5.733985307179586,real,64
37.6,right,0.81,-12.293263728837323,-20.364173025830354,-27.987,-17.862,5.733985307179586,real,68
37.6,right,0.92,-6.046374111598115,-21.14723631192476,-27.987,-17.862,5.733985307179586,real,72
37.7,left,0.82,-28.025699645542815,-21.75060439631991,-27.686,-18.044,5.743285307179586,real,60
37.7,left,0.88,-21.67867714940651,-24.450296681292347,-27.686,-18.044,5.743285307179586,real,65
37.7,left,0.88,-15.089415833253174,-26.979222007877766,-27.686,-18.044,5.743285307179586,real,70
37.7,right,0.92,-23.580848665272878,-16.37249991953691,-27.686,-18.044,5.743285307179586,real,63
37.7,right,0.9,-18.327029641083495,-18.604740422051307,-27.686,-18.044,5.743285307179586,real,64
37.7,right,0.89,-12.17380660451341,-19.972332196749896,-27.686,-18.044,5.743285307179586,real,68
37.7,right,0.89,-6.400805947470297,-21.320742154359145,-27.686,-18.044,5.743285307179586,real,72
37.8,left,0.82,-27.930517287158086,-21.766656882297344,-27.382,-18.224,5.752485307179587,real,60
37.8,left,0.78,-22.224078272264205,-24.861597716836336,-27.382,-18.224,5.752485307179587,real,65
37.8,left,0.88,-15.086209418123124,-26.777923425342774,-27.382,-18.224,5.752485307179587,real,70
37.8,right,0.8,-23.33817057939177,-16.428809309008287,-27.382,-18.224,5.752485307179587,real,63
37.8,right,0.84,-17.966588821995845,-18.810106943410865,-27.382,-18.224,5.752485307179587,real,64
37.8,right,0.9,-12.474082804019984,-20.151584726491492,-27.382,-18.224,5.752485307179587,real,68
37.8,right,0.77,-6.283121025016833,-20.88377066662017,-27.382,-18.224,5.752485307179587,real,72
37.9,left,0.96,-27.891135257233632,-21.88327523213839,-27.075,-18.402,5.761585307179586,real,60
37.9,left,0.81,-21.756083955847462,-24.652405516065077,-27.075,-18.402,5.761585307179586,real,65
37.9,left,0.8,-14.561824177931861,-26.684265562393506,-27.075,-18.402,5.761585307179586,real,70
37.9,left,0.85,-7.49590726890463,-28.449755362625442,-27.075,-18.402,5.761585307179586,real,73
37.9,right,0.78,-23.5617340545889,-16.54339665425496,-27.075,-18.402,5.761585307179586,real,63
37.9,right,0.94,-17.78812714854528,-18.80954587583888,-27.075,-18.402,5.761585307179586,real,64
37.9,right,0.94,-12.598030640711427,-19.983746556885706,-27.075,-18.402,5.761585307179586,real,68
37.9,right,0.95,-6.181512374495193,-20.92045266838142,-27.075,-18.402,5.761585307179586,real,72
38.0,left,0.99,-27.909759976297806,-21.683583481993463,-26.765,-18.579,5.770585307179586,real,60
38.0,left,0.96,-22.18755185312551,-24.84653751186822,-26.765,-18.579,5.770585307179586,real,65
38.0,left,0.83,-14.965109556198435,-26.55078991910101,-26.765,-18.579,5.770585307179586,real,70
38.0,left,0.87,-7.396699152967407,-28.221396087012632,-26.765,-18.579,5.770585307179586,real,73
38.0,right,0.83,-23.159177729321495,-16.484219163664395,-26.765,-18.579,5.770585307179586,real,63
38.0,right,0.87,-18.544530929775338,-18.126530923178528,-26.765,-18.579,5.770585307179586,real,64
38.0,right,0.87,-12.52159902221526,-20.369763687938963,-26.765,-18.579,5.770585307179586,real,68
38.0,right,0.7,-6.526207712507128,-21.210189796217488,-26.765,-18.579,5.770585307179586,real,72
38.1,left,0.99,-27.8997289840773,-21.99596327278964,-26.452,-18.753,5.779585307179586,real,60
38.1,left,0.84,-21.98864734239437,-24.548429496926413,-26.452,-18.753,5.779585307179586,real,65
38.1,left,0.86,-14.739799146515184,-26.575214594833707,-26.452,-18.753,5.779585307179586,real,70
38.1,left,0.85,-7.6852560821387215,-28.14442399859663,-26.452,-18.753,5.779585307179586,real,73
38.1,right,0.88,-23.162176378316733,-16.57638392493881,-26.452,-18.753,5.779585307179586,real,63
38.1,right,0.94,-18.179324000100184,-18.389059344560778,-26.452,-18.753,5.779585307179586,real,64
38.1,right,0.92,-12.555566315292147,-20.437264779218776,-26.452,-18.753,5.779585307179586,real,68
38.1,right,0.85,-6.217318272770816,-21.238454364444728,-26.452,-18.753,5.779585307179586,real,72
38.2,left,0.78,-21.719584037823346,-24.875664266878694,-26.137,-18.925,5.788485307179586,real,65
38.2,left,0.85,-14.809844136047158,-26.74533816619964,-26.137,-18.925,5.788485307179586,real,70
38.2,left,0.97,-6.995672217840848,-28.27800356762159,-26.137,-18.925,5.788485307179586,real,73
38.2,right,0.82,-23.335846981144527,-16.468374923811762,-26.137,-18.925,5.788485307179586,real,63
38.2,right,0.79,-18.178946200873355,-18.548032189429964,-26.137,-18.925,5.788485307179586,real,64
38.2,right,0.92,-12.745703704730007,-19.81210852339955,-26.137,-18.925,5.788485307179586,real,68
38.2,right,0.94,-6.290708022045839,-21.254679747474384,-26.137,-18.925,5.788485307179586,real,72
38.3,left,0.79,-21.877384728939436,-24.77694080270855,-25.818,-19.095,5.797285307179586,real,65
38.3,left,0.92,-14.977136785334109,-26.69431304532876,-25.818,-19.095,5.797285307179586,real,70
38.3,left,0.96,-7.704184311373959,-28.04516844525761,-25.818,-19.095,5.797285307179586,real,73
38.3,right,0.82,-23.429313567620678,-16.66417069135512,-25.818,-19.095,5.797285307179586,real,63
38.3,right,0.84,-18.360171239776175,-18.269263853777538,-25.818,-19.095,5.797285307179586,real,64
38.3,right,0.9,-12.518331392202303,-20.349167023470322,-25.818,-19.095,5.797285307179586,real,68
38.3,right,0.81,-6.15962511376944,-21.394729295464924,-25.818,-19.095,5.797285307179586,real,72
38.4,left,0.89,-21.73322493362906,-24.731607066682017,-25.497,-19.263,5.805985307179586,real,65
38.4,left,0.78,-15.327935200544418,-26.73311660581503,-25.497,-19.263,5.805985307179586,real,70
38.4,left,0.84,-7.478843749538319,-28.234931638947586,-25.497,-19.263,5.805985307179586,real,73
38.4,right,0.94,-23.35407210676178,-16.283361423866715,-25.497,-19.263,5.805985307179586,real,63
38.4,right,0.86,-18.16939176898157,-18.81666199723643,-25.497,-19.263,5.805985307179586,real,64
38.4,right,0.87,-12.561235993714405,-20.365480191969922,-25.497,-19.263,5.805985307179586,real,68
38.4,right,0.75,-6.268878150428749,-21.063500802010548,-25.497,-19.263,5.805985307179586,real,72
38.5,left,0.93,-21.69009444464623,-24.68954169192545,-25.173,-19.429,5.8146853071795865,real,65
38.5,left,0.91,-15.100310839122594,-26.7143253920702,-25.173,-19.429,5.8146853071795865,real,70
38.5,left,0.87,-7.5103323097663495,-27.8656246250723,-25.173,-19.429,5.8146853071795865,real,73
38.5,right,0.78,-23.42004888513015,-16.510011409944095,-25.173,-19.429,5.8146853071795865,real,63
38.5,right,0.89,-18.28036623390144,-18.671763071134293,-25.173,-19.429,5.8146853071795865,real,64
38.5,right,0.8,-12.403559463496823,-20.258390369313197,-25.173,-19.429,5.8146853071795865,real,68
38.5,right,0.92,-6.178524583820774,-20.955400230661386,-25.173,-19.429,5.8146853071795865,real,72
38.6,left,0.88,-21.849628096256787,-24.60927569647695,-24.846,-19.592,5.823285307179586,real,65
38.6,left,0.88,-15.11097415140465,-26.63585212275076,-24.846,-19.592,5.823285307179586,real,70
38.6,left,0.86,-7.584971407175898,-28.131762111306656,-24.846,-19.592,5.823285307179586,real,73
38.6,right,0.75,-18.129386928101308,-18.60128770957475,-24.846,-19.592,5.823285307179586,real,64
38.6,right,0.89,-12.459550037851656,-20.278121224854107,-24.846,-19.592,5.823285307179586,real,68
38.6,right,0.99,-6.163620439815675,-21.116760298934537,-24.846,-19.592,5.823285307179586,real,72
38.7,left,0.84,-21.92177795573214,-24.954569678894295,-24.516,-19.754,5.831785307179587,real,65
38.7,left,0.82,-15.153049137813975,-27.006822633450376,-24.516,-19.754,5.831785307179587,real,70
38.7,left,0.85,-7.70220422259542,-28.078405597742815,-24.516,-19.754,5.831785307179587,real,73
38.7,right,0.93,-18.25535776492068,-18.883901842122953,-24.516,-19.754,5.831785307179587,real,64
38.7,right,0.86,-12.335122666560693,-20.492591489055048,-24.516,-19.754,5.831785307179587,real,68
38.7,right,0.96,-6.284559522835003,-20.91090195245311,-24.516,-19.754,5.831785307179587,real,72
38.8,left,0.95,-21.89059855445049,-24.854029326926874,-24.184,-19.913,5.840185307179587,real,65
38.8,left,0.87,-14.696976771104442,-26.738496264330973,-24.184,-19.913,5.840185307179587,real,70
38.8,left,0.9,-7.633039617619255,-28.27808221243899,-24.184,-19.913,5.840185307179587,real,73
38.8,right,0.79,-18.108251387140804,-18.675969768623442,-24.184,-19.913,5.840185307179587,real,64
38.8,right,0.87,-12.772670573183941,-20.10945028043218,-24.184,-19.913,5.840185307179587,real,68
38.8,right,0.77,-6.099098143693396,-21.56897761088669,-24.184,-19.913,5.840185307179587,real,72
38.9,left,0.87,-21.62712869927913,-24.553286509139575,-23.849,-20.07,5.848585307179587,real,65
38.9,left,0.82,-14.829249458713765,-26.987836740843676,-23.849,-20.07,5.848585307179587,real,70
38.9,left,0.9,-7.367783996450709,-28.208989129145632,-23.849,-20.07,5.848585307179587,real,73
38.9,right,0.87,-18.393631164865116,-18.70618810951105,-23.849,-20.07,5.848585307179587,real,64
38.9,right,0.76,-12.658443940129725,-20.19762080904261,-23.849,-20.07,5.848585307179587,real,68
38.9,right,0.86,-6.2609704011714715,-20.877460730148254,-23.849,-20.07,5.848585307179587,real,72
39.0,left,0.83,-21.63846790591522,-24.849854760597623,-23.511,-20.225,5.8569853071795865,real,65
39.0,left,0.74,-15.095150623515048,-26.63021734778125,-23.511,-20.225,5.8569853071795865,real,70
39.0,left,0.8,-7.711428598432716,-27.95528566915721,-23.511,-20.225,5.8569853071795865,real,73
39.0,right,0.94,-18.102396881516867,-18.55895158931845,-23.511,-20.225,5.8569853071795865,real,64
39.0,right,0.83,-12.582014606551532,-20.306481714451788,-23.511,-20.225,5.8569853071795865,real,68
39.0,right,0.9,-5.988748536593212,-21.222140237448443,-23.511,-20.225,5.8569853071795865,real,72
39.0,right,0.98,0.1989321273750484,-21.226612457624487,-23.511,-20.225,5.8569853071795865,real,74
39.1,left,0.92,-21.926128650379848,-25.157869069639347,-23.171,-20.378,5.865185307179586,real,65
39.1,left,0.99,-15.113635282196261,-26.640980025857615,-23.171,-20.378,5.865185307179586,real,70
39.1,left,0.88,-7.257635228454875,-27.829304962739528,-23.171,-20.378,5.865185307179586,real,73
39.1,right,0.92,-18.329069104271156,-18.335661829914923,-23.171,-20.378,5.865185307179586,real,64
39.1,right,0.99,-12.151104162653535,-20.09935374749679,-23.171,-20.378,5.865185307179586,real,68
39.1,right,0.8,-6.3239267866200475,-21.47526211226658,-23.171,-20.378,5.865185307179586,real,72
39.1,right,0.86,0.09857741777398754,-21.624194125416594,-23.171,-20.378,5.865185307179586,real,74
39.2,left,0.86,-21.94548819455643,-24.714577605258544,-22.829,-20.529,5.8733853071795865,real,65
39.2,left,0.87,-14.804641929147376,-26.60303931093159,-22.829,-20.529,5.8733853071795865,real,70
39.2,left,0.99,-7.377406745063265,-27.955200366539646,-22.829,-20.529,5.8733853071795865,real,73
39.2,right,0.79,-18.255679238696633,-18.737820719684493,-22.829,-20.529,5.8733853071795865,real,64
39.2,right,0.84,-12.622952208512633,-20.20775480100737,-22.829,-20.529,5.8733853071795865,real,68
39.2,right,0.83,-6.35106776601206,-21.554113794708258,-22.829,-20.529,5.8733853071795865,real,72
39.2,right,0.87,0.10385083986942067,-21.618229248735243,-22.829,-20.529,5.8733853071795865,real,74
39.3,left,0.83,-21.94901848898674,-25.023792926502942,-22.483,-20.677,5.881485307179586,real,65
39.3,left,0.8,-14.983890331577665,-26.610336260568303,-22.483,-20.677,5.881485307179586,real,70
39.3,left,0.81,-7.695395256829256,-27.97787768420716,-22.483,-20.677,5.881485307179586,real,73
39.3,right,0.9,-18.37629946465488,-18.51885943159485,-22.483,-20.677,5.881485307179586,real,64
39.3,right,0.91,-12.598427001824367,-20.071507106782256,-22.483,-20.677,5.881485307179586,real,68
39.3,right,0.82,-6.296551652004631,-21.157917745230886,-22.483,-20.677,5.881485307179586,real,72
39.3,right,0.83,0.12322192357777473,-21.457816458555673,-22.483,-20.677,5.881485307179586,real,74
39.4,left,0.82,-21.693787088071158,-24.29509111927141,-22.136,-20.823,5.889585307179586,real,65
39.4,left,0.99,-14.773438085520027,-26.52138819803012,-22.136,-20.823,5.889585307179586,real,70
39.4,left,0.87,-7.3879841774811075,-28.06051540922245,-22.136,-20.823,5.889585307179586,real,73
39.4,right,0.95,-18.601664894243832,-18.64817325742496,-22.136,-20.823,5.889585307179586,real,64
39.4,right,0.89,-12.584716683199472,-20.215622850110492,-22.136,-20.823,5.889585307179586,real,68
39.4,right,0.73,-6.395724805678659,-21.23840559340519,-22.136,-20.823,5.889585307179586,real,72
39.4,right,0.9,0.065783258861142,-21.531940143138442,-22.136,-20.823,5.889585307179586,real,74
39.5,left,0.88,-21.699961200870952,-24.527821158812166,-21.786,-20.967,5.897585307179586,real,65
39.5,left,0.85,-15.074995898887584,-27.004420389110926,-21.786,-20.967,5.897585307179586,real,70
39.5,left,0.92,-7.38204116626499,-28.269767962633562,-21.786,-20.967,5.897585307179586,real,73
39.5,right,0.96,-18.18730838183251,-18.221962361399935,-21.786,-20.967,5.897585307179586,real,64
39.5,right,0.88,-12.329617992491455,-20.43783336455456,-21.786,-20.967,5.897585307179586,real,68
39.5,right,0.86,-6.218411122209849,-20.750293903859752,-21.786,-20.967,5.897585307179586,real,72
39.5,right,0.96,-0.24119934066473325,-21.557699203915575,-21.786,-20.967,5.897585307179586,real,74
39.6,left,0.9,-21.649395675796015,-24.729331925065253,-21.433,-21.108,5.905585307179586,real,65
39.6,left,0.84,-14.665991009301086,-26.81390100858752,-21.433,-21.108,5.905585307179586,real,70
39.6,left,0.99,-7.740566305940621,-28.1170436247599,-21.433,-21.108,5.905585307179586,real,73
39.6,right,0.99,-18.2183472757484,-18.63929753464259,-21.433,-21.108,5.905585307179586,real,64
39.6,right,0.8,-12.354275578682033,-20.16371779548446,-21.433,-21.108,5.905585307179586,real,68
39.6,right,0.87,-6.252887170018777,-21.43155906576623,-21.433,-21.108,5.905585307179586,real,72
39.6,right,0.92,-0.1045748803666049,-21.146287284981547,-21.433,-21.108,5.905585307179586,real,74
39.7,left,0.93,-21.880464299438003,-24.543785714620753,-21.078,-21.247,5.913485307179586,real,65
39.7,left,0.76,-14.59296305714635,-26.45301583265201,-21.078,-21.247,5.913485307179586,real,70
39.7,left,0.86,-7.596575323479905,-27.95665265057104,-21.078,-21.247,5.913485307179586,real,73
39.7,right,0.97,-18.217356254958652,-18.60301392515849,-21.078,-21.247,5.913485307179586,real,64
39.7,right,0.97,-12.336981817772594,-19.94229040090528,-21.078,-21.247,5.913485307179586,real,68
39.7,right,0.79,-6.711844398866654,-21.56659856699452,-21.078,-21.247,5.913485307179586,real,72
39.7,right,0.89,0.2763962702085099,-21.5774314375251,-21.078,-21.247,5.913485307179586,real,74
39.8,left,0.9,-21.8036597446719,-24.63740512037265,-20.721,-21.384,5.9213853071795866,real,65
39.8,left,0.88,-14.946527363231342,-26.52686522934541,-20.721,-21.384,5.9213853071795866,real,70
39.8,left,0.83,-7.4705031756389335,-28.269908357478865,-20.721,-21.384,5.9213853071795866,real,73
39.8,left,0.88,0.06637319419737303,-28.470643471006888,-20.721,-21.384,5.9213853071795866,real,75
39.8,right,0.88,-18.14287716822389,-18.97349472842835,-20.721,-21.384,5.9213853071795866,real,64
39.8,right,0.9,-12.605865625585144,-19.822317546621463,-20.721,-21.384,5.9213853071795866,real,68
39.8,right,0.84,-5.973631720074631,-20.997961379845105,-20.721,-21.384,5.9213853071795866,real,72
39.8,right,0.83,0.024847661123231557,-21.237692715602634,-20.721,-21.384,5.9213853071795866,real,74
39.9,left,0.88,-14.921461997162337,-26.82924549711962,-20.362,-21.519,5.929185307179586,real,70
39.9,left,0.84,-7.3970370289931315,-28.300855805044872,-20.362,-21.519,5.929185307179586,real,73
39.9,left,0.92,-0.08520713270750088,-28.438025655171113,-20.362,-21.519,5.929185307179586,real,75
39.9,right,0.88,-18.136152178348897,-18.683794985393288,-20.362,-21.519,5.929185307179586,real,64
39.9,right,0.97,-12.680454251465173,-20.37595104515748,-20.362,-21.519,5.929185307179586,real,68
39.9,right,0.85,-5.9116426430029,-20.917986476791206,-20.362,-21.519,5.929185307179586,real,72
39.9,right,0.89,-0.26171581843588987,-21.4932158893199,-20.362,-21.519,5.929185307179586,real,74
40.0,left,0.78,-14.734411148293166,-26.800973208161444,-20.0,-21.651,5.936885307179586,real,70
40.0,left,0.91,-7.300503103849371,-28.02484378414317,-20.0,-21.651,5.936885307179586,real,73
40.0,left,0.92,-0.1982238410654459,-28.570915458403455,-20.0,-21.651,5.936885307179586,real,75
40.0,right,0.89,-18.33666000492527,-18.46439788163241,-20.0,-21.651,5.936885307179586,real,64
40.0,right,0.94,-12.35252596443356,-20.06452280970158,-20.0,-21.651,5.936885307179586,real,68
40.0,right,0.86,-6.346209464870509,-21.340961255956092,-20.0,-21.651,5.936885307179586,real,72
40.0,right,0.99,0.24252414082515816,-21.545447131205663,-20.0,-21.651,5.936885307179586,real,74
40.1,left,0.79,-15.086883776803987,-26.612449336294677,-19.636,-21.78,5.944585307179587,real,70
40.1,left,0.92,-7.6013066871071615,-28.224438056542436,-19.636,-21.78,5.944585307179587,real,73
40.1,left,0.93,-0.245380319209855,-28.69028381435625,-19.636,-21.78,5.944585307179587,real,75
40.1,right,0.93,-18.275584249728333,-18.675620354013905,-19.636,-21.78,5.944585307179587,real,64
40.1,right,0.78,-12.393480592041263,-20.28589069163564,-19.636,-21.78,5.944585307179587,real,68
40.1,right,0.79,-6.194701195593138,-21.57194123269933,-19.636,-21.78,5.944585307179587,real,72
40.1,right,0.84,-0.015691893974772775,-21.703895961730755,-19.636,-21.78,5.944585307179587,real,74
40.2,left,0.91,-15.019050257352593,-26.519852912386295,-19.27,-21.908,5.952185307179586,real,70
40.2,left,0.89,-7.491237142451484,-27.750088543118427,-19.27,-21.908,5.952185307179586,real,73
40.2,left,0.88,0.06082663257849928,-28.546665430731824,-19.27,-21.908,5.952185307179586,real,75
40.2,right,0.94,-12.301590441586386,-20.365949992312245,-19.27,-21.908,5.952185307179586,real,68
40.2,right,0.81,-6.495256755602745,-21.23935432422939,-19.27,-21.908,5.952185307179586,real,72
40.2,right,0.79,-0.22091302269954083,-21.329330550968812,-19.27,-21.908,5.952185307179586,real,74
40.3,left,0.88,-15.036065219886467,-26.79861100761576,-18.902,-22.033,5.959785307179586,real,70
40.3,left,0.9,-7.507221473912454,-28.282123005783617,-18.902,-22.033,5.959785307179586,real,73
40.3,left,0.75,-0.40280703008039515,-28.26285099835277,-18.902,-22.033,5.959785307179586,real,75
40.3,right,0.9,-12.439075399515684,-20.205109519567813,-18.902,-22.033,5.959785307179586,real,68
40.3,right,0.83,-6.227893339516902,-21.26807820092644,-18.902,-22.033,5.959785307179586,real,72
40.3,right,0.9,-0.06192934682778173,-21.37090349383271,-18.902,-22.033,5.959785307179586,real,74
40.4,left,0.95,-14.822806211911978,-26.422001106445748,-18.532,-22.155,5.967385307179586,real,70
40.4,left,0.96,-7.334301059306424,-27.979794282512472,-18.532,-22.155,5.967385307179586,real,73
40.4,left,0.98,0.08826041881694328,-28.499785728095095,-18.532,-22.155,5.967385307179586,real,75
40.4,right,0.81,-12.374642604987786,-20.078654674653464,-18.532,-22.155,5.967385307179586,real,68
40.4,right,0.98,-6.052544704242137,-21.188012657176426,-18.532,-22.155,5.967385307179586,real,72
40.4,right,0.93,0.0980792924092111,-21.54069587454949,-18.532,-22.155,5.967385307179586,real,74
40.5,left,0.86,-14.818332319514063,-26.937842385626574,-18.16,-22.275,5.974885307179586,real,70
40.5,left,0.9,-7.795020494242301,-28.03470701036284,-18.16,-22.275,5.974885307179586,real,73
40.5,left,0.89,-0.1706568497868528,-28.367950190497154,-18.16,-22.275,5.974885307179586,real,75
40.5,right,0.97,-12.402453002724188,-20.472058355309223,-18.16,-22.275,5.974885307179586,real,68
40.5,right,0.91,-6.511331750961567,-20.981684097428676,-18.16,-22.275,5.974885307179586,real,72
40.5,right,0.99,-0.11185603978895564,-21.618564480319996,-18.16,-22.275,5.974885307179586,real,74
40.6,left,0.69,-15.044483420741356,-26.579968101002024,-17.785,-22.393,5.9823853071795865,real,70
40.6,left,0.85,-7.49128320136751,-28.166080154436735,-17.785,-22.393,5.9823853071795865,real,73
40.6,left,0.89,0.41635972988562475,-28.508359677345066,-17.785,-22.393,5.9823853071795865,real,75
40.6,right,0.8,-12.579213266821798,-20.43864217998192,-17.785,-22.393,5.9823853071795865,real,68
40.6,right,0.79,-6.642685534352373,-21.10024892240632,-17.785,-22.393,5.9823853071795865,real,72
40.6,right,0.92,-0.031873529355598285,-21.562693118597085,-17.785,-22.393,5.9823853071795865,real,74
40.7,left,0.7,-14.58859891863402,-26.806370358662644,-17.409,-22.508,5.989785307179586,real,70
40.7,left,0.89,-7.125282908160026,-28.129362092500216,-17.409,-22.508,5.989785307179586,real,73
40.7,left,0.79,0.09854347438265199,-28.581893190746886,-17.409,-22.508,5.989785307179586,real,75
40.7,right,0.86,-12.540425082306493,-20.37278776914198,-17.409,-22.508,5.989785307179586,real,68
40.7,right,0.86,-6.473518296561032,-21.494316660020704,-17.409,-22.508,5.989785307179586,real,72
40.7,right,0.89,-0.07151500570241054,-21.703782322684987,-17.409,-22.508,5.989785307179586,real,74
40.8,left,0.87,-14.82166677408496,-26.443562844070435,-17.031,-22.621,5.997185307179587,real,70
40.8,left,0.99,-7.4250432895399605,-28.09120298314128,-17.031,-22.621,5.997185307179587,real,73
40.8,left,0.88,-0.07984713339681287,-28.318646223928848,-17.031,-22.621,5.997185307179587,real,75
40.8,right,0.99,-12.564885042193518,-20.162085771390707,-17.031,-22.621,5.997185307179587,real,68
40.8,right,0.83,-6.251184652358101,-21.320335911641976,-17.031,-22.621,5.997185307179587,real,72
40.8,right,0.83,0.22780620205671664,-21.331627873789476,-17.031,-22.621,5.997185307179587,real,74
40.9,left,0.76,-15.032685847585753,-26.675407345102148,-16.651,-22.731,6.0044853071795865,real,70
40.9,left,0.94,-7.647151242435543,-27.876560372875336,-16.651,-22.731,6.0044853071795865,real,73
40.9,left,0.85,-0.020665433681353707,-28.682760849723994,-16.651,-22.731,6.0044853071795865,real,75
40.9,right,0.94,-12.534526053185877,-20.198757467144873,-16.651,-22.731,6.0044853071795865,real,68
40.9,right,0.7,-6.346655534172869,-21.09984760688102,-16.651,-22.731,6.0044853071795865,real,72
40.9,right,0.83,0.1734393027943837,-21.785002565232016,-16.651,-22.731,6.0044853071795865,real,74
40.9,right,0.89,6.2853899308236,-21.555584779231676,-16.651,-22.731,6.0044853071795865,real,76
41.0,left,0.97,-14.904202329986479,-26.793628720869464,-16.269,-22.839,6.011785307179586,real,70
41.0,left,0.89,-7.328350596571653,-28.26128791609007,-16.269,-22.839,6.011785307179586,real,73
41.0,left,0.92,-0.034526855388693545,-28.750527359058264,-16.269,-22.839,6.011785307179586,real,75
41.0,right,0.99,-12.39297868988027,-20.23476137738921,-16.269,-22.839,6.011785307179586,real,68
41.0,right,0.84,-6.588753349357988,-20.959280663839905,-16.269,-22.839,6.011785307179586,real,72
41.0,right,0.87,-0.14539145513234542,-21.322930907949488,-16.269,-22.839,6.011785307179586,real,74
41.0,right,0.79,6.3357646975491635,-20.853208729892504,-16.269,-22.839,6.011785307179586,real,76
41.1,left,0.99,-15.392605473018165,-27.041878334058293,-15.886,-22.944,6.019085307179586,real,70
41.1,left,0.94,-7.505771074251763,-28.204989750232606,-15.886,-22.944,6.019085307179586,real,73
41.1,left,0.91,-0.13174549522938672,-28.353042983644603,-15.886,-22.944,6.019085307179586,real,75
41.1,right,0.89,-12.633142588473534,-20.262141938827234,-15.886,-22.944,6.019085307179586,real,68
41.1,right,0.99,-6.144609296871759,-20.934214646036377,-15.886,-22.944,6.019085307179586,real,72
41.1,right,0.95,-0.1184455639175277,-21.124899369145297,-15.886,-22.944,6.019085307179586,real,74
41.1,right,0.84,6.174066170601677,-21.227041774335916,-15.886,-22.944,6.019085307179586,real,76
41.2,left,0.87,-15.076570574771136,-26.976807840467508,-15.501,-23.047,6.026285307179586,real,70
41.2,left,0.86,-7.487301705387364,-28.113416844568018,-15.501,-23.047,6.026285307179586,real,73
41.2,left,0.82,0.06221199795188376,-28.881841755078415,-15.501,-23.047,6.026285307179586,real,75
41.2,right,0.82,-12.8208785358849,-20.287411273832724,-15.501,-23.047,6.026285307179586,real,68
41.2,right,0.92,-6.282542797760233,-21.23685309699081,-15.501,-23.047,6.026285307179586,real,72
41.2,right,0.86,0.26366395514000196,-21.30228358134922,-15.501,-23.047,6.026285307179586,real,74
41.2,right,0.96,5.830163410756766,-20.98420055662415,-15.501,-23.047,6.026285307179586,real,76
41.3,left,0.87,-14.951373771085853,-26.819070493559344,-15.114,-23.147,6.033485307179586,real,70
41.3,left,0.95,-7.476162302113501,-28.11653320753004,-15.114,-23.147,6.033485307179586,real,73
41.3,left,0.99,0.08330995476564412,-28.622263567973793,-15.114,-23.147,6.033485307179586,real,75
41.3,right,0.72,-12.740580118278068,-20.12890207828721,-15.114,-23.147,6.033485307179586,real,68
41.3,right,0.92,-6.407588105506909,-21.243433893076148,-15.114,-23.147,6.033485307179586,real,72
41.3,right,0.86,0.320773744243545,-21.580556747274223,-15.114,-23.147,6.033485307179586,real,74
41.3,right,0.76,6.634822464275245,-21.518930770072565,-15.114,-23.147,6.033485307179586,real,76
41.3,left,0.33,-8.704047189152487,-16.950819808728276,-15.114,-23.147,6.033485307179586,ghost,77
41.4,left,0.86,-14.912532763984574,-26.58683898242681,-14.725,-23.244,6.040585307179586,real,70
41.4,left,0.73,-7.63134904573532,-28.014793344828487,-14.725,-23.244,6.040585307179586,real,73
41.4,left,0.73,0.09072582344863828,-28.610284499017652,-14.725,-23.244,6.040585307179586,real,75
41.4,right,0.85,-12.154755191661062,-20.017974174745845,-14.725,-23.244,6.040585307179586,real,68
41.4,right,0.92,-6.312193186769852,-21.081665492281914,-14.725,-23.244,6.040585307179586,real,72
41.4,right,0.92,-0.3231266885523063,-21.844748371088805,-14.725,-23.244,6.040585307179586,real,74
41.4,right,0.91,6.068345109685556,-21.09417508863728,-14.725,-23.244,6.040585307179586,real,76
41.5,left,0.87,-14.93648917547946,-26.592429210879317,-14.335,-23.34,6.047685307179586,real,70
41.5,left,0.93,-7.757378678128693,-27.766944628755134,-14.335,-23.34,6.047685307179586,real,73
41.5,left,0.97,0.030117064378299918,-28.54034236629737,-14.335,-23.34,6.047685307179586,real,75
41.5,right,0.87,-12.349674984087551,-20.354837260517908,-14.335,-23.34,6.047685307179586,real,68
41.5,right,0.76,-6.678517829754708,-21.217906510844557,-14.335,-23.34,6.047685307179586,real,72
41.5,right,0.84,-0.3265203489769448,-21.519333125782495,-14.335,-23.34,6.047685307179586,real,74
41.5,right,0.89,5.989591370630919,-21.28458699603337,-14.335,-23.34,6.047685307179586,real,76
41.6,left,0.88,-7.466585818314699,-28.205349908320727,-13.943,-23.432,6.0547853071795865,real,73
41.6,left,0.86,-0.09259392202868055,-28.47701976956435,-13.943,-23.432,6.0547853071795865,real,75
41.6,left,0.87,7.432193242001491,-28.334064755497806,-13.943,-23.432,6.0547853071795865,real,78
41.6,right,0.78,-12.399661935836102,-20.030093825558552,-13.943,-23.432,6.0547853071795865,real,68
41.6,right,0.86,-6.327153582298067,-21.18810086189761,-13.943,-23.432,6.0547853071795865,real,72
41.6,right,0.85,-0.1440329387044592,-21.702436459310984,-13.943,-23.432,6.0547853071795865,real,74
41.6,right,0.95,6.214408943239823,-21.27706387681786,-13.943,-23.432,6.0547853071795865,real,76
41.7,left,0.95,-7.3648814266309115,-28.354471648480175,-13.55,-23.522,6.061885307179586,real,73
41.7,left,0.89,-0.24004709651000267,-28.70490533454723,-13.55,-23.522,6.061885307179586,real,75
41.7,left,0.87,7.345213217217582,-28.15238115137574,-13.55,-23.522,6.061885307179586,real,78
41.7,right,0.85,-12.284565002113489,-19.865591479863888,-13.55,-23.522,6.061885307179586,real,68
41.7,right,0.83,-6.363884902663586,-21.358579142230145,-13.55,-23.522,6.061885307179586,real,72
41.7,right,0.9,0.020289416772969915,-21.60695035442432,-13.55,-23.522,6.061885307179586,real,74
41.7,right,0.84,6.569821541236066,-21.298026495478613,-13.55,-23.522,6.061885307179586,real,76
41.8,left,0.79,-7.355113366903071,-27.84942168224147,-13.155,-23.609,6.0688853071795865,real,73
41.8,left,0.87,0.11710528788579905,-28.71324942839531,-13.155,-23.609,6.0688853071795865,real,75
41.8,left,0.93,7.51159496370847,-28.07212195733209,-13.155,-23.609,6.0688853071795865,real,78
41.8,right,0.82,-6.262984406491373,-21.340796072035424,-13.155,-23.609,6.0688853071795865,real,72
41.8,right,0.82,-0.07789467503715586,-21.568343899666466,-13.155,-23.609,6.0688853071795865,real,74
41.8,right,0.88,6.367016065039035,-21.359156059554813,-13.155,-23.609,6.0688853071795865,real,76
41.9,left,0.98,-7.484568270675841,-28.030206959562378,-12.758,-23.694,6.075885307179586,real,73
41.9,left,0.91,0.1955400802314543,-28.48362257279604,-12.758,-23.694,6.075885307179586,real,75
41.9,left,0.85,7.8454732050858516,-28.4391682675443,-12.758,-23.694,6.075885307179586,real,78
41.9,right,0.85,-5.919195991642358,-20.95184305057652,-12.758,-23.694,6.075885307179586,real,72
41.9,right,0.84,-0.14685261889186862,-21.90531144914226,-12.758,-23.694,6.075885307179586,real,74
41.9,right,0.89,6.513840200797533,-21.18580039173033,-12.758,-23.694,6.075885307179586,real,76
42.0,left,0.85,-7.709526962845563,-28.029044507717416,-12.361,-23.776,6.082785307179586,real,73
42.0,left,0.68,0.12201041447067817,-28.487169280785455,-12.361,-23.776,6.082785307179586,real,75
42.0,left,0.82,7.459574371337066,-27.95106557916115,-12.361,-23.776,6.082785307179586,real,78
42.0,right,0.92,-6.396732357401588,-21.30990116024244,-12.361,-23.776,6.082785307179586,real,72
42.0,right,0.93,0.10546760052338933,-21.721474613176913,-12.361,-23.776,6.082785307179586,real,74
42.0,right,0.95,6.344113647856599,-21.144807034676344,-12.361,-23.776,6.082785307179586,real,76
42.1,left,0.88,-7.859769020781144,-28.33188125324356,-11.962,-23.856,6.089785307179587,real,73
42.1,left,0.98,0.14618933263803052,-28.489538613736872,-11.962,-23.856,6.089785307179587,real,75
42.1,left,0.86,7.58844235472524,-28.091493446408048,-11.962,-23.856,6.089785307179587,real,78
42.1,right,0.83,-6.401880397243406,-21.49664945312447,-11.962,-23.856,6.089785307179587,real,72
42.1,right,0.75,0.1528643512145914,-21.374165647818153,-11.962,-23.856,6.089785307179587,real,74
42.1,right,0.77,6.372573324204292,-21.234977676673388,-11.962,-23.856,6.089785307179587,real,76
42.2,left,0.89,-7.50732998828205,-27.776279906030602,-11.561,-23.933,6.096685307179587,real,73
42.2,left,0.96,-0.4020286461869136,-28.530834634344618,-11.561,-23.933,6.096685307179587,real,75
42.2,left,0.96,7.638815915464565,-28.35064935370312,-11.561,-23.933,6.096685307179587,real,78
42.2,right,0.78,-6.18630882522311,-21.44951358453979,-11.561,-23.933,6.096685307179587,real,72
42.2,right,0.95,0.12031914727780979,-21.588299810329506,-11.561,-23.933,6.096685307179587,real,74
42.2,right,0.82,6.7682001981210425,-20.970237083869243,-11.561,-23.933,6.096685307179587,real,76
42.3,left,0.95,-7.6281416927843235,-28.02047292226466,-11.16,-24.007,6.1035853071795865,real,73
42.3,left,0.86,-0.0007400055997848765,-28.35233961588492,-11.16,-24.007,6.1035853071795865,real,75
42.3,left,0.99,7.2771477929447705,-28.44288900459781,-11.16,-24.007,6.1035853071795865,real,78
42.3,right,0.89,-6.4783750303362115,-21.59246968471702,-11.16,-24.007,6.1035853071795865,real,72
42.3,right,0.91,-0.32031321326191176,-21.67078096801356,-11.16,-24.007,6.1035853071795865,real,74
42.3,right,0.8,6.646524165846574,-21.179405416060867,-11.16,-24.007,6.1035853071795865,real,76
42.4,left,0.92,-7.494380694434834,-28.115087742722334,-10.757,-24.079,6.110385307179587,real,73
42.4,left,0.84,-0.06070489745051916,-28.54565614069138,-10.757,-24.079,6.110385307179587,real,75
42.4,left,0.85,7.547404727086098,-27.837254460122168,-10.757,-24.079,6.110385307179587,real,78
42.4,right,0.92,-6.166159878786338,-21.110140457775927,-10.757,-24.079,6.110385307179587,real,72
42.4,right,0.78,-0.15575971588717574,-21.30853118795691,-10.757,-24.079,6.110385307179587,real,74
42.4,right,0.78,6.543231686449322,-21.13274668516521,-10.757,-24.079,6.110385307179587,real,76
42.5,left,0.9,-7.356633559318006,-27.828350819304422,-10.353,-24.148,6.1172853071795865,real,73
42.5,left,0.87,-0.3273909949850594,-28.65957279433274,-10.353,-24.148,6.1172853071795865,real,75
42.5,left,0.85,7.6432906983864735,-28.276593234888683,-10.353,-24.148,6.1172853071795865,real,78
42.5,right,0.89,-6.788180505103779,-21.096801879784294,-10.353,-24.148,6.1172853071795865,real,72
42.5,right,0.89,0.15915532152792622,-21.757151720398777,-10.353,-24.148,6.1172853071795865,real,74
42.5,right,0.94,6.270585904642114,-21.457276366665646,-10.353,-24.148,6.1172853071795865,real,76
42.5,right,0.9,12.408124431283209,-20.105266812706702,-10.353,-24.148,6.1172853071795865,real,79
42.5,left,0.38,0.1951692041108879,-19.77386883582046,-10.353,-24.148,6.1172853071795865,ghost,80
42.6,left,0.84,-7.506081249847035,-28.083733360888466,-9.948,-24.215,6.124085307179587,real,73
42.6,left,0.8,0.05988624526104702,-28.44091799517155,-9.948,-24.215,6.124085307179587,real,75
42.6,left,0.83,7.515920703980312,-28.290272217298828,-9.948,-24.215,6.124085307179587,real,78
42.6,right,0.9,-6.2725262094776815,-21.323788763306375,-9.948,-24.215,6.124085307179587,real,72
42.6,right,0.78,0.21453167316205268,-21.663825566140552,-9.948,-24.215,6.124085307179587,real,74
42.6,right,0.95,6.274438842941767,-21.3458788824774,-9.948,-24.215,6.124085307179587,real,76
42.6,right,0.91,12.647085479314867,-20.057219560576296,-9.948,-24.215,6.124085307179587,real,79
42.7,left,0.87,-7.339121375889925,-28.236876169405544,-9.541,-24.278,6.130885307179586,real,73
42.7,left,0.98,-0.39037562377775725,-28.340280581802208,-9.541,-24.278,6.130885307179586,real,75
42.7,left,0.85,7.43740626337739,-27.989791313598776,-9.541,-24.278,6.130885307179586,real,78
42.7,right,0.95,-6.676719049613845,-21.1725997621474,-9.541,-24.278,6.130885307179586,real,72
42.7,right,0.9,0.017776226444131793,-21.462591139325145,-9.541,-24.278,6.130885307179586,real,74
42.7,right,0.92,6.486736059800299,-21.218180267176315,-9.541,-24.278,6.130885307179586,real,76
42.7,right,0.87,12.713495157431595,-20.396340781591743,-9.541,-24.278,6.130885307179586,real,79
42.7,right,0.44,1.6724087167701773,-20.43775587355926,-9.541,-24.278,6.130885307179586,ghost,81
42.8,left,0.93,-7.4485212177874525,-28.194332706098304,-9.134,-24.339,6.137585307179586,real,73
42.8,left,0.99,-0.0023845635239757024,-28.58479515760155,-9.134,-24.339,6.137585307179586,real,75
42.8,left,0.8,7.315361486630368,-27.90025535200182,-9.134,-24.339,6.137585307179586,real,78
42.8,right,0.84,-6.081749851060697,-20.996471910619146,-9.134,-24.339,6.137585307179586,real,72
42.8,right,0.85,-0.0893088196652625,-21.582088240009305,-9.134,-24.339,6.137585307179586,real,74
42.8,right,0.92,6.295980000305953,-21.142857451527185,-9.134,-24.339,6.137585307179586,real,76
42.8,right,0.78,12.39340150894009,-20.226815997200045,-9.134,-24.339,6.137585307179586,real,79
42.9,left,0.82,-7.633368125224312,-28.37239361239223,-8.726,-24.398,6.144385307179586,real,73
42.9,left,0.87,-0.4078463842627331,-28.73355226297608,-8.726,-24.398,6.144385307179586,real,75
42.9,left,0.85,7.322761324290284,-27.929384708009643,-8.726,-24.398,6.144385307179586,real,78
42.9,right,0.91,-6.208866909020944,-21.189399370083866,-8.726,-24.398,6.144385307179586,real,72
42.9,right,0.85,0.3905448569796439,-21.63070350871505,-8.726,-24.398,6.144385307179586,real,74
42.9,right,0.99,6.334222545090988,-21.171624496074095,-8.726,-24.398,6.144385307179586,real,76
42.9,right,0.98,12.73467951700727,-20.023112610785887,-8.726,-24.398,6.144385307179586,real,79
43.0,left,0.88,-7.699365769695892,-28.02029208366579,-8.316,-24.454,6.151085307179586,real,73
43.0,left,0.96,-0.16340233016182043,-28.72403140898859,-8.316,-24.454,6.151085307179586,real,75
43.0,left,0.91,7.4873296965798914,-28.222385662481493,-8.316,-24.454,6.151085307179586,real,78
43.0,right,0.93,-6.440993215506227,-20.941364727430088,-8.316,-24.454,6.151085307179586,real,72
43.0,right,0.84,0.03820994433826197,-21.398765441750886,-8.316,-24.454,6.151085307179586,real,74
43.0,right,0.94,6.247496873276683,-21.04050738655256,-8.316,-24.454,6.151085307179586,real,76
43.0,right,0.88,12.241345494346952,-20.0715519140493,-8.316,-24.454,6.151085307179586,real,79
43.1,left,0.84,-7.47133652545335,-28.14291428170344,-7.906,-24.507,6.157785307179586,real,73
43.1,left,0.89,0.20177064292212216,-28.791696512212997,-7.906,-24.507,6.157785307179586,real,75
43.1,left,0.92,7.36359196646509,-28.26731942495113,-7.906,-24.507,6.157785307179586,real,78
43.1,right,0.9,-6.086482498805453,-21.490886596487666,-7.906,-24.507,6.157785307179586,real,72
43.1,right,0.79,0.22927723449530246,-20.985843042705643,-7.906,-24.507,6.157785307179586,real,74
43.1,right,0.91,6.415351360835846,-21.021827809205796,-7.906,-24.507,6.157785307179586,real,76
43.1,right,0.99,12.684080966203892,-20.418127440825728,-7.906,-24.507,6.157785307179586,real,79
43.2,left,0.87,-7.5829541405906875,-28.064263473016098,-7.495,-24.557,6.164485307179587,real,73
43.2,left,0.83,0.24145909777284702,-28.643920678027378,-7.495,-24.557,6.164485307179587,real,75
43.2,left,0.88,7.83232882194364,-28.108071976743886,-7.495,-24.557,6.164485307179587,real,78
43.2,right,0.87,-6.281316656702297,-21.220246826299295,-7.495,-24.557,6.164485307179587,real,72
43.2,right,0.82,-0.06353600437353957,-21.692891258749484,-7.495,-24.557,6.164485307179587,real,74
43.2,right,0.98,6.231252372295648,-21.021605706282806,-7.495,-24.557,6.164485307179587,real,76
43.2,right,0.93,12.328668986739345,-20.367064928404186,-7.495,-24.557,6.164485307179587,real,79
43.3,left,0.77,0.0972336683260594,-28.575382156447525,-7.083,-24.605,6.171185307179586,real,75
43.3,left,0.99,7.743935616258394,-27.771989774427485,-7.083,-24.605,6.171185307179586,real,78
43.3,right,0.93,-6.15292074279607,-21.050681841011,-7.083,-24.605,6.171185307179586,real,72
43.3,right,0.92,-0.05436195964953222,-21.647029699652425,-7.083,-24.605,6.171185307179586,real,74
43.3,right,0.8,6.243975450870108,-21.003940387621245,-7.083,-24.605,6.171185307179586,real,76
43.3,right,0.81,12.45363479476018,-20.361946748370244,-7.083,-24.605,6.171185307179586,real,79
43.4,left,0.99,-0.31185763858105764,-28.209094467305846,-6.671,-24.65,6.1778853071795865,real,75
43.4,left,0.98,7.506045452264143,-28.231925633571493,-6.671,-24.65,6.1778853071795865,real,78
43.4,left,0.93,14.876998772607573,-27.012901372402684,-6.671,-24.65,6.1778853071795865,real,82
43.4,right,0.88,0.11308359338420182,-21.46741649002335,-6.671,-24.65,6.1778853071795865,real,74
43.4,right,0.92,6.235907549977,-21.173330113981663,-6.671,-24.65,6.1778853071795865,real,76
43.4,right,0.85,12.726374774520373,-20.159900685196284,-6.671,-24.65,6.1778853071795865,real,79
43.5,left,0.74,-0.14690753531458745,-28.2504058330936,-6.257,-24.692,6.184485307179586,real,75
43.5,left,0.94,7.489117127795939,-27.845889647548738,-6.257,-24.692,6.184485307179586,real,78
43.5,left,0.85,15.017212260926458,-26.755399543725424,-6.257,-24.692,6.184485307179586,real,82
43.5,right,0.92,0.06739113500529542,-21.539863300637737,-6.257,-24.692,6.184485307179586,real,74
43.5,right,0.91,6.295637009254505,-21.03312734385383,-6.257,-24.692,6.184485307179586,real,76
43.5,right,0.88,12.45712373469809,-20.226352696146993,-6.257,-24.692,6.184485307179586,real,79
43.6,left,0.92,-0.009329767436413672,-28.8573872082147,-5.843,-24.732,6.191185307179587,real,75
43.6,left,0.81,7.693703546548619,-28.134007803174182,-5.843,-24.732,6.191185307179587,real,78
43.6,left,0.79,14.50720106342045,-26.548259529461923,-5.843,-24.732,6.191185307179587,real,82
43.6,right,0.84,-0.0255688925666106,-21.653429664557535,-5.843,-24.732,6.191185307179587,real,74
43.6,right,0.97,6.436186100260224,-21.224257889300286,-5.843,-24.732,6.191185307179587,real,76
43.6,right,0.87,12.208036704314852,-20.000343429677308,-5.843,-24.732,6.191185307179587,real,79
43.7,left,0.96,0.11711755312601879,-28.521739277768635,-5.429,-24.769,6.197785307179586,real,75
43.7,left,0.8,7.702390642252747,-27.986784921426075,-5.429,-24.769,6.197785307179586,real,78
43.7,left,0.86,15.081927500989881,-27.135127859845493,-5.429,-24.769,6.197785307179586,real,82
43.7,right,0.97,-0.050940758557382115,-21.598172537722423,-5.429,-24.769,6.197785307179586,real,74
43.7,right,0.96,6.275004301689234,-21.03670562441279,-5.429,-24.769,6.197785307179586,real,76
43.7,right,0.82,12.674425097888154,-20.226599783687778,-5.429,-24.769,6.197785307179586,real,79
43.8,left,0.99,-0.23618957819529296,-28.741244049590875,-5.013,-24.803,6.204385307179586,real,75
43.8,left,0.87,7.266501783488364,-28.138975561856846,-5.013,-24.803,6.204385307179586,real,78
43.8,left,0.93,15.09479767354624,-26.766949520667055,-5.013,-24.803,6.204385307179586,real,82
43.8,right,0.78,0.004579050898492476,-21.093465060417333,-5.013,-24.803,6.204385307179586,real,74
43.8,right,0.89,6.295369220278326,-21.369523106549025,-5.013,-24.803,6.204385307179586,real,76
43.8,right,0.8,12.398087041351369,-19.98763157811508,-5.013,-24.803,6.204385307179586,real,79
43.9,left,0.92,-0.31390687834992137,-28.34211036190052,-4.597,-24.834,6.210985307179587,real,75
43.9,left,0.82,7.635814095064392,-28.13403959303429,-4.597,-24.834,6.210985307179587,real,78
43.9,left,0.85,14.910077727359855,-26.68801794455747,-4.597,-24.834,6.210985307179587,real,82
43.9,right,0.77,-0.06027982558789502,-21.411349702484607,-4.597,-24.834,6.210985307179587,real,74
43.9,right,0.92,6.235124427625219,-21.3974468744911,-4.597,-24.834,6.210985307179587,real,76
43.9,right,0.87,12.243123966644339,-20.339090347064694,-4.597,-24.834,6.210985307179587,real,79
44.0,left,0.79,-0.20466887526498684,-28.527542370673803,-4.181,-24.863,6.217585307179586,real,75
44.0,left,0.99,7.374898957432948,-28.035346810422865,-4.181,-24.863,6.217585307179586,real,78
44.0,left,0.99,14.983761970188619,-26.746357806156862,-4.181,-24.863,6.217585307179586,real,82
44.0,right,0.83,0.07480022220709315,-21.54283893934917,-4.181,-24.863,6.217585307179586,real,74
44.0,right,0.84,6.388373983198055,-21.390384472289497,-4.181,-24.863,6.217585307179586,real,76
44.0,right,0.85,12.546335193812386,-20.11331018761799,-4.181,-24.863,6.217585307179586,real,79
44.0,right,0.8,18.47534476014487,-18.705947205890148,-4.181,-24.863,6.217585307179586,real,83
44.1,left,0.82,-0.0916517386972501,-28.535888433679684,-3.764,-24.889,6.224185307179586,real,75
44.1,left,0.89,7.288140152427696,-27.977071250974547,-3.764,-24.889,6.224185307179586,real,78
44.1,left,0.84,14.899193858710605,-26.877950475046266,-3.764,-24.889,6.224185307179586,real,82
44.1,right,0.91,0.1340262221490865,-21.764413375910642,-3.764,-24.889,6.224185307179586,real,74
44.1,right,0.86,6.377873826309051,-21.069377336538672,-3.764,-24.889,6.224185307179586,real,76
44.1,right,0.82,12.598537310694933,-20.08847682474961,-3.764,-24.889,6.224185307179586,real,79
44.1,right,0.77,18.226966139533786,-18.720982064724645,-3.764,-24.889,6.224185307179586,real,83
44.1,unknown,0.46,12.037555267619837,-19.410217915963823,-3.764,-24.889,6.224185307179586,ghost,84
44.2,left,0.73,-0.1127441571977855,-28.61948622968444,-3.347,-24.912,6.230785307179586,real,75
44.2,left,0.85,7.37247855222059,-28.353166890530414,-3.347,-24.912,6.230785307179586,real,78
44.2,left,0.9,14.588659095913151,-26.6868345824859,-3.347,-24.912,6.230785307179586,real,82
44.2,right,0.9,0.0032814154629527414,-21.5959228843099,-3.347,-24.912,6.230785307179586,real,74
44.2,right,0.78,5.964190232456268,-21.028352557838055,-3.347,-24.912,6.230785307179586,real,76
44.2,right,0.95,12.3279511128979,-20.1114024738309,-3.347,-24.912,6.230785307179586,real,79
44.2,right,0.79,18.33936086564822,-18.63823419269724,-3.347,-24.912,6.230785307179586,real,83
44.3,left,0.84,-0.24824004432772848,-28.682999138686924,-2.93,-24.933,6.237285307179587,real,75
44.3,left,0.79,7.678147562448899,-27.962934206102425,-2.93,-24.933,6.237285307179587,real,78
44.3,left,0.86,14.863602460505852,-27.180807037421175,-2.93,-24.933,6.237285307179587,real,82
44.3,right,0.92,-0.07614750791157562,-21.449276711132082,-2.93,-24.933,6.237285307179587,real,74
44.3,right,0.84,6.190412452697445,-21.10144448132597,-2.93,-24.933,6.237285307179587,real,76
44.3,right,0.95,12.325628211333017,-20.23503949808216,-2.93,-24.933,6.237285307179587,real,79
44.3,right,0.95,18.26892330717735,-18.665087459415773,-2.93,-24.933,6.237285307179587,real,83
44.4,left,0.76,-0.054019745745287756,-28.639421758651515,-2.512,-24.951,6.243885307179586,real,75
44.4,left,0.87,7.481034656733293,-28.04801652390285,-2.512,-24.951,6.243885307179586,real,78
44.4,left,0.78,14.808851016696936,-26.567782625274255,-2.512,-24.951,6.243885307179586,real,82
44.4,right,0.82,0.15687839793646488,-21.494190763575737,-2.512,-24.951,6.243885307179586,real,74
44.4,right,0.9,6.249482954093658,-21.369472191211376,-2.512,-24.951,6.243885307179586,real,76
44.4,right,0.89,12.658202800172575,-20.255409834574976,-2.512,-24.951,6.243885307179586,real,79
44.4,right,0.98,18.097348993337715,-18.627856551460376,-2.512,-24.951,6.243885307179586,real,83
44.5,left,0.82,0.05845166451033679,-28.68832987996439,-2.093,-24.966,6.250485307179586,real,75
44.5,left,0.95,7.696997813844461,-28.18479663926143,-2.093,-24.966,6.250485307179586,real,78
44.5,left,0.97,14.677598370092507,-26.53714076678397,-2.093,-24.966,6.250485307179586,real,82
44.5,right,0.95,-0.033106550675013446,-21.699600303479684,-2.093,-24.966,6.250485307179586,real,74
44.5,right,0.97,6.43779328245163,-21.043810436493654,-2.093,-24.966,6.250485307179586,real,76
44.5,right,0.99,12.391063828392763,-20.09293935857101,-2.093,-24.966,6.250485307179586,real,79
44.5,right,0.93,18.215968901143036,-18.814696465593236,-2.093,-24.966,6.250485307179586,real,83
44.6,left,0.88,0.03978560147182236,-28.673190433656288,-1.675,-24.978,6.256985307179586,real,75
44.6,left,0.88,7.759566420103214,-28.24827972269358,-1.675,-24.978,6.256985307179586,real,78
44.6,left,0.99,15.038896236370801,-26.880506925041253,-1.675,-24.978,6.256985307179586,real,82
44.6,right,0.87,-0.1100521410962329,-21.526812494385087,-1.675,-24.978,6.256985307179586,real,74
44.6,right,0.97,6.361391935008885,-21.289263405049887,-1.675,-24.978,6.256985307179586,real,76
44.6,right,0.99,12.342475416268853,-20.295608842236874,-1.675,-24.978,6.256985307179586,real,79
44.6,right,0.91,18.317381096138416,-18.62155892760995,-1.675,-24.978,6.256985307179586,real,83
44.7,left,0.83,-0.04152709905430825,-28.75152501956192,-1.256,-24.988,6.263585307179587,real,75
44.7,left,0.86,7.62064208716866,-27.797510679158563,-1.256,-24.988,6.263585307179587,real,78
44.7,left,0.94,14.897549867749717,-26.444869132806065,-1.256,-24.988,6.263585307179587,real,82
44.7,right,0.87,-0.2552295398583323,-21.69298095815702,-1.256,-24.988,6.263585307179587,real,74
44.7,right,0.99,6.493764135860564,-21.09613812699765,-1.256,-24.988,6.263585307179587,real,76
44.7,right,0.77,12.872613020782225,-20.452031844359684,-1.256,-24.988,6.263585307179587,real,79
44.7,right,0.99,17.88530454715789,-18.27185555300121,-1.256,-24.988,6.263585307179587,real,83
44.8,left,0.89,0.194691939595181,-28.536831780010896,-0.838,-24.995,6.270085307179587,real,75
44.8,left,0.8,7.684900888201701,-28.111914251289356,-0.838,-24.995,6.270085307179587,real,78
44.8,left,0.82,14.573275331075271,-26.67802634257186,-0.838,-24.995,6.270085307179587,real,82
44.8,right,0.88,0.08787363563543125,-21.422822091379654,-0.838,-24.995,6.270085307179587,real,74
44.8,right,0.87,6.486049485160741,-21.527644791931944,-0.838,-24.995,6.270085307179587,real,76
44.8,right,0.82,12.500132202632765,-19.881285758365955,-0.838,-24.995,6.270085307179587,real,79
44.8,right,0.81,18.39429932841783,-18.60938800566939,-0.838,-24.995,6.270085307179587,real,83
44.9,left,0.83,0.024323801310985747,-28.642958562770872,-0.419,-24.999,6.276685307179586,real,75
44.9,left,0.82,7.339720339016477,-27.83649126887327,-0.419,-24.999,6.276685307179586,real,78
44.9,left,0.95,14.852927237542742,-26.598300613143174,-0.419,-24.999,6.276685307179586,real,82
44.9,right,0.92,0.022384505052209343,-21.402793009475143,-0.419,-24.999,6.276685307179586,real,74
44.9,right,0.86,5.937155551849485,-21.45723990074243,-0.419,-24.999,6.276685307179586,real,76
44.9,right,0.89,12.60047241999797,-20.04552133295073,-0.419,-24.999,6.276685307179586,real,79
44.9,right,0.85,18.386230332856055,-18.563097178465902,-0.419,-24.999,6.276685307179586,real,83
45.0,left,0.83,-0.3280000000000009,-28.606,0.0,-25.0,6.283185307179586,real,75
45.0,left,0.94,7.235999999999999,-27.801000000000002,0.0,-25.0,6.283185307179586,real,78
45.0,left,0.94,14.891,-26.892000000000003,0.0,-25.0,6.283185307179586,real,82
45.0,left,0.91,21.462,-24.612000000000002,0.0,-25.0,6.283185307179586,real,85
45.0,right,0.83,0.27000000000000085,-21.564,0.0,-25.0,6.283185307179586,real,74
45.0,right,0.98,6.683000000000001,-21.102,0.0,-25.0,6.283185307179586,real,76
45.0,right,0.86,12.433000000000002,-20.357000000000003,0.0,-25.0,6.283185307179586,real,79
45.0,right,0.84,18.387,-18.117000000000004,0.0,-25.0,6.283185307179586,real,83
45.1,left,0.86,7.663224750046043,-28.086978104005976,0.419,-24.999,6.289685307179586,real,78
45.1,left,0.84,14.801397345382785,-26.85955437962082,0.419,-24.999,6.289685307179586,real,82
45.1,left,0.88,21.903142119734557,-24.643346546413987,0.419,-24.999,6.289685307179586,real,85
45.1,right,0.83,6.5645013308034015,-21.209974479751605,0.419,-24.999,6.289685307179586,real,76
45.1,right,0.86,12.491538023645575,-20.119425974776913,0.419,-24.999,6.289685307179586,real,79
45.1,right,0.92,17.978348999026533,-18.841734963444733,0.419,-24.999,6.289685307179586,real,83
45.2,left,0.86,7.628151973938654,-28.168323836424044,0.838,-24.995,6.296285307179586,real,78
45.2,left,0.87,15.043157119333763,-26.51704836159738,0.838,-24.995,6.296285307179586,real,82
45.2,left,0.94,21.57201125056942,-24.936387192008176,0.838,-24.995,6.296285307179586,real,85
45.2,right,0.85,6.124859529091708,-21.056406174831913,0.838,-24.995,6.296285307179586,real,76
45.2,right,0.97,12.63536165813143,-19.90702241482429,0.838,-24.995,6.296285307179586,real,79
45.2,right,0.84,18.54694572555358,-18.691478580238055,0.838,-24.995,6.296285307179586,real,83
45.3,left,0.82,7.753911785189994,-27.930214205643257,1.256,-24.988,6.302785307179586,real,78
45.3,left,0.73,14.548357378058059,-26.7128177683412,1.256,-24.988,6.302785307179586,real,82
45.3,left,0.93,21.87566602081495,-24.615808933409834,1.256,-24.988,6.302785307179586,real,85
45.3,right,0.84,6.179897226248375,-21.209772094573495,1.256,-24.988,6.302785307179586,real,76
45.3,right,0.84,12.505491426061866,-20.055576695481157,1.256,-24.988,6.302785307179586,real,79
45.3,right,0.8,17.979366321415032,-19.026097880729548,1.256,-24.988,6.302785307179586,real,83
45.4,left,0.95,7.686676757381005,-27.90251578295707,1.675,-24.978,6.3093853071795865,real,78
45.4,left,0.86,15.121726386776064,-26.776353268737914,1.675,-24.978,6.3093853071795865,real,82
45.4,left,0.93,21.319907696761547,-24.75528586547136,1.675,-24.978,6.3093853071795865,real,85
45.4,right,0.94,6.156224750396722,-21.26333046739931,1.675,-24.978,6.3093853071795865,real,76
45.4,right,0.73,12.578011169304762,-20.21673972124863,1.675,-24.978,6.3093853071795865,real,79
45.4,right,0.97,18.12608685831838,-18.810914287926245,1.675,-24.978,6.3093853071795865,real,83
45.5,left,0.98,7.296623406054864,-28.32566790739174,2.093,-24.966,6.315885307179586,real,78
45.5,left,0.93,15.056746038395204,-26.397926552583154,2.093,-24.966,6.315885307179586,real,82
45.5,left,0.99,21.67763729145382,-24.787601114924083,2.093,-24.966,6.315885307179586,real,85
45.5,right,0.88,6.384927985706493,-20.978547283602047,2.093,-24.966,6.315885307179586,real,76
45.5,right,0.87,12.718230760185287,-19.874895179549696,2.093,-24.966,6.315885307179586,real,79
45.5,right,0.95,18.460270159139537,-18.650509398491636,2.093,-24.966,6.315885307179586,real,83
45.5,right,0.99,23.62606997237568,-16.663555627119646,2.093,-24.966,6.315885307179586,real,86
45.6,left,0.9,7.102434842935237,-27.976978842088315,2.512,-24.951,6.322485307179586,real,78
45.6,left,0.75,14.886755110692778,-26.941334130336656,2.512,-24.951,6.322485307179586,real,82
45.6,left,0.95,22.108399195714316,-24.677848829020682,2.512,-24.951,6.322485307179586,real,85
45.6,right,0.99,6.419191942938261,-21.188581745600537,2.512,-24.951,6.322485307179586,real,76
45.6,right,0.83,12.701550543064991,-19.979815258882045,2.512,-24.951,6.322485307179586,real,79
45.6,right,0.89,18.064559909255664,-18.423901849289116,2.512,-24.951,6.322485307179586,real,83
45.6,right,0.78,23.44580376404504,-16.619079815045403,2.512,-24.951,6.322485307179586,real,86
45.7,left,0.96,7.762046308818224,-28.244774972644755,2.93,-24.933,6.329085307179586,real,78
45.7,left,0.85,14.619509939719372,-26.811618473560287,2.93,-24.933,6.329085307179586,real,82
45.7,left,0.92,21.786325502438288,-24.594441960521706,2.93,-24.933,6.329085307179586,real,85
45.7,right,0.91,6.487249121056013,-21.43509552864201,2.93,-24.933,6.329085307179586,real,76
45.7,right,0.91,12.561364270837426,-20.339237350228437,2.93,-24.933,6.329085307179586,real,79
45.7,right,0.89,18.531816823363556,-18.773640876665016,2.93,-24.933,6.329085307179586,real,83
45.7,right,0.86,23.543244699184374,-16.510313316313656,2.93,-24.933,6.329085307179586,real,86
45.8,left,0.88,7.418838564015618,-28.067063820051064,3.347,-24.912,6.335585307179587,real,78
45.8,left,0.92,15.043100363762587,-27.070367271988864,3.347,-24.912,6.335585307179587,real,82
45.8,left,0.78,21.688930189105882,-24.907316201723177,3.347,-24.912,6.335585307179587,real,85
45.8,right,0.93,6.1628553288051044,-21.093275243325348,3.347,-24.912,6.335585307179587,real,76
45.8,right,0.84,12.506953514946435,-20.031539304120923,3.347,-24.912,6.335585307179587,real,79
45.8,right,0.87,18.358553570572667,-18.514974175616686,3.347,-24.912,6.335585307179587,real,83
45.8,right,0.83,23.333644868812456,-16.62981116564149,3.347,-24.912,6.335585307179587,real,86
45.9,left,0.84,7.610899889744557,-28.09774776794364,3.764,-24.889,6.342185307179586,real,78
45.9,left,0.87,14.820897199578816,-26.613021263774357,3.764,-24.889,6.342185307179586,real,82
45.9,left,0.94,21.715028931516756,-24.648084454946556,3.764,-24.889,6.342185307179586,real,85
45.9,right,0.86,6.221744031546385,-21.250746672454195,3.764,-24.889,6.342185307179586,real,76
45.9,right,0.88,12.18055869316525,-20.037269096033405,3.764,-24.889,6.342185307179586,real,79
45.9,right,0.86,18.173108190295093,-18.699586202202106,3.764,-24.889,6.342185307179586,real,83
45.9,right,0.83,23.54313841840172,-16.370886275371465,3.764,-24.889,6.342185307179586,real,86
46.0,left,0.92,7.701137784614381,-28.212448906511362,4.181,-24.863,6.348785307179586,real,78
46.0,left,0.99,15.057979571272499,-26.595708690496117,4.181,-24.863,6.348785307179586,real,82
46.0,left,0.85,22.18042847685322,-24.6145497904096,4.181,-24.863,6.348785307179586,real,85
46.0,right,0.94,6.465940357342446,-21.141210166682196,4.181,-24.863,6.348785307179586,real,76
46.0,right,0.84,12.559760867717278,-20.51138750328001,4.181,-24.863,6.348785307179586,real,79
46.0,right,0.92,18.138501126263808,-19.01246051117125,4.181,-24.863,6.348785307179586,real,83
46.0,right,0.95,23.760191877595176,-16.641843060717594,4.181,-24.863,6.348785307179586,real,86
46.1,left,0.93,7.2933830767517716,-28.06891812932053,4.597,-24.834,6.355385307179586,real,78
46.1,left,0.93,14.79569277671792,-26.942787956652282,4.597,-24.834,6.355385307179586,real,82
46.1,left,0.92,21.827422185666403,-24.467088152691993,4.597,-24.834,6.355385307179586,real,85
46.1,right,0.99,6.053803059493555,-21.257592606280678,4.597,-24.834,6.355385307179586,real,76
46.1,right,0.91,12.125576167871944,-20.009339298504962,4.597,-24.834,6.355385307179586,real,79
46.1,right,0.87,18.24127264619325,-18.481188263741586,4.597,-24.834,6.355385307179586,real,83
46.1,right,0.84,23.193160664751435,-16.567988051620574,4.597,-24.834,6.355385307179586,real,86
46.2,left,0.81,7.502884021580288,-28.057097963964697,5.013,-24.803,6.361985307179586,real,78
46.2,left,0.9,14.726018871051759,-26.694274810965464,5.013,-24.803,6.361985307179586,real,82
46.2,left,0.95,21.78581028607217,-24.73646348798154,5.013,-24.803,6.361985307179586,real,85
46.2,right,0.9,6.203341351533547,-21.063694654507433,5.013,-24.803,6.361985307179586,real,76
46.2,right,0.8,12.29028490873163,-20.340294950688893,5.013,-24.803,6.361985307179586,real,79
46.2,right,0.82,18.296751741532354,-18.585028251162917,5.013,-24.803,6.361985307179586,real,83
46.2,right,0.9,23.38953093811238,-16.564863640325036,5.013,-24.803,6.361985307179586,real,86
46.3,left,0.87,7.614169608914598,-28.183055327653026,5.429,-24.769,6.368585307179586,real,78
46.3,left,0.76,14.644311357207718,-26.782305885780513,5.429,-24.769,6.368585307179586,real,82
46.3,left,0.97,21.551264461535315,-24.41152883708542,5.429,-24.769,6.368585307179586,real,85
46.3,right,0.91,6.368522865266613,-21.288176852288927,5.429,-24.769,6.368585307179586,real,76
46.3,right,0.88,12.252573852245382,-20.22842736177989,5.429,-24.769,6.368585307179586,real,79
46.3,right,0.84,18.278024434451364,-18.862501199282963,5.429,-24.769,6.368585307179586,real,83
46.3,right,0.88,23.486299976465105,-16.68532048136782,5.429,-24.769,6.368585307179586,real,86
46.4,left,0.88,7.411482922986195,-27.734601092436467,5.843,-24.732,6.375185307179586,real,78
46.4,left,0.86,15.035034625470947,-26.91073918681039,5.843,-24.732,6.375185307179586,real,82
46.4,left,0.96,21.274941256337154,-24.543466021737974,5.843,-24.732,6.375185307179586,real,85
46.4,right,0.99,6.287299427200634,-21.384023444080114,5.843,-24.732,6.375185307179586,real,76
46.4,right,0.95,12.376682920966202,-20.193555609212055,5.843,-24.732,6.375185307179586,real,79
46.4,right,0.99,18.339340121415226,-18.75066264369681,5.843,-24.732,6.375185307179586,real,83
46.4,right,0.84,23.214356064156558,-16.403868967631986,5.843,-24.732,6.375185307179586,real,86
46.5,left,0.83,7.524998229827465,-28.05944064374629,6.257,-24.692,6.381885307179586,real,78
46.5,left,0.85,14.720740175241831,-26.7982353254082,6.257,-24.692,6.381885307179586,real,82
46.5,left,0.97,21.740915532909767,-24.758541488678816,6.257,-24.692,6.381885307179586,real,85
46.5,left,0.95,27.871637983353825,-21.885438073272184,6.257,-24.692,6.381885307179586,real,87
46.5,right,0.75,6.58359797687293,-21.069185243280785,6.257,-24.692,6.381885307179586,real,76
46.5,right,0.99,12.40991259589227,-20.2772067333441,6.257,-24.692,6.381885307179586,real,79
46.5,right,0.78,18.131503614117253,-18.813277356575135,6.257,-24.692,6.381885307179586,real,83
46.5,right,0.95,23.501172935171137,-16.606410486432587,6.257,-24.692,6.381885307179586,real,86
46.6,left,0.92,7.474976852923151,-28.108654828103518,6.671,-24.65,6.388485307179586,real,78
46.6,left,0.88,14.778687165814649,-26.645892487406176,6.671,-24.65,6.388485307179586,real,82
46.6,left,0.91,21.57192367833686,-24.863010639123722,6.671,-24.65,6.388485307179586,real,85
46.6,left,0.73,27.682297105738012,-21.709308595856175,6.671,-24.65,6.388485307179586,real,87
46.6,right,0.98,6.625999044346971,-21.341403784988216,6.671,-24.65,6.388485307179586,real,76
46.6,right,0.99,12.791196927751203,-20.21919165777341,6.671,-24.65,6.388485307179586,real,79
46.6,right,0.99,18.276442237895075,-18.54337994772223,6.671,-24.65,6.388485307179586,real,83
46.6,right,0.83,23.396938706926832,-16.30881043422901,6.671,-24.65,6.388485307179586,real,86
46.7,left,0.86,7.850616982872861,-28.146394946571927,7.083,-24.605,6.395185307179586,real,78
46.7,left,0.9,14.900552838869388,-26.569572373694896,7.083,-24.605,6.395185307179586,real,82
46.7,left,0.94,21.682165373085933,-24.68279723188359,7.083,-24.605,6.395185307179586,real,85
46.7,left,0.7,27.67255982221755,-21.82738441692791,7.083,-24.605,6.395185307179586,real,87
46.7,right,0.91,12.544980506889308,-19.941316269046407,7.083,-24.605,6.395185307179586,real,79
46.7,right,0.82,18.14072126397041,-18.99899871135078,7.083,-24.605,6.395185307179586,real,83
46.7,right,0.84,23.488580544095413,-16.604285968665177,7.083,-24.605,6.395185307179586,real,86
46.7,right,0.87,28.149017698002194,-13.644865495923039,7.083,-24.605,6.395185307179586,real,88
46.8,left,0.9,15.038280991359578,-26.68669948241371,7.495,-24.557,6.401885307179586,real,82
46.8,left,0.89,21.76891148610976,-24.83965152874848,7.495,-24.557,6.401885307179586,real,85
46.8,left,0.91,27.77140603385995,-21.793392149734725,7.495,-24.557,6.401885307179586,real,87
46.8,right,0.92,12.43408451595986,-20.092692982756947,7.495,-24.557,6.401885307179586,real,79
46.8,right,0.83,18.352513593318434,-18.883314110659157,7.495,-24.557,6.401885307179586,real,83
46.8,right,0.88,23.420527735071676,-16.25163448369291,7.495,-24.557,6.401885307179586,real,86
46.8,right,0.85,27.996058671160327,-13.805581611636445,7.495,-24.557,6.401885307179586,real,88
46.9,left,0.97,14.85944905604963,-26.93639729664016,7.906,-24.507,6.408585307179586,real,82
46.9,left,0.93,21.485050322889197,-25.07006778316889,7.906,-24.507,6.408585307179586,real,85
46.9,left,0.82,28.017972822932567,-21.637027496713298,7.906,-24.507,6.408585307179586,real,87
46.9,right,0.78,12.53779826102583,-20.320822522974204,7.906,-24.507,6.408585307179586,real,79
46.9,right,0.91,18.202614287121058,-18.324640319242622,7.906,-24.507,6.408585307179586,real,83
46.9,right,0.92,23.493893519803112,-16.61946200546202,7.906,-24.507,6.408585307179586,real,86
46.9,right,0.73,27.90363224328331,-13.821962159056454,7.906,-24.507,6.408585307179586,real,88
47.0,left,0.89,14.782000731191493,-26.600020629964,8.316,-24.454,6.415285307179587,real,82
47.0,left,0.92,21.95066609831086,-24.612475195448525,8.316,-24.454,6.415285307179587,real,85
47.0,left,0.88,27.690347788825022,-22.104616728234607,8.316,-24.454,6.415285307179587,real,87
47.0,right,0.71,12.318934689318723,-20.445827614354787,8.316,-24.454,6.415285307179587,real,79
47.0,right,0.8,18.051245002741624,-18.603740626553876,8.316,-24.454,6.415285307179587,real,83
47.0,right,0.99,23.609220436555038,-16.785826966028004,8.316,-24.454,6.415285307179587,real,86
47.0,right,0.74,28.22903709805751,-14.224002613324616,8.316,-24.454,6.415285307179587,real,88
47.1,left,0.87,14.924918261626583,-26.96604777713976,8.726,-24.398,6.421985307179586,real,82
47.1,left,0.8,21.912902904928384,-24.441951973692852,8.726,-24.398,6.421985307179586,real,85
47.1,left,0.84,27.928260071342226,-21.894196263175534,8.726,-24.398,6.421985307179586,real,87
47.1,right,0.86,12.391737700301617,-20.491255560880973,8.726,-24.398,6.421985307179586,real,79
47.1,right,0.97,18.355428558804174,-18.780699702625242,8.726,-24.398,6.421985307179586,real,83
47.1,right,0.89,23.44690599682399,-16.13179436303018,8.726,-24.398,6.421985307179586,real,86
47.1,right,0.83,28.08616268122389,-13.787384327168105,8.726,-24.398,6.421985307179586,real,88
47.2,left,0.82,14.949934051327194,-26.84369082136156,9.134,-24.339,6.428785307179586,real,82
47.2,left,0.89,21.485701876424233,-24.649222107429576,9.134,-24.339,6.428785307179586,real,85
47.2,left,0.99,27.76258319507869,-22.08843826033769,9.134,-24.339,6.428785307179586,real,87
47.2,right,0.89,12.56369146626735,-20.268327764826438,9.134,-24.339,6.428785307179586,real,79
47.2,right,0.89,18.127363435507725,-18.619671882391017,9.134,-24.339,6.428785307179586,real,83
47.2,right,0.9,23.215754151129666,-16.714255936941726,9.134,-24.339,6.428785307179586,real,86
47.2,right,0.86,27.719920265449694,-13.698858182977709,9.134,-24.339,6.428785307179586,real,88
47.3,left,0.86,14.87372689155941,-26.657505179662174,9.541,-24.278,6.435485307179587,real,82
47.3,left,0.99,21.93495501588538,-24.70968630301374,9.541,-24.278,6.435485307179587,real,85
47.3,left,0.98,27.96972446909421,-21.663884003681503,9.541,-24.278,6.435485307179587,real,87
47.3,right,0.93,12.821443183148075,-20.47125368298105,9.541,-24.278,6.435485307179587,real,79
47.3,right,0.88,18.09212831145357,-18.504866569958978,9.541,-24.278,6.435485307179587,real,83
47.3,right,0.93,23.191632082311497,-16.655807811832073,9.541,-24.278,6.435485307179587,real,86
47.3,right,0.79,27.852739369744366,-13.763179447344129,9.541,-24.278,6.435485307179587,real,88
47.4,left,0.99,15.072481369141865,-26.567846084493826,9.948,-24.215,6.442285307179586,real,82
47.4,left,0.88,21.75065375397039,-24.774172034251233,9.948,-24.215,6.442285307179586,real,85
47.4,left,0.89,27.909944027598335,-22.08843780965041,9.948,-24.215,6.442285307179586,real,87
47.4,right,0.95,12.509365020230444,-20.358497279510892,9.948,-24.215,6.442285307179586,real,79
47.4,right,0.82,18.723052167309206,-18.49148521789259,9.948,-24.215,6.442285307179586,real,83
47.4,right,0.87,23.44591312871862,-16.38463511900208,9.948,-24.215,6.442285307179586,real,86
47.4,right,0.81,27.958179713234237,-13.760617727622266,9.948,-24.215,6.442285307179586,real,88
47.5,left,0.92,14.559754617162527,-26.485388412519782,10.353,-24.148,6.449085307179586,real,82
47.5,left,0.83,21.573426209769053,-24.6225741998125,10.353,-24.148,6.449085307179586,real,85
47.5,left,0.84,28.036312430809325,-21.819811331875254,10.353,-24.148,6.449085307179586,real,87
47.5,right,0.91,12.417529159618356,-20.65510659351226,10.353,-24.148,6.449085307179586,real,79
47.5,right,0.86,18.16862997537248,-18.37303704877172,10.353,-24.148,6.449085307179586,real,83
47.5,right,0.97,23.54961257853764,-16.454074249644588,10.353,-24.148,6.449085307179586,real,86
47.5,right,0.84,28.020866894778358,-13.734349660738797,10.353,-24.148,6.449085307179586,real,88
47.5,unknown,0.34,16.41217732427531,-29.07706260388199,10.353,-24.148,6.449085307179586,ghost,89
47.6,left,0.79,14.637818290333891,-27.07433594066007,10.757,-24.079,6.455985307179586,real,82
47.6,left,0.84,21.644536658769805,-24.64541813525314,10.757,-24.079,6.455985307179586,real,85
47.6,left,0.78,27.932100897608915,-21.73701170862162,10.757,-24.079,6.455985307179586,real,87
47.6,right,0.88,12.164406471886371,-19.946463609005683,10.757,-24.079,6.455985307179586,real,79
47.6,right,0.95,18.198551294438584,-18.575527702237483,10.757,-24.079,6.455985307179586,real,83
47.6,right,0.87,23.181889213051637,-16.267310167230583,10.757,-24.079,6.455985307179586,real,86
47.6,right,0.88,27.92417061758154,-13.781901331596124,10.757,-24.079,6.455985307179586,real,88
47.7,left,0.81,14.88724424609158,-26.88039787185437,11.16,-24.007,6.462785307179586,real,82
47.7,left,0.77,21.866849527220204,-24.63751264972607,11.16,-24.007,6.462785307179586,real,85
47.7,left,0.85,27.988146052472633,-21.753642186280725,11.16,-24.007,6.462785307179586,real,87
47.7,right,0.89,12.597494073866365,-20.24164692391284,11.16,-24.007,6.462785307179586,real,79
47.7,right,0.75,18.45148337154904,-18.622876000459883,11.16,-24.007,6.462785307179586,real,83
47.7,right,0.93,23.714318214206813,-16.759776588483355,11.16,-24.007,6.462785307179586,real,86
47.7,right,0.73,27.965648364534633,-13.826149149132256,11.16,-24.007,6.462785307179586,real,88
47.8,left,0.96,14.953019604823305,-26.867943440765828,11.561,-23.933,6.469685307179586,real,82
47.8,left,0.95,22.016400319714624,-24.704734510379907,11.561,-23.933,6.469685307179586,real,85
47.8,left,0.8,28.0565596281812,-21.697618029705346,11.561,-23.933,6.469685307179586,real,87
47.8,right,0.89,12.605221478662893,-20.0235874477744,11.561,-23.933,6.469685307179586,real,79
47.8,right,0.78,18.18726126620176,-18.795261428212378,11.561,-23.933,6.469685307179586,real,83
47.8,right,0.84,23.458786069861233,-16.61703939076925,11.561,-23.933,6.469685307179586,real,86
47.8,right,0.99,27.872124193647263,-13.838533568364557,11.561,-23.933,6.469685307179586,real,88
47.9,left,0.81,14.866764706404727,-26.980974719965822,11.962,-23.856,6.476585307179586,real,82
47.9,left,0.88,21.60834914196386,-24.56624589497804,11.962,-23.856,6.476585307179586,real,85
47.9,left,0.85,28.107162246775264,-21.90049698918599,11.962,-23.856,6.476585307179586,real,87
47.9,right,0.74,12.559985089831516,-20.218248657159318,11.962,-23.856,6.476585307179586,real,79
47.9,right,0.8,18.308016567967844,-18.937621027302022,11.962,-23.856,6.476585307179586,real,83
47.9,right,0.88,23.225462382182258,-16.485793818001753,11.962,-23.856,6.476585307179586,real,86
47.9,right,0.89,27.78780861491318,-14.11472109607061,11.962,-23.856,6.476585307179586,real,88
47.9,right,0.89,31.748478551034705,-10.513351404258461,11.962,-23.856,6.476585307179586,real,90
48.0,left,0.95,14.947894731799115,-26.42404449482821,12.361,-23.776,6.483585307179586,real,82
48.0,left,0.88,21.67832235258477,-24.493643489501718,12.361,-23.776,6.483585307179586,real,85
48.0,left,0.88,27.907852626082867,-21.64456634565834,12.361,-23.776,6.483585307179586,real,87
48.0,left,0.87,33.09755471912086,-18.529148526887138,12.361,-23.776,6.483585307179586,real,91
48.0,right,0.8,12.598289544267386,-20.18183491305959,12.361,-23.776,6.483585307179586,real,79
48.0,right,0.8,18.545677076258855,-18.530899861547137,12.361,-23.776,6.483585307179586,real,83
48.0,right,0.88,23.707573182420802,-16.212977388902697,12.361,-23.776,6.483585307179586,real,86
48.0,right,0.81,27.81645747833544,-13.809965977613508,12.361,-23.776,6.483585307179586,real,88
48.0,right,0.99,31.82035956555262,-10.669085515708291,12.361,-23.776,6.483585307179586,real,90
48.1,left,0.96,15.103234991108883,-26.52185109871056,12.758,-23.694,6.490485307179586,real,82
48.1,left,0.8,21.83898176554192,-24.542124503770008,12.758,-23.694,6.490485307179586,real,85
48.1,left,0.81,27.93730414224006,-21.392545295389503,12.758,-23.694,6.490485307179586,real,87
48.1,left,0.94,33.436791254330785,-18.315776291393917,12.758,-23.694,6.490485307179586,real,91
48.1,right,0.88,12.172192027991489,-20.369390847042126,12.758,-23.694,6.490485307179586,real,79
48.1,right,0.92,18.179123542382094,-18.92308839547088,12.758,-23.694,6.490485307179586,real,83
48.1,right,0.86,23.800964985493,-16.714729097593672,12.758,-23.694,6.490485307179586,real,86
48.1,right,0.96,27.778231709677677,-13.94585307929794,12.758,-23.694,6.490485307179586,real,88
48.1,right,0.85,31.728442831475803,-10.999751232242678,12.758,-23.694,6.490485307179586,real,90
48.2,left,0.84,14.910233902981519,-26.67997280121858,13.155,-23.609,6.497485307179586,real,82
48.2,left,0.84,21.506581127255938,-24.650753173675234,13.155,-23.609,6.497485307179586,real,85
48.2,left,0.71,28.240493781994754,-21.894651332605417,13.155,-23.609,6.497485307179586,real,87
48.2,left,0.9,33.23469718850675,-18.447719750112956,13.155,-23.609,6.497485307179586,real,91
48.2,right,0.82,12.896280984187202,-19.965680981459784,13.155,-23.609,6.497485307179586,real,79
48.2,right,0.87,18.39180716906759,-18.779858080983512,13.155,-23.609,6.497485307179586,real,83
48.2,right,0.87,23.30420241005823,-16.480576019927817,13.155,-23.609,6.497485307179586,real,86
48.2,right,0.93,27.761817999051143,-13.60584590028748,13.155,-23.609,6.497485307179586,real,88
48.2,right,0.87,31.57368010537034,-10.86756518377798,13.155,-23.609,6.497485307179586,real,90
48.2,right,0.5,17.712773171900864,-16.727312873030286,13.155,-23.609,6.497485307179586,ghost,92
48.3,left,0.75,14.637001374248443,-26.80445472358447,13.55,-23.522,6.5044853071795865,real,82
48.3,left,0.9,21.88454404760442,-24.69416915099386,13.55,-23.522,6.5044853071795865,real,85
48.3,left,0.91,27.734754025253366,-21.976790226843463,13.55,-23.522,6.5044853071795865,real,87
48.3,left,0.93,33.370464655856225,-18.369798448628558,13.55,-23.522,6.5044853071795865,real,91
48.3,right,0.86,18.202583906529558,-18.556676949814626,13.55,-23.522,6.5044853071795865,real,83
48.3,right,0.92,23.53038835328153,-16.897778285890304,13.55,-23.522,6.5044853071795865,real,86
48.3,right,0.78,28.14840690282627,-13.924625468415105,13.55,-23.522,6.5044853071795865,real,88
48.3,right,0.87,31.69657506777967,-10.724774272935656,13.55,-23.522,6.5044853071795865,real,90
48.4,left,0.9,15.012476793125897,-27.01695123941249,13.943,-23.432,6.511585307179586,real,82
48.4,left,0.88,21.7023106369428,-24.60151418949337,13.943,-23.432,6.511585307179586,real,85
48.4,left,0.96,27.665471055073514,-21.436133986794317,13.943,-23.432,6.511585307179586,real,87
48.4,left,0.85,33.47873767677592,-18.3723306012944,13.943,-23.432,6.511585307179586,real,91
48.4,right,0.98,18.829686257722102,-18.771526695861247,13.943,-23.432,6.511585307179586,real,83
48.4,right,0.76,23.580999724280478,-16.30672622878465,13.943,-23.432,6.511585307179586,real,86
48.4,right,0.76,27.804478692682764,-13.973864166110648,13.943,-23.432,6.511585307179586,real,88
48.4,right,0.99,31.64506553773785,-10.872744580285271,13.943,-23.432,6.511585307179586,real,90
48.5,left,0.84,22.149780906321602,-24.728920583111694,14.335,-23.34,6.518685307179586,real,85
48.5,left,0.97,28.182750993167026,-21.979358448656765,14.335,-23.34,6.518685307179586,real,87
48.5,left,0.93,32.991201236651825,-18.63098402874329,14.335,-23.34,6.518685307179586,real,91
48.5,right,0.87,18.369799004847774,-18.70461673747689,14.335,-23.34,6.518685307179586,real,83
48.5,right,0.96,23.323549981969148,-16.50607739130428,14.335,-23.34,6.518685307179586,real,86
48.5,right,0.91,27.63033938825995,-13.728510648656817,14.335,-23.34,6.518685307179586,real,88
48.5,right,0.96,31.541232008790843,-10.496782332310119,14.335,-23.34,6.518685307179586,real,90
48.6,left,0.86,21.514175920741344,-24.73161699278609,14.725,-23.244,6.525785307179587,real,85
48.6,left,0.77,27.87730775157145,-21.796056006624042,14.725,-23.244,6.525785307179587,real,87
48.6,left,0.82,33.04433560221217,-18.518826659949767,14.725,-23.244,6.525785307179587,real,91
48.6,right,0.85,18.36091455924607,-18.429571548162496,14.725,-23.244,6.525785307179587,real,83
48.6,right,0.93,23.308510626060922,-16.65506030287883,14.725,-23.244,6.525785307179587,real,86
48.6,right,0.86,27.562363521210507,-14.000432354101921,14.725,-23.244,6.525785307179587,real,88
48.6,right,0.81,31.665181986218112,-10.910335002368054,14.725,-23.244,6.525785307179587,real,90
48.7,left,0.95,21.474554237439378,-24.993488503238506,15.114,-23.147,6.532885307179586,real,85
48.7,left,0.93,27.721239254901842,-21.626425644809824,15.114,-23.147,6.532885307179586,real,87
48.7,left,0.86,33.24614282910285,-18.77573914928266,15.114,-23.147,6.532885307179586,real,91
48.7,right,0.9,18.40325832568437,-18.82204917173431,15.114,-23.147,6.532885307179586,real,83
48.7,right,0.89,23.15049987481661,-16.313132737455852,15.114,-23.147,6.532885307179586,real,86
48.7,right,0.99,28.362205033075842,-13.65067948089451,15.114,-23.147,6.532885307179586,real,88
48.7,right,0.77,31.81611221395216,-10.602643197335702,15.114,-23.147,6.532885307179586,real,90
48.8,left,0.77,21.65836653805583,-24.362692713375875,15.501,-23.047,6.540085307179586,real,85
48.8,left,0.96,28.35077366865661,-21.7288248734333,15.501,-23.047,6.540085307179586,real,87
48.8,left,0.93,33.492468149502606,-18.21405847072061,15.501,-23.047,6.540085307179586,real,91
48.8,right,0.83,18.23431431971424,-18.590249521271684,15.501,-23.047,6.540085307179586,real,83
48.8,right,0.85,23.548435156270152,-16.680340168846207,15.501,-23.047,6.540085307179586,real,86
48.8,right,0.98,28.169199294490767,-13.965174652909045,15.501,-23.047,6.540085307179586,real,88
48.8,right,0.83,31.877463034404077,-10.984135063228273,15.501,-23.047,6.540085307179586,real,90
48.9,left,0.84,21.94019698423472,-24.561698017580298,15.886,-22.944,6.547285307179586,real,85
48.9,left,0.86,28.018439716808007,-21.893518435183335,15.886,-22.944,6.547285307179586,real,87
48.9,left,0.96,33.10040194031869,-18.464011625332926,15.886,-22.944,6.547285307179586,real,91
48.9,right,0.87,18.274530929494794,-18.44552459172591,15.886,-22.944,6.547285307179586,real,83
48.9,right,0.98,23.784284364521803,-16.58266601276506,15.886,-22.944,6.547285307179586,real,86
48.9,right,0.94,28.240797725477236,-13.9355540650708,15.886,-22.944,6.547285307179586,real,88
48.9,right,0.94,31.524351047669352,-10.586287043718052,15.886,-22.944,6.547285307179586,real,90
48.9,right,0.77,34.566277967379996,-7.439100901282277,15.886,-22.944,6.547285307179586,real,93
49.0,left,0.94,21.70065499009643,-24.927319197000422,16.269,-22.839,6.554585307179586,real,85
49.0,left,0.76,27.964225219488544,-21.754024854921067,16.269,-22.839,6.554585307179586,real,87
49.0,left,0.91,33.1486135613276,-18.48866828618263,16.269,-22.839,6.554585307179586,real,91
49.0,right,0.75,18.26252762590351,-18.842280394528593,16.269,-22.839,6.554585307179586,real,83
49.0,right,0.99,23.60210068853404,-16.060004256394492,16.269,-22.839,6.554585307179586,real,86
49.0,right,0.86,28.196342896540553,-14.113114805457068,16.269,-22.839,6.554585307179586,real,88
49.0,right,0.99,31.66426283704629,-10.106787773593254,16.269,-22.839,6.554585307179586,real,90
49.0,right,0.78,34.24636534052288,-7.348617970709473,16.269,-22.839,6.554585307179586,real,93
49.1,left,0.88,21.767228696739565,-25.031252360646235,16.651,-22.731,6.561885307179586,real,85
49.1,left,0.9,28.093728078587812,-21.80843828417924,16.651,-22.731,6.561885307179586,real,87
49.1,left,0.89,33.568042582866134,-18.242838656031402,16.651,-22.731,6.561885307179586,real,91
49.1,right,0.78,18.240662320539357,-18.584684080215617,16.651,-22.731,6.561885307179586,real,83
49.1,right,0.93,23.30179010319736,-16.719361703893686,16.651,-22.731,6.561885307179586,real,86
49.1,right,0.93,27.819565709543593,-13.940259587975138,16.651,-22.731,6.561885307179586,real,88
49.1,right,0.77,31.49582817046279,-11.05558936099315,16.651,-22.731,6.561885307179586,real,90
49.1,right,0.83,34.593594830157116,-7.308801040032616,16.651,-22.731,6.561885307179586,real,93
49.2,left,0.95,21.282455388891897,-24.835547149252424,17.031,-22.621,6.569185307179586,real,85
49.2,left,0.85,28.359841870841638,-21.97468825984263,17.031,-22.621,6.569185307179586,real,87
49.2,left,0.87,33.44365810368148,-18.18658470915738,17.031,-22.621,6.569185307179586,real,91
49.2,right,0.88,18.68682975043972,-18.915338407577032,17.031,-22.621,6.569185307179586,real,83
49.2,right,0.99,23.578329256646466,-16.071861384497865,17.031,-22.621,6.569185307179586,real,86
49.2,right,0.82,28.064428493841802,-14.008440527271825,17.031,-22.621,6.569185307179586,real,88
49.2,right,0.79,31.60917403529642,-10.661453068924008,17.031,-22.621,6.569185307179586,real,90
49.2,right,0.83,34.327832766950166,-7.638688655212134,17.031,-22.621,6.569185307179586,real,93
49.3,left,0.9,21.643330225026705,-24.95391895724803,17.409,-22.508,6.576585307179586,real,85
49.3,left,0.81,28.162758144242947,-21.685784228363104,17.409,-22.508,6.576585307179586,real,87
49.3,left,0.87,33.29591468411164,-18.216996408792223,17.409,-22.508,6.576585307179586,real,91
49.3,left,0.94,37.49133822187668,-14.393239834588382,17.409,-22.508,6.576585307179586,real,94
49.3,right,0.85,18.286222121956264,-18.537630451865905,17.409,-22.508,6.576585307179586,real,83
49.3,right,0.86,23.45307130377974,-16.535786668677495,17.409,-22.508,6.576585307179586,real,86
49.3,right,0.84,27.66185698814185,-13.624143822600974,17.409,-22.508,6.576585307179586,real,88
49.3,right,0.83,31.623234922954836,-10.958568864439629,17.409,-22.508,6.576585307179586,real,90
49.3,right,0.88,33.867508568051754,-7.353444621653624,17.409,-22.508,6.576585307179586,real,93
49.4,left,0.84,21.51828422767987,-24.82194645378541,17.785,-22.393,6.583985307179586,real,85
49.4,left,0.76,28.06393865928018,-21.476353373019123,17.785,-22.393,6.583985307179586,real,87
49.4,left,0.85,33.40239444609865,-18.110525865230834,17.785,-22.393,6.583985307179586,real,91
49.4,left,0.88,37.46285943504875,-14.05749131399512,17.785,-22.393,6.583985307179586,real,94
49.4,right,0.99,18.260627103440296,-18.78927084002238,17.785,-22.393,6.583985307179586,real,83
49.4,right,0.82,23.834323827465596,-16.529402961453012,17.785,-22.393,6.583985307179586,real,86
49.4,right,0.88,28.012724106395844,-14.108718944685098,17.785,-22.393,6.583985307179586,real,88
49.4,right,0.84,31.841396667592115,-10.672035162440537,17.785,-22.393,6.583985307179586,real,90
49.4,right,0.84,34.33349029416179,-7.095059714326476,17.785,-22.393,6.583985307179586,real,93
49.5,left,0.85,21.686151440829523,-24.469496073438243,18.16,-22.275,6.591485307179586,real,85
49.5,left,0.79,28.139709708922222,-21.833970380083617,18.16,-22.275,6.591485307179586,real,87
49.5,left,0.93,33.43598882456812,-18.1711735621898,18.16,-22.275,6.591485307179586,real,91
49.5,left,0.84,37.77517361292447,-14.11631112648414,18.16,-22.275,6.591485307179586,real,94
49.5,right,0.88,17.945954789479924,-18.837892837304395,18.16,-22.275,6.591485307179586,real,83
49.5,right,0.98,23.33982937186206,-16.43068158992042,18.16,-22.275,6.591485307179586,real,86
49.5,right,0.98,27.98824523792204,-13.979603472813203,18.16,-22.275,6.591485307179586,real,88
49.5,right,0.72,31.57733887452201,-10.766013444866635,18.16,-22.275,6.591485307179586,real,90
49.5,right,0.9,33.949785677629826,-7.2944379860261535,18.16,-22.275,6.591485307179586,real,93
49.6,left,0.95,21.970026358777083,-24.663266284977333,18.532,-22.155,6.5989853071795865,real,85
49.6,left,0.91,27.846332042016087,-21.465064052920553,18.532,-22.155,6.5989853071795865,real,87
49.6,left,0.92,33.053367193244235,-18.55286523864387,18.532,-22.155,6.5989853071795865,real,91
49.6,left,0.85,37.667624670300434,-14.338368597830065,18.532,-22.155,6.5989853071795865,real,94
49.6,right,0.99,18.231140112280908,-18.45549296149316,18.532,-22.155,6.5989853071795865,real,83
49.6,right,0.83,23.24953578628566,-16.74006361024304,18.532,-22.155,6.5989853071795865,real,86
49.6,right,0.91,28.22390311428236,-13.920717819787582,18.532,-22.155,6.5989853071795865,real,88
49.6,right,0.98,31.475018736553192,-10.586092921747838,18.532,-22.155,6.5989853071795865,real,90
49.6,right,0.71,34.343035106459666,-7.328246685052729,18.532,-22.155,6.5989853071795865,real,93
49.7,left,0.82,21.63159419686053,-24.663943465843637,18.902,-22.033,6.606585307179587,real,85
49.7,left,0.92,27.868721835777,-21.692811052795665,18.902,-22.033,6.606585307179587,real,87
49.7,left,0.83,33.45559729129094,-18.093773314097195,18.902,-22.033,6.606585307179587,real,91
49.7,left,0.99,37.3232645523198,-14.761938090385552,18.902,-22.033,6.606585307179587,real,94
49.7,right,0.84,17.99143010442565,-18.49179745492104,18.902,-22.033,6.606585307179587,real,83
49.7,right,0.95,23.279106455592814,-16.39786698680433,18.902,-22.033,6.606585307179587,real,86
49.7,right,0.94,28.13439442896642,-13.857186822829808,18.902,-22.033,6.606585307179587,real,88
49.7,right,0.91,31.524714508930664,-10.429056901810004,18.902,-22.033,6.606585307179587,real,90
49.7,right,0.99,34.53929298755242,-7.5381859956243655,18.902,-22.033,6.606585307179587,real,93
49.7,right,0.97,36.267621569539905,-3.789612225150437,18.902,-22.033,6.606585307179587,real,95
49.8,left,0.93,21.548731363807054,-24.56358870527837,19.27,-21.908,6.614185307179587,real,85
49.8,left,0.79,27.927516876242294,-21.986673614254546,19.27,-21.908,6.614185307179587,real,87
49.8,left,0.87,33.3418782393602,-18.498733243552085,19.27,-21.908,6.614185307179587,real,91
49.8,left,0.85,37.57342937757925,-14.319677852122457,19.27,-21.908,6.614185307179587,real,94
49.8,right,0.99,18.372611405803276,-18.43195401195473,19.27,-21.908,6.614185307179587,real,83
49.8,right,0.89,23.270838282765254,-16.445241536077223,19.27,-21.908,6.614185307179587,real,86
49.8,right,0.93,27.919571177735076,-13.640190650402332,19.27,-21.908,6.614185307179587,real,88
49.8,right,0.99,31.52860595280213,-10.880491936347354,19.27,-21.908,6.614185307179587,real,90
49.8,right,0.77,34.27229595301095,-7.32269835285293,19.27,-21.908,6.614185307179587,real,93
49.8,right,0.94,35.8980077490057,-3.7578524717013284,19.27,-21.908,6.614185307179587,real,95
49.9,left,0.83,21.641280613652977,-24.526878166302165,19.636,-21.78,6.621785307179586,real,85
49.9,left,0.86,27.86053523256993,-22.109807835285686,19.636,-21.78,6.621785307179586,real,87
49.9,left,0.92,33.32388041715003,-18.35910264904064,19.636,-21.78,6.621785307179586,real,91
49.9,left,0.94,37.730719387431236,-14.242561954475491,19.636,-21.78,6.621785307179586,real,94
49.9,right,0.79,23.160109250199344,-16.592886448836946,19.636,-21.78,6.621785307179586,real,86
49.9,right,0.83,27.980442742358836,-13.647493601632089,19.636,-21.78,6.621785307179586,real,88
49.9,right,0.98,31.13629065142007,-10.536590199905541,19.636,-21.78,6.621785307179586,real,90
49.9,right,0.92,34.56670068450322,-7.446678226252814,19.636,-21.78,6.621785307179586,real,93
49.9,right,0.98,35.9724446819328,-3.650173410808657,19.636,-21.78,6.621785307179586,real,95
49.9,unknown,0.28,21.136124223212693,-16.264544233254107,19.636,-21.78,6.621785307179586,ghost,96
50.0,left,0.8,21.529529479268586,-24.36070931504624,20.0,-21.651,6.6294853071795865,real,85
50.0,left,0.92,27.662583886088274,-21.99775234485198,20.0,-21.651,6.6294853071795865,real,87
50.0,left,0.94,33.20111477468867,-18.275918711275736,20.0,-21.651,6.6294853071795865,real,91
50.0,left,0.96,37.5404306267176,-14.153331667157643,20.0,-21.651,6.6294853071795865,real,94
50.0,right,0.97,23.40063095329589,-16.594584459373827,20.0,-21.651,6.6294853071795865,real,86
50.0,right,0.73,27.873752486311684,-13.95353244343956,20.0,-21.651,6.6294853071795865,real,88
50.0,right,0.79,31.327837880996714,-10.429971306432915,20.0,-21.651,6.6294853071795865,real,90
50.0,right,0.89,33.99866952036572,-7.48458536327615,20.0,-21.651,6.6294853071795865,real,93
50.0,right,0.9,36.07160304766163,-3.854490104000911,20.0,-21.651,6.6294853071795865,real,95
50.1,left,0.89,21.65890793799051,-24.71670148706492,20.362,-21.519,6.637185307179586,real,85
50.1,left,0.88,27.961224545066273,-21.88543050318206,20.362,-21.519,6.637185307179586,real,87
50.1,left,0.86,33.244408392001375,-18.37642032373201,20.362,-21.519,6.637185307179586,real,91
50.1,left,0.89,37.72291348870999,-14.158390321615517,20.362,-21.519,6.637185307179586,real,94
50.1,right,0.87,23.438792847874847,-16.591910923144763,20.362,-21.519,6.637185307179586,real,86
50.1,right,0.86,28.090811347397185,-14.251133727403584,20.362,-21.519,6.637185307179586,real,88
50.1,right,0.94,31.367604910410527,-10.874875303438628,20.362,-21.519,6.637185307179586,real,90
50.1,right,0.88,34.41907570180156,-7.428369825525182,20.362,-21.519,6.637185307179586,real,93
50.1,right,0.85,35.745696262658065,-3.7109922703779024,20.362,-21.519,6.637185307179586,real,95
50.2,left,0.86,28.060025620635745,-21.90074455938319,20.721,-21.384,6.644985307179586,real,87
50.2,left,0.88,33.348139383195935,-18.402500880875138,20.721,-21.384,6.644985307179586,real,91
50.2,left,0.97,37.81923983769076,-14.149589557344386,20.721,-21.384,6.644985307179586,real,94
50.2,right,0.91,23.530034906750803,-16.256789462811625,20.721,-21.384,6.644985307179586,real,86
50.2,right,0.77,27.695972333007564,-13.692192543115825,20.721,-21.384,6.644985307179586,real,88
50.2,right,0.81,31.75223165963425,-10.815192495296223,20.721,-21.384,6.644985307179586,real,90
50.2,right,0.88,34.60147095264298,-7.2915653227402,20.721,-21.384,6.644985307179586,real,93
50.2,right,0.88,35.85907261786245,-3.656069200938223,20.721,-21.384,6.644985307179586,real,95
50.3,left,0.73,27.919796797140048,-21.72726303901526,21.078,-21.247,6.652885307179586,real,87
50.3,left,0.9,33.34840286335201,-18.13178835854722,21.078,-21.247,6.652885307179586,real,91
50.3,left,0.9,37.8852755597183,-14.241617907658723,21.078,-21.247,6.652885307179586,real,94
50.3,right,0.98,23.74849632822201,-16.517510031625736,21.078,-21.247,6.652885307179586,real,86
50.3,right,0.93,28.128316459003987,-13.722051639519544,21.078,-21.247,6.652885307179586,real,88
50.3,right,0.92,31.429487051720464,-10.846968037642215,21.078,-21.247,6.652885307179586,real,90
50.3,right,0.9,34.17528729645804,-7.449248064483878,21.078,-21.247,6.652885307179586,real,93
50.3,right,0.88,35.99601925492827,-3.748301005229294,21.078,-21.247,6.652885307179586,real,95
50.4,left,0.99,27.99424658574242,-21.98684255761964,21.433,-21.108,6.660785307179586,real,87
50.4,left,0.87,33.41171296094582,-18.292193579226627,21.433,-21.108,6.660785307179586,real,91
50.4,left,0.81,37.72963901958181,-14.225742109929069,21.433,-21.108,6.660785307179586,real,94
50.4,right,0.79,23.5323361258632,-16.237906999795005,21.433,-21.108,6.660785307179586,real,86
50.4,right,0.99,28.1477851646725,-13.691871617056908,21.433,-21.108,6.660785307179586,real,88
50.4,right,0.89,31.734305964029094,-10.94935041280296,21.433,-21.108,6.660785307179586,real,90
50.4,right,0.76,34.04041151580008,-7.262371272084771,21.433,-21.108,6.660785307179586,real,93
50.4,right,0.96,36.17906811133574,-3.6224436675338474,21.433,-21.108,6.660785307179586,real,95
50.5,left,0.73,28.209083037217006,-21.765837465956082,21.786,-20.967,6.668785307179586,real,87
50.5,left,0.92,33.50406053093705,-18.628986442876048,21.786,-20.967,6.668785307179586,real,91
50.5,left,0.86,37.63934902415052,-14.10549508355013,21.786,-20.967,6.668785307179586,real,94
50.5,left,0.91,40.49164736100108,-10.0186148311327,21.786,-20.967,6.668785307179586,real,97
50.5,right,0.83,23.514229158172625,-16.17945115149287,21.786,-20.967,6.668785307179586,real,86
50.5,right,0.9,27.952608805598604,-13.630982767283477,21.786,-20.967,6.668785307179586,real,88
50.5,right,0.92,31.938322942343813,-10.876652935881763,21.786,-20.967,6.668785307179586,real,90
50.5,right,0.85,34.32428125886445,-7.4355907580323155,21.786,-20.967,6.668785307179586,real,93
50.5,right,0.81,35.57891681200433,-3.6561932360987726,21.786,-20.967,6.668785307179586,real,95
50.6,left,0.89,28.06672629189717,-21.960449625521793,22.136,-20.823,6.676785307179586,real,87
50.6,left,0.83,33.3097228457949,-18.4145382989632,22.136,-20.823,6.676785307179586,real,91
50.6,left,0.79,37.66976937815885,-14.309497953775212,22.136,-20.823,6.676785307179586,real,94
50.6,left,0.89,41.16707525372649,-9.727891181831541,22.136,-20.823,6.676785307179586,real,97
50.6,right,0.91,23.44180190384329,-16.856937167930994,22.136,-20.823,6.676785307179586,real,86
50.6,right,0.86,28.067796463520086,-13.958137531212252,22.136,-20.823,6.676785307179586,real,88
50.6,right,0.9,31.850299971815208,-10.889871537245122,22.136,-20.823,6.676785307179586,real,90
50.6,right,0.99,33.9102404188275,-7.38916884281893,22.136,-20.823,6.676785307179586,real,93
50.6,right,0.9,35.8924389027362,-3.865527378312356,22.136,-20.823,6.676785307179586,real,95
50.7,left,0.95,28.21417396857061,-21.907125986221992,22.483,-20.677,6.684885307179586,real,87
50.7,left,0.87,33.24000125768675,-18.313009953040044,22.483,-20.677,6.684885307179586,real,91
50.7,left,0.97,37.641204448615056,-14.018346465389067,22.483,-20.677,6.684885307179586,real,94
50.7,left,0.77,41.346459302518966,-9.689028797716535,22.483,-20.677,6.684885307179586,real,97
50.7,right,0.89,23.396210464897326,-16.696057316815274,22.483,-20.677,6.684885307179586,real,86
50.7,right,0.93,27.892134655947405,-13.908313844339599,22.483,-20.677,6.684885307179586,real,88
50.7,right,0.78,31.708017239942116,-11.038959020487056,22.483,-20.677,6.684885307179586,real,90
50.7,right,0.79,34.30989699582908,-7.327202194413242,22.483,-20.677,6.684885307179586,real,93
50.7,right,0.9,35.92671890359702,-3.7774855974774155,22.483,-20.677,6.684885307179586,real,95
50.7,right,0.51,27.81024706264612,-24.83621732222882,22.483,-20.677,6.684885307179586,ghost,98
50.8,left,0.99,28.055753211237445,-21.95456194843264,22.829,-20.529,6.692985307179586,real,87
50.8,left,0.91,33.311788387375714,-18.216949043489546,22.829,-20.529,6.692985307179586,real,91
50.8,left,0.99,38.08293452842316,-14.351983778345746,22.829,-20.529,6.692985307179586,real,94
50.8,left,0.77,40.67667055525005,-10.019875928448624,22.829,-20.529,6.692985307179586,real,97
50.8,right,0.91,23.51079423937392,-16.47138732563635,22.829,-20.529,6.692985307179586,real,86
50.8,right,0.92,27.69101869660092,-14.097304873992933,22.829,-20.529,6.692985307179586,real,88
50.8,right,0.86,31.84770423857767,-10.913561431891875,22.829,-20.529,6.692985307179586,real,90
50.8,right,0.68,34.33763241275086,-7.128073129511515,22.829,-20.529,6.692985307179586,real,93
50.8,right,0.74,36.092111614965255,-3.8256001577830343,22.829,-20.529,6.692985307179586,real,95
50.9,left,0.77,27.94836276839063,-21.93255137554054,23.171,-20.378,6.701185307179586,real,87
50.9,left,0.93,33.369226051465446,-18.171199056731346,23.171,-20.378,6.701185307179586,real,91
50.9,left,0.99,37.56796128301438,-14.213001555930022,23.171,-20.378,6.701185307179586,real,94
50.9,left,0.73,40.8383146445031,-9.576243001616529,23.171,-20.378,6.701185307179586,real,97
50.9,right,0.99,23.39543518777448,-16.562379362870487,23.171,-20.378,6.701185307179586,real,86
50.9,right,0.85,27.60234332520684,-13.738528459723257,23.171,-20.378,6.701185307179586,real,88
50.9,right,0.9,32.12025353404506,-10.907842969444383,23.171,-20.378,6.701185307179586,real,90
50.9,right,0.92,34.21684358129825,-7.279364476500145,23.171,-20.378,6.701185307179586,real,93
50.9,right,0.99,35.84524472279222,-3.707843410850227,23.171,-20.378,6.701185307179586,real,95
51.0,left,0.87,27.8841023637477,-21.69785631213106,23.511,-20.225,6.709385307179586,real,87
51.0,left,0.96,33.40334236026454,-18.750462571748074,23.511,-20.225,6.709385307179586,real,91
51.0,left,0.87,37.778692570166264,-14.190734450388984,23.511,-20.225,6.709385307179586,real,94
51.0,left,0.95,41.05813927007661,-9.795810748838846,23.511,-20.225,6.709385307179586,real,97
51.0,right,0.93,23.719995326354088,-16.295036901755672,23.511,-20.225,6.709385307179586,real,86
51.0,right,0.73,27.620890856429547,-14.030802138433359,23.511,-20.225,6.709385307179586,real,88
51.0,right,0.9,31.58111722113931,-10.624910310988195,23.511,-20.225,6.709385307179586,real,90
51.0,right,0.86,34.16048544504688,-7.213379779760917,23.511,-20.225,6.709385307179586,real,93
51.0,right,0.76,35.964502721164436,-3.724467676042998,23.511,-20.225,6.709385307179586,real,95
51.1,left,0.99,28.095991133733953,-21.64745722920946,23.849,-20.07,6.717785307179586,real,87
51.1,left,0.8,33.74125182587449,-18.354406862486705,23.849,-20.07,6.717785307179586,real,91
51.1,left,0.94,37.82185604274391,-14.155986894776525,23.849,-20.07,6.717785307179586,real,94
51.1,left,0.9,40.67630985582077,-9.551043634647145,23.849,-20.07,6.717785307179586,real,97
51.1,right,0.92,23.477788856826812,-16.63166489603121,23.849,-20.07,6.717785307179586,real,86
51.1,right,0.81,27.642121899049673,-13.92463269942717,23.849,-20.07,6.717785307179586,real,88
51.1,right,0.86,31.244158245561756,-10.52165838885621,23.849,-20.07,6.717785307179586,real,90
51.1,right,0.88,34.15511889002152,-7.5750878184462,23.849,-20.07,6.717785307179586,real,93
51.1,right,0.97,36.345455928239375,-3.7767528333493043,23.849,-20.07,6.717785307179586,real,95
51.2,left,0.88,28.12184944888418,-21.85333469224321,24.184,-19.913,6.726185307179586,real,87
51.2,left,0.9,33.56246645446932,-18.539299900854058,24.184,-19.913,6.726185307179586,real,91
51.2,left,0.91,37.74297634331034,-14.295679150916273,24.184,-19.913,6.726185307179586,real,94
51.2,left,0.89,41.09313890290963,-9.97228802539234,24.184,-19.913,6.726185307179586,real,97
51.2,right,0.89,23.30556352914553,-16.183537523090926,24.184,-19.913,6.726185307179586,real,86
51.2,right,0.93,28.19284034211663,-13.910146585879492,24.184,-19.913,6.726185307179586,real,88
51.2,right,0.82,31.740373136035267,-10.534653129202109,24.184,-19.913,6.726185307179586,real,90
51.2,right,0.91,34.595498606373354,-7.461108506355924,24.184,-19.913,6.726185307179586,real,93
51.2,right,0.84,36.010277730209275,-3.7382970646148728,24.184,-19.913,6.726185307179586,real,95
51.3,left,0.89,28.00580849612097,-21.767314843833887,24.516,-19.754,6.734585307179586,real,87
51.3,left,0.83,33.30398946636319,-18.290905287040673,24.516,-19.754,6.734585307179586,real,91
51.3,left,0.84,37.725047933346346,-14.199521654146226,24.516,-19.754,6.734585307179586,real,94
51.3,left,0.89,41.108638813029515,-9.76759873526272,24.516,-19.754,6.734585307179586,real,97
51.3,right,0.9,23.690558778091873,-16.38014407699813,24.516,-19.754,6.734585307179586,real,86
51.3,right,0.75,28.1539862923387,-13.905183304568718,24.516,-19.754,6.734585307179586,real,88
51.3,right,0.92,31.68712848255018,-10.66432226716714,24.516,-19.754,6.734585307179586,real,90
51.3,right,0.92,34.28899569219104,-7.322605339688737,24.516,-19.754,6.734585307179586,real,93
51.3,right,0.85,35.58002090882057,-4.050704379997768,24.516,-19.754,6.734585307179586,real,95
51.3,left,0.3,36.773124740375785,-10.635825506228347,24.516,-19.754,6.734585307179586,ghost,99
51.4,left,0.81,27.793178150019287,-22.09270049227189,24.846,-19.592,6.743085307179586,real,87
51.4,left,0.86,33.225981149083516,-18.508940933741382,24.846,-19.592,6.743085307179586,real,91
51.4,left,0.78,37.779707752985225,-14.049367073279182,24.846,-19.592,6.743085307179586,real,94
51.4,left,0.93,40.668596380247024,-9.907786155407665,24.846,-19.592,6.743085307179586,real,97
51.4,right,0.85,23.437302612374904,-16.47990606341996,24.846,-19.592,6.743085307179586,real,86
51.4,right,0.87,28.06972266597574,-13.695453792865326,24.846,-19.592,6.743085307179586,real,88
51.4,right,0.85,31.37375196604719,-10.833574098631246,24.846,-19.592,6.743085307179586,real,90
51.4,right,0.99,34.449319561600795,-7.596070590497139,24.846,-19.592,6.743085307179586,real,93
51.4,right,0.93,35.87548642543318,-3.5406873685923994,24.846,-19.592,6.743085307179586,real,95
51.5,left,0.87,27.710483810337408,-21.725678016674415,25.173,-19.429,6.751685307179586,real,87
51.5,left,0.99,33.281755204392056,-18.370441057264784,25.173,-19.429,6.751685307179586,real,91
51.5,left,0.8,37.37953951036493,-14.29830675425826,25.173,-19.429,6.751685307179586,real,94
51.5,left,0.82,40.894403930712144,-9.725432591701715,25.173,-19.429,6.751685307179586,real,97
51.5,right,0.86,28.06587355866544,-13.768824422018838,25.173,-19.429,6.751685307179586,real,88
51.5,right,0.94,31.640745310375323,-10.87138814854763,25.173,-19.429,6.751685307179586,real,90
51.5,right,0.99,33.90135965276995,-7.445455458759388,25.173,-19.429,6.751685307179586,real,93
51.5,right,0.91,35.76192616631238,-4.2477567161188965,25.173,-19.429,6.751685307179586,real,95
51.6,left,0.87,28.020830687037435,-21.537969815880675,25.497,-19.263,6.760385307179586,real,87
51.6,left,0.93,33.29417116619151,-18.22032468854787,25.497,-19.263,6.760385307179586,real,91
51.6,left,0.87,37.904735376051825,-14.147751341540467,25.497,-19.263,6.760385307179586,real,94
51.6,left,0.78,40.86180213723072,-9.679405096011703,25.497,-19.263,6.760385307179586,real,97
51.6,left,0.89,42.840616205357065,-4.708185438444231,25.497,-19.263,6.760385307179586,real,100
51.6,right,0.91,28.06252976651074,-13.856700247197967,25.497,-19.263,6.760385307179586,real,88
51.6,right,0.83,31.577630803492525,-10.731052682322883,25.497,-19.263,6.760385307179586,real,90
51.6,right,0.86,34.28415753582933,-7.1149914207917275,25.497,-19.263,6.760385307179586,real,93
51.6,right,0.87,35.875751138803935,-3.537298336838001,25.497,-19.263,6.760385307179586,real,95
51.7,left,0.99,27.67411274711762,-21.695140471202947,25.818,-19.095,6.769085307179586,real,87
51.7,left,0.94,33.62203925651444,-17.97030124798612,25.818,-19.095,6.769085307179586,real,91
51.7,left,0.89,37.7977614626843,-14.350213672125577,25.818,-19.095,6.769085307179586,real,94
51.7,left,0.9,40.71172163813147,-9.349583602233594,25.818,-19.095,6.769085307179586,real,97
51.7,left,0.88,42.61169009350117,-4.895785125809216,25.818,-19.095,6.769085307179586,real,100
51.7,right,0.85,36.52264580397557,0.25249183257168895,25.818,-19.095,6.769085307179586,real,101
51.7,right,0.91,27.774862595384324,-13.841014010031456,25.818,-19.095,6.769085307179586,real,88
51.7,right,0.93,31.4268683833526,-10.526921717314458,25.818,-19.095,6.769085307179586,real,90
51.7,right,0.99,34.153430084170864,-7.798844135640682,25.818,-19.095,6.769085307179586,real,93
51.7,right,0.84,36.069850009240994,-3.5817614152290735,25.818,-19.095,6.769085307179586,real,95
51.8,left,0.99,27.997629902842863,-21.769678253273465,26.137,-18.925,6.777885307179586,real,87
51.8,left,0.99,33.01283011684901,-18.066674767799448,26.137,-18.925,6.777885307179586,real,91
51.8,left,0.85,37.72983610901253,-14.472263206793468,26.137,-18.925,6.777885307179586,real,94
51.8,left,0.92,40.77757971431514,-9.685402030998093,26.137,-18.925,6.777885307179586,real,97
51.8,left,0.74,43.092645290219295,-5.179018849414046,26.137,-18.925,6.777885307179586,real,100
51.8,right,0.89,36.415588865153275,0.22478670745831408,26.137,-18.925,6.777885307179586,real,101
51.8,right,0.89,28.349560457892593,-13.841037645677327,26.137,-18.925,6.777885307179586,real,88
51.8,right,0.98,31.78617480498365,-10.625996925971293,26.137,-18.925,6.777885307179586,real,90
51.8,right,0.86,34.473641974632,-7.319684597702491,26.137,-18.925,6.777885307179586,real,93
51.8,right,0.99,35.72431732693622,-3.8374197939951804,26.137,-18.925,6.777885307179586,real,95
51.9,left,0.92,33.21425875145293,-18.717214829911125,26.452,-18.753,6.786785307179587,real,91
51.9,left,0.96,37.77205700311544,-14.355159683865615,26.452,-18.753,6.786785307179587,real,94
51.9,left,0.9,41.05538041584792,-9.505622348469306,26.452,-18.753,6.786785307179587,real,97
51.9,left,0.92,42.80181035912627,-5.105564115534111,26.452,-18.753,6.786785307179587,real,100
51.9,right,0.92,36.29643220130765,-0.01266169905523995,26.452,-18.753,6.786785307179587,real,101
51.9,right,0.81,27.537390743174406,-13.51376408866414,26.452,-18.753,6.786785307179587,real,88
51.9,right,0.79,31.433907909274748,-10.71375802183404,26.452,-18.753,6.786785307179587,real,90
51.9,right,0.96,34.534572454387686,-7.296139936283874,26.452,-18.753,6.786785307179587,real,93
51.9,right,0.83,36.12569118848002,-3.6461526521936385,26.452,-18.753,6.786785307179587,real,95
52.0,left,0.77,33.11377792688056,-18.079013165019127,26.765,-18.579,6.795785307179586,real,91
52.0,left,0.88,37.73832716858704,-14.052395439057047,26.765,-18.579,6.795785307179586,real,94
52.0,left,0.81,40.8827107597562,-9.707855321669921,26.765,-18.579,6.795785307179586,real,97
52.0,left,0.92,42.53524425406011,-4.916565510960942,26.765,-18.579,6.795785307179586,real,100
52.0,right,0.82,36.60106868493591,-0.005778474771179987,26.765,-18.579,6.795785307179586,real,101
52.0,right,0.81,27.942649327761167,-14.120370719512144,26.765,-18.579,6.795785307179586,real,88
52.0,right,0.86,31.66326682674083,-10.61623495925879,26.765,-18.579,6.795785307179586,real,90
52.0,right,0.89,34.59149970333846,-7.306736323451131,26.765,-18.579,6.795785307179586,real,93
52.0,right,0.98,36.056209796414684,-3.29701696379008,26.765,-18.579,6.795785307179586,real,95
52.1,left,0.92,33.596352180975494,-18.283916420759695,27.075,-18.402,6.8047853071795865,real,91
52.1,left,0.81,37.7473659236995,-14.464736154299839,27.075,-18.402,6.8047853071795865,real,94
52.1,left,0.92,40.77763233640351,-9.951724912563563,27.075,-18.402,6.8047853071795865,real,97
52.1,left,0.86,42.88132848294996,-4.972382734825061,27.075,-18.402,6.8047853071795865,real,100
52.1,right,0.82,36.86664146819675,-0.18003747237170664,27.075,-18.402,6.8047853071795865,real,101
52.1,right,0.9,28.144803679165697,-13.600456488998196,27.075,-18.402,6.8047853071795865,real,88
52.1,right,0.9,31.60495096895374,-10.644271323455875,27.075,-18.402,6.8047853071795865,real,90
52.1,right,0.89,33.96299528734217,-7.616741638627653,27.075,-18.402,6.8047853071795865,real,93
52.1,right,0.87,36.125105452168576,-3.443484321476662,27.075,-18.402,6.8047853071795865,real,95
52.2,left,0.8,33.43042037323356,-18.49957392593131,27.382,-18.224,6.813885307179586,real,91
52.2,left,0.83,37.67718353183231,-14.379413410275596,27.382,-18.224,6.813885307179586,real,94
52.2,left,0.91,40.89951506263369,-9.41457257641161,27.382,-18.224,6.813885307179586,real,97
52.2,left,0.98,42.53387079940423,-4.784513578333369,27.382,-18.224,6.813885307179586,real,100
52.2,right,0.83,36.42538330220017,0.10997623128946721,27.382,-18.224,6.813885307179586,real,101
52.2,right,0.92,27.63864393531488,-13.629086302174317,27.382,-18.224,6.813885307179586,real,88
52.2,right,0.89,31.591179468265448,-10.700781526239412,27.382,-18.224,6.813885307179586,real,90
52.2,right,0.99,34.30503479689884,-7.108025584730422,27.382,-18.224,6.813885307179586,real,93
52.2,right,0.88,35.808580107782326,-3.8139327660441777,27.382,-18.224,6.813885307179586,real,95
52.2,unknown,0.46,32.279206110835204,-15.20626089464342,27.382,-18.224,6.813885307179586,ghost,102
52.3,left,0.89,33.123294457865214,-18.50678394361545,27.686,-18.044,6.8230853071795865,real,91
52.3,left,0.89,37.66132556487876,-14.202811398189837,27.686,-18.044,6.8230853071795865,real,94
52.3,left,0.9,41.07786993797573,-9.679081018662401,27.686,-18.044,6.8230853071795865,real,97
52.3,left,0.91,43.05030911387867,-4.9925342411978555,27.686,-18.044,6.8230853071795865,real,100
52.3,right,0.89,36.35790274098248,-0.07184943722814907,27.686,-18.044,6.8230853071795865,real,101
52.3,right,0.87,27.90449851214998,-14.064659803411093,27.686,-18.044,6.8230853071795865,real,88
52.3,right,0.97,31.89332153286837,-10.884918318732343,27.686,-18.044,6.8230853071795865,real,90
52.3,right,0.93,34.37376490403023,-7.470126131430281,27.686,-18.044,6.8230853071795865,real,93
52.3,right,0.94,36.361837424815235,-3.7220278600265635,27.686,-18.044,6.8230853071795865,real,95
52.4,left,0.82,32.86192335378685,-18.415689709768543,27.987,-17.862,6.832385307179586,real,91
52.4,left,0.91,37.427385084816926,-14.371812834479208,27.987,-17.862,6.832385307179586,real,94
52.4,left,0.92,40.79293623528152,-9.735116763610813,27.987,-17.862,6.832385307179586,real,97
52.4,left,0.77,42.787979373963026,-4.960559205595631,27.987,-17.862,6.832385307179586,real,100
52.4,right,0.9,36.293386679918434,0.1802215462418495,27.987,-17.862,6.832385307179586,real,101
52.4,right,0.95,28.19703101723598,-13.753120837527728,27.987,-17.862,6.832385307179586,real,88
52.4,right,0.98,31.598477111756964,-10.880040527813442,27.987,-17.862,6.832385307179586,real,90
52.4,right,0.9,34.10708298774045,-7.4618672497333,27.987,-17.862,6.832385307179586,real,93
52.4,right,0.91,36.219671778993956,-3.534542256933488,27.987,-17.862,6.832385307179586,real,95
52.5,left,0.92,33.30807249623832,-18.473100970029382,28.284,-17.678,6.841785307179586,real,91
52.5,left,0.92,37.89107636473695,-14.141734494963275,28.284,-17.678,6.841785307179586,real,94
52.5,left,0.86,41.10265494770746,-9.768923041744062,28.284,-17.678,6.841785307179586,real,97
52.5,left,0.88,43.155125431739165,-4.786825600687871,28.284,-17.678,6.841785307179586,real,100
52.5,right,0.79,36.571051079331774,0.3552196073952967,28.284,-17.678,6.841785307179586,real,101
52.5,right,0.99,27.867948425707567,-14.163259314326478,28.284,-17.678,6.841785307179586,real,88
52.5,right,0.94,31.52525685739713,-10.871539393754194,28.284,-17.678,6.841785307179586,real,90
52.5,right,0.93,34.24043907913695,-7.442232393389825,28.284,-17.678,6.841785307179586,real,93
52.5,right,0.95,35.94289907985953,-3.6529508063420035,28.284,-17.678,6.841785307179586,real,95
52.6,left,0.99,43.59292699186598,0.1619661629594784,28.579,-17.492,6.8512853071795865,real,103
52.6,left,0.84,33.293424733966134,-18.19252653609151,28.579,-17.492,6.8512853071795865,real,91
52.6,left,0.98,37.421665446256874,-13.91916361897515,28.579,-17.492,6.8512853071795865,real,94
52.6,left,0.99,40.63876049083091,-9.764702224982278,28.579,-17.492,6.8512853071795865,real,97
52.6,left,0.99,42.97694077583539,-5.183018587407945,28.579,-17.492,6.8512853071795865,real,100
52.6,right,0.88,36.5816787111933,0.01690911637311565,28.579,-17.492,6.8512853071795865,real,101
52.6,right,0.94,28.01944312634074,-13.702882674666741,28.579,-17.492,6.8512853071795865,real,88
52.6,right,0.86,31.536127582445395,-10.956389740724997,28.579,-17.492,6.8512853071795865,real,90
52.6,right,0.88,34.35381742813007,-7.55157125312167,28.579,-17.492,6.8512853071795865,real,93
52.6,right,0.92,35.7239255722445,-3.5794951368530805,28.579,-17.492,6.8512853071795865,real,95
52.6,right,0.3,39.88737982221291,-16.546169255855993,28.579,-17.492,6.8512853071795865,ghost,104
52.7,left,0.78,43.80246427003294,0.23571951954162973,28.87,-17.304,6.860785307179587,real,103
52.7,left,0.8,32.89414602801983,-18.357691010292967,28.87,-17.304,6.860785307179587,real,91
52.7,left,0.87,37.716930567974615,-14.362214908353033,28.87,-17.304,6.860785307179587,real,94
52.7,left,0.87,41.03839338649708,-9.508208033082585,28.87,-17.304,6.860785307179587,real,97
52.7,left,0.9,42.90364762773689,-5.271444691150807,28.87,-17.304,6.860785307179587,real,100
52.7,right,0.83,36.67690177784331,-0.27594850750366007,28.87,-17.304,6.860785307179587,real,101
52.7,right,0.91,27.797457463722413,-14.048502724947346,28.87,-17.304,6.860785307179587,real,88
52.7,right,0.82,31.38236001070358,-10.90636018702072,28.87,-17.304,6.860785307179587,real,90
52.7,right,0.92,34.37127333319683,-7.1977400729321515,28.87,-17.304,6.860785307179587,real,93
52.7,right,0.99,35.92208816315751,-4.0718812528358175,28.87,-17.304,6.860785307179587,real,95
52.8,left,0.83,43.395712891517206,-0.11859029489115525,29.159,-17.114,6.870385307179586,real,103
52.8,left,0.85,33.29038587015071,-18.524313366567537,29.159,-17.114,6.870385307179586,real,91
52.8,left,0.94,37.944260855240756,-14.108195996846355,29.159,-17.114,6.870385307179586,real,94
52.8,left,0.81,40.94115741407207,-9.456665171874318,29.159,-17.114,6.870385307179586,real,97
52.8,left,0.93,42.380613245830126,-4.953930790588018,29.159,-17.114,6.870385307179586,real,100
52.8,right,0.99,36.41317134290571,0.26032727122882093,29.159,-17.114,6.870385307179586,real,101
52.8,right,0.78,27.947523474143665,-14.017522222379263,29.159,-17.114,6.870385307179586,real,88
52.8,right,0.84,31.484474765923466,-10.681064735826016,29.159,-17.114,6.870385307179586,real,90
52.8,right,0.92,34.810940774263365,-7.315316543319752,29.159,-17.114,6.870385307179586,real,93
52.8,right,0.79,36.16471233426537,-3.8281697779355115,29.159,-17.114,6.870385307179586,real,95
52.9,left,0.91,43.256883681502295,-0.43145697069718913,29.444,-16.922,6.880185307179586,real,103
52.9,left,0.96,33.2054038458538,-18.721791962532404,29.444,-16.922,6.880185307179586,real,91
52.9,left,0.8,38.21500527968752,-14.333516393002707,29.444,-16.922,6.880185307179586,real,94
52.9,left,0.86,40.89698495884409,-9.882975526929101,29.444,-16.922,6.880185307179586,real,97
52.9,left,0.87,42.57612649465651,-5.289463830774461,29.444,-16.922,6.880185307179586,real,100
52.9,right,0.8,36.245926243413834,-0.11261249244464544,29.444,-16.922,6.880185307179586,real,101
52.9,right,0.76,27.660301128701782,-13.655755162800947,29.444,-16.922,6.880185307179586,real,88
52.9,right,0.86,32.04512757203524,-10.852951198581609,29.444,-16.922,6.880185307179586,real,90
52.9,right,0.78,34.23335760141477,-7.198719495675829,29.444,-16.922,6.880185307179586,real,93
52.9,right,0.94,35.96718747950794,-3.473688763744689,29.444,-16.922,6.880185307179586,real,95
53.0,left,0.88,43.84622315833147,-0.16035469479988151,29.726,-16.728,6.889985307179586,real,103
53.0,left,0.8,33.295111216540356,-18.267597714978105,29.726,-16.728,6.889985307179586,real,91
53.0,left,0.99,37.70025172671416,-14.153064195169843,29.726,-16.728,6.889985307179586,real,94
53.0,left,0.95,41.030272857500286,-9.629606085656961,29.726,-16.728,6.889985307179586,real,97
53.0,left,0.99,43.03751020433464,-5.054176244267917,29.726,-16.728,6.889985307179586,real,100
53.0,right,0.88,36.62894797975759,0.144473120107806,29.726,-16.728,6.889985307179586,real,101
53.0,right,0.88,27.984281521249557,-13.706856881778153,29.726,-16.728,6.889985307179586,real,88
53.0,right,0.99,31.559064722090195,-10.79686632045539,29.726,-16.728,6.889985307179586,real,90
53.0,right,0.79,34.13025318956789,-7.372304470421183,29.726,-16.728,6.889985307179586,real,93
53.0,right,0.95,36.107617319295315,-3.6867777647158384,29.726,-16.728,6.889985307179586,real,95
53.1,left,0.78,43.26254523788708,-0.03977799291776307,30.004,-16.533,6.899885307179586,real,103
53.1,left,0.9,33.23304262309945,-18.134506708761172,30.004,-16.533,6.899885307179586,real,91
53.1,left,0.99,37.77964551426152,-14.135309895640225,30.004,-16.533,6.899885307179586,real,94
53.1,left,0.83,40.85485161447278,-9.623698715449336,30.004,-16.533,6.899885307179586,real,97
53.1,left,0.84,42.78513484044241,-5.011769979276121,30.004,-16.533,6.899885307179586,real,100
53.1,right,0.99,36.47515470997371,-0.36640747963303877,30.004,-16.533,6.899885307179586,real,101
53.1,right,0.96,31.5733413095233,-10.772186181256707,30.004,-16.533,6.899885307179586,real,90
53.1,right,0.84,34.24141791253212,-7.1853969150080035,30.004,-16.533,6.899885307179586,real,93
53.1,right,0.86,35.89756576367855,-3.7913593054428034,30.004,-16.533,6.899885307179586,real,95
53.2,left,0.91,43.440623368740354,-0.3978532273615514,30.28,-16.336,6.909885307179586,real,103
53.2,left,0.94,33.0427858203602,-17.88383413543462,30.28,-16.336,6.909885307179586,real,91
53.2,left,0.74,37.66402751224967,-14.182150028822793,30.28,-16.336,6.909885307179586,real,94
53.2,left,0.92,40.80180112024618,-9.579215987913614,30.28,-16.336,6.909885307179586,real,97
53.2,left,0.79,42.72489337866436,-4.780447274419279,30.28,-16.336,6.909885307179586,real,100
53.2,right,0.8,36.69086389109225,0.04220698885838381,30.28,-16.336,6.909885307179586,real,101
53.2,right,0.81,31.642420561045935,-10.798707591716031,30.28,-16.336,6.909885307179586,real,90
53.2,right,0.97,34.5583896626106,-7.313204873495867,30.28,-16.336,6.909885307179586,real,93
53.2,right,0.8,36.04313870492044,-3.7454455933089266,30.28,-16.336,6.909885307179586,real,95
53.3,left,0.86,43.4156644886088,0.0667636199663475,30.552,-16.136,6.919985307179586,real,103
53.3,left,0.91,33.40129742042593,-18.16053876474474,30.552,-16.136,6.919985307179586,real,91
53.3,left,0.87,37.78310426654255,-14.294214701331859,30.552,-16.136,6.919985307179586,real,94
53.3,left,0.75,40.84752937565551,-9.704446542629501,30.552,-16.136,6.919985307179586,real,97
53.3,left,0.92,43.1487389717567,-4.935360005900295,30.552,-16.136,6.919985307179586,real,100
53.3,right,0.97,36.61280193689698,-0.09885371764334483,30.552,-16.136,6.919985307179586,real,101
53.3,right,0.78,31.733034332787184,-10.79239420383783,30.552,-16.136,6.919985307179586,real,90
53.3,right,0.86,34.33350730269369,-7.238540333349396,30.552,-16.136,6.919985307179586,real,93
53.3,right,0.97,35.96281304873929,-3.437773070558527,30.552,-16.136,6.919985307179586,real,95
53.4,left,0.96,43.55260254766587,-0.19515724720344574,30.821,-15.936,6.9301853071795865,real,103
53.4,left,0.85,33.48041707090591,-18.16550865505704,30.821,-15.936,6.9301853071795865,real,91
53.4,left,0.93,37.38460132455778,-14.267224505134562,30.821,-15.936,6.9301853071795865,real,94
53.4,left,0.86,40.7078683851865,-9.59336816975795,30.821,-15.936,6.9301853071795865,real,97
53.4,left,0.99,42.88546701965999,-4.959120637834435,30.821,-15.936,6.9301853071795865,real,100
53.4,right,0.99,36.32372308568106,0.043551202781405784,30.821,-15.936,6.9301853071795865,real,101
53.4,right,0.85,31.41887984486131,-10.813276730965391,30.821,-15.936,6.9301853071795865,real,90
53.4,right,0.84,34.27777727577967,-7.120651177312762,30.821,-15.936,6.9301853071795865,real,93
53.4,right,0.88,35.70640507329923,-3.6964316142364666,30.821,-15.936,6.9301853071795865,real,95
53.5,left,0.91,43.6516456454069,0.27971093581803963,31.086,-15.733,6.9404853071795864,real,103
53.5,left,0.86,43.04924557256904,4.957244062610936,31.086,-15.733,6.9404853071795864,real,105
53.5,left,0.88,33.321965281718455,-18.22258415381961,31.086,-15.733,6.9404853071795864,real,91
53.5,left,0.93,37.47134129281857,-14.032330257155722,31.086,-15.733,6.9404853071795864,real,94
53.5,left,0.87,40.931357064287496,-9.4873546949347,31.086,-15.733,6.9404853071795864,real,97
53.5,left,0.85,42.7862397190501,-4.900323483240056,31.086,-15.733,6.9404853071795864,real,100
53.5,right,0.89,36.853475844378366,0.05668547452772987,31.086,-15.733,6.9404853071795864,real,101
53.5,right,0.89,31.646439144967676,-10.977814097767794,31.086,-15.733,6.9404853071795864,real,90
53.5,right,0.82,34.350516639039725,-7.18174061243417,31.086,-15.733,6.9404853071795864,real,93
53.5,right,0.84,35.79310866756203,-3.8085139317552823,31.086,-15.733,6.9404853071795864,real,95
53.6,left,0.96,43.23410830845863,-0.23872075861298914,31.348,-15.529,6.950885307179586,real,103
53.6,left,0.87,42.76691300358747,5.185962969228325,31.348,-15.529,6.950885307179586,real,105
53.6,left,0.92,37.4900664559457,-14.010938851446829,31.348,-15.529,6.950885307179586,real,94
53.6,left,0.93,40.751039412000075,-9.821007899762543,31.348,-15.529,6.950885307179586,real,97
53.6,left,0.96,42.93581715383789,-4.784669327072052,31.348,-15.529,6.950885307179586,real,100
53.6,right,0.9,36.15765982875333,0.06614300452793298,31.348,-15.529,6.950885307179586,real,101
53.6,right,0.77,31.784715638712946,-10.709621985058286,31.348,-15.529,6.950885307179586,real,90
53.6,right,0.84,34.123951973852265,-7.492278613833519,31.348,-15.529,6.950885307179586,real,93
53.6,right,0.96,35.888499340030734,-4.046773920394162,31.348,-15.529,6.950885307179586,real,95
53.7,left,0.96,43.28609396969563,-0.0013722190140694757,31.606,-15.323,6.961385307179587,real,103
53.7,left,0.86,42.59379971583146,5.137504084816046,31.606,-15.323,6.961385307179587,real,105
53.7,left,0.89,37.642743573792394,-14.184688520537447,31.606,-15.323,6.961385307179587,real,94
53.7,left,0.84,40.977658836946276,-9.74872366635034,31.606,-15.323,6.961385307179587,real,97
53.7,left,0.93,42.83305884274732,-5.156391925450789,31.606,-15.323,6.961385307179587,real,100
53.7,right,0.85,36.84568576956564,-0.20512504892928796,31.606,-15.323,6.961385307179587,real,101
53.7,right,0.93,31.81887370711858,-10.674817044820893,31.606,-15.323,6.961385307179587,real,90
53.7,right,0.77,34.500671405419,-7.278736052649092,31.606,-15.323,6.961385307179587,real,93
53.7,right,0.78,36.196722138620686,-3.664921459949846,31.606,-15.323,6.961385307179587,real,95
53.8,left,0.81,43.4410424118136,-0.25735086763056403,31.861,-15.115,6.9720853071795865,real,103
53.8,left,0.92,42.65602741439798,5.026666964836751,31.861,-15.115,6.9720853071795865,real,105
53.8,left,0.84,37.46455508486714,-14.184733688205592,31.861,-15.115,6.9720853071795865,real,94
53.8,left,0.94,40.809298923217135,-9.824045135256663,31.861,-15.115,6.9720853071795865,real,97
53.8,left,0.82,42.66473256916795,-4.820484004874257,31.861,-15.115,6.9720853071795865,real,100
53.8,right,0.83,36.65433813016644,0.37970250020608187,31.861,-15.115,6.9720853071795865,real,101
53.8,right,0.92,35.79503550561805,3.7734012198104416,31.861,-15.115,6.9720853071795865,real,106
53.8,right,0.91,31.535936944406984,-10.965276755024677,31.861,-15.115,6.9720853071795865,real,90
53.8,right,0.9,34.03989293003376,-7.408374110581928,31.861,-15.115,6.9720853071795865,real,93
53.8,right,0.97,35.52753543665134,-3.8191618331449186,31.861,-15.115,6.9720853071795865,real,95
53.9,left,0.82,43.551331790264705,-0.16246528624089018,32.113,-14.906,6.9827853071795865,real,103
53.9,left,0.79,42.7611937422424,4.975715117858163,32.113,-14.906,6.9827853071795865,real,105
53.9,left,0.95,37.60948381561934,-13.968540313061615,32.113,-14.906,6.9827853071795865,real,94
53.9,left,0.99,40.682870595545914,-9.797856112481021,32.113,-14.906,6.9827853071795865,real,97
53.9,left,0.83,42.94587951058478,-4.990407657171843,32.113,-14.906,6.9827853071795865,real,100
53.9,right,0.96,36.36758427664367,-0.10456312269189105,32.113,-14.906,6.9827853071795865,real,101
53.9,right,0.84,35.77288824882579,3.889776201213582,32.113,-14.906,6.9827853071795865,real,106
53.9,right,0.85,31.662166158718726,-10.848094401349933,32.113,-14.906,6.9827853071795865,real,90
53.9,right,0.89,34.5899463903047,-7.198594173163291,32.113,-14.906,6.9827853071795865,real,93
53.9,right,0.99,35.842914430973515,-3.613701414786469,32.113,-14.906,6.9827853071795865,real,95
54.0,left,0.83,42.99814036331109,-0.22875830109222584,32.361,-14.695,6.993585307179586,real,103
54.0,left,0.86,42.855450954428896,4.817992112054124,32.361,-14.695,6.993585307179586,real,105
54.0,left,0.97,37.770284939058776,-14.087435642855969,32.361,-14.695,6.993585307179586,real,94
54.0,left,0.89,40.970939229853215,-9.900308929843911,32.361,-14.695,6.993585307179586,real,97
54.0,left,0.8,42.851859134530685,-4.836844867347953,32.361,-14.695,6.993585307179586,real,100
54.0,right,0.93,36.47422301926619,0.41035396453120576,32.361,-14.695,6.993585307179586,real,101
54.0,right,0.87,35.770316472183396,3.876852712976671,32.361,-14.695,6.993585307179586,real,106
54.0,right,0.83,31.6875515435215,-10.360724030882814,32.361,-14.695,6.993585307179586,real,90
54.0,right,0.87,34.141925644783726,-7.008152216431521,32.361,-14.695,6.993585307179586,real,93
54.0,right,0.96,36.02371167383121,-3.8394686820782216,32.361,-14.695,6.993585307179586,real,95
54.1,left,0.81,43.37406391564666,-0.03594114712538454,32.605,-14.482,7.004585307179586,real,103
54.1,left,0.97,42.73485462237412,4.82746419063889,32.605,-14.482,7.004585307179586,real,105
54.1,left,0.82,37.77140249018532,-14.278131637062229,32.605,-14.482,7.004585307179586,real,94
54.1,left,0.99,40.797515211696656,-9.73606494923088,32.605,-14.482,7.004585307179586,real,97
54.1,left,0.75,42.95153023099169,-4.992855034347141,32.605,-14.482,7.004585307179586,real,100
54.1,right,0.94,36.11085683330712,-0.010487678740905615,32.605,-14.482,7.004585307179586,real,101
54.1,right,0.85,36.06321489012571,3.812398043491699,32.605,-14.482,7.004585307179586,real,106
54.1,right,0.84,31.56751884628641,-10.692043554908693,32.605,-14.482,7.004585307179586,real,90
54.1,right,0.9,34.201650302216066,-7.401676786160584,32.605,-14.482,7.004585307179586,real,93
54.1,right,0.91,35.960014516204964,-3.580452467834946,32.605,-14.482,7.004585307179586,real,95
54.2,left,0.84,43.419835621933345,-0.23000066817449438,32.846,-14.268,7.015585307179586,real,103
54.2,left,0.9,42.859278263890424,5.047472254384554,32.846,-14.268,7.015585307179586,real,105
54.2,left,0.88,37.76483445939015,-14.421302188881995,32.846,-14.268,7.015585307179586,real,94
54.2,left,0.83,40.83366507892119,-9.964446051577507,32.846,-14.268,7.015585307179586,real,97
54.2,left,0.94,42.760234610884446,-5.068869493243351,32.846,-14.268,7.015585307179586,real,100
54.2,right,0.8,36.35876217423938,-0.05440235875403232,32.846,-14.268,7.015585307179586,real,101
54.2,right,0.78,35.74885911032262,3.8123186361749983,32.846,-14.268,7.015585307179586,real,106
54.2,right,0.84,31.531426813665863,-11.004021088032074,32.846,-14.268,7.015585307179586,real,90
54.2,right,0.86,34.40345282320229,-7.574092867129153,32.846,-14.268,7.015585307179586,real,93
54.2,right,0.83,35.80195699811767,-3.8231188505910154,32.846,-14.268,7.015585307179586,real,95
54.3,left,0.87,43.36499151813764,-0.019660087464190124,33.083,-14.052,7.026785307179586,real,103
54.3,left,0.83,43.04194946193602,4.91395398640955,33.083,-14.052,7.026785307179586,real,105
54.3,left,0.88,37.93498418285716,-13.92087605365938,33.083,-14.052,7.026785307179586,real,94
54.3,left,0.92,41.28982439167138,-9.78652541863538,33.083,-14.052,7.026785307179586,real,97
54.3,left,0.82,42.673037068044906,-4.956118842381206,33.083,-14.052,7.026785307179586,real,100
54.3,right,0.73,36.64662914871296,0.049709020201889054,33.083,-14.052,7.026785307179586,real,101
54.3,right,0.89,35.98032221696808,3.866027150639747,33.083,-14.052,7.026785307179586,real,106
54.3,right,0.88,31.595973637364377,-10.4837395559143,33.083,-14.052,7.026785307179586,real,90
54.3,right,0.82,34.21689961415109,-7.009434298139063,33.083,-14.052,7.026785307179586,real,93
54.3,right,0.75,35.715523920483434,-3.7684506220817653,33.083,-14.052,7.026785307179586,real,95
54.4,left,0.99,43.19696747302169,0.029279380192592352,33.317,-13.835,7.038085307179586,real,103
54.4,left,0.94,42.836036682048615,5.265411059603218,33.317,-13.835,7.038085307179586,real,105
54.4,left,0.95,40.91117701316634,9.812813862864703,33.317,-13.835,7.038085307179586,real,107
54.4,left,0.99,37.678122196328864,-14.37553046971259,33.317,-13.835,7.038085307179586,real,94
54.4,left,0.89,40.55443591442151,-9.509814757187652,33.317,-13.835,7.038085307179586,real,97
54.4,left,0.87,43.03977470401168,-4.937783578274008,33.317,-13.835,7.038085307179586,real,100
54.4,right,0.81,36.51325362615755,0.05703209603529036,33.317,-13.835,7.038085307179586,real,101
54.4,right,0.83,35.473132027470896,3.853736859372244,33.317,-13.835,7.038085307179586,real,106
54.4,right,0.99,31.545150428492665,-10.533107497820492,33.317,-13.835,7.038085307179586,real,90
54.4,right,0.99,34.18032738740747,-7.426502374023052,33.317,-13.835,7.038085307179586,real,93
54.4,right,0.91,35.83042289415513,-3.4727564516588965,33.317,-13.835,7.038085307179586,real,95
54.5,left,0.91,43.49716609950936,0.05197002455648647,33.547,-13.616,7.049385307179586,real,103
54.5,left,0.87,42.577586731187246,4.7946775619612865,33.547,-13.616,7.049385307179586,real,105
54.5,left,0.86,40.71963929242993,9.765451678214726,33.547,-13.616,7.049385307179586,real,107
54.5,left,0.89,37.91334990995383,-13.991217888494365,33.547,-13.616,7.049385307179586,real,94
54.5,left,0.89,40.57629160207929,-9.745175078495862,33.547,-13.616,7.049385307179586,real,97
54.5,left,0.92,42.88157931417128,-4.8621168600760125,33.547,-13.616,7.049385307179586,real,100
54.5,right,0.98,36.35611888226924,0.19544699534695287,33.547,-13.616,7.049385307179586,real,101
54.5,right,0.87,36.172444812047374,3.6686788960308307,33.547,-13.616,7.049385307179586,real,106
54.5,right,0.91,31.67924208498646,-10.629544848670202,33.547,-13.616,7.049385307179586,real,90
54.5,right,0.88,34.12347991074803,-7.165750476725421,33.547,-13.616,7.049385307179586,real,93
54.5,right,0.88,35.900647488158725,-3.7832105432138894,33.547,-13.616,7.049385307179586,real,95
54.6,left,0.81,43.73896018080899,-0.12611293663244316,33.773,-13.396,7.060985307179586,real,103
54.6,left,0.93,43.06307778535203,4.9165967503822054,33.773,-13.396,7.060985307179586,real,105
54.6,left,0.82,41.245968734183236,9.969392085259768,33.773,-13.396,7.060985307179586,real,107
54.6,left,0.77,37.85229874530508,-14.15604391093702,33.773,-13.396,7.060985307179586,real,94
54.6,left,0.81,41.03203940517041,-9.902792174206732,33.773,-13.396,7.060985307179586,real,97
54.6,left,0.88,43.15032173669679,-5.099108591377493,33.773,-13.396,7.060985307179586,real,100
54.6,right,0.84,36.38105259354744,0.2133527277857885,33.773,-13.396,7.060985307179586,real,101
54.6,right,0.84,36.12686413287345,3.706371082512855,33.773,-13.396,7.060985307179586,real,106
54.6,right,0.86,31.435538851616833,-10.750554597085921,33.773,-13.396,7.060985307179586,real,90
54.6,right,0.89,34.2426947321451,-7.139371845906524,33.773,-13.396,7.060985307179586,real,93
54.6,right,0.96,35.952182991464134,-3.834520277189652,33.773,-13.396,7.060985307179586,real,95
54.7,left,0.83,43.39689106216345,-0.23299110434833903,33.996,-13.174,7.072585307179586,real,103
54.7,left,0.89,42.81673320203876,4.972570331014376,33.996,-13.174,7.072585307179586,real,105
54.7,left,0.89,41.15502255551557,9.742464955346396,33.996,-13.174,7.072585307179586,real,107
54.7,left,0.81,37.359187450613646,-14.451021210487463,33.996,-13.174,7.072585307179586,real,94
54.7,left,0.93,40.61300858932253,-9.425986882516039,33.996,-13.174,7.072585307179586,real,97
54.7,left,0.87,43.24229064205961,-4.8913594571199095,33.996,-13.174,7.072585307179586,real,100
54.7,right,0.9,36.66316111667662,-0.0817461994625095,33.996,-13.174,7.072585307179586,real,101
54.7,right,0.83,35.97972134392794,3.5444198305236005,33.996,-13.174,7.072585307179586,real,106
54.7,right,0.87,31.68691757385048,-10.963614660461342,33.996,-13.174,7.072585307179586,real,90
54.7,right,0.82,34.636860143236966,-7.220377046133143,33.996,-13.174,7.072585307179586,real,93
54.7,right,0.99,35.85988949530323,-3.617694544998141,33.996,-13.174,7.072585307179586,real,95
54.8,left,0.87,43.57464704706971,0.068320149465537,34.215,-12.951,7.084285307179586,real,103
54.8,left,0.89,42.654532648365326,4.935631367509528,34.215,-12.951,7.084285307179586,real,105
54.8,left,0.78,40.85462646067397,9.715578931605847,34.215,-12.951,7.084285307179586,real,107
54.8,left,0.9,37.97491777814035,-14.287251212019726,34.215,-12.951,7.084285307179586,real,94
54.8,left,0.84,40.828117630450876,-9.71782010927015,34.215,-12.951,7.084285307179586,real,97
54.8,left,0.91,42.971099874069374,-5.090943830014802,34.215,-12.951,7.084285307179586,real,100
54.8,right,0.9,36.53892831981313,-0.031554726909884145,34.215,-12.951,7.084285307179586,real,101
54.8,right,0.87,35.79136614856362,3.484896865266059,34.215,-12.951,7.084285307179586,real,106
54.8,right,0.81,34.64529654418293,-7.11696478549673,34.215,-12.951,7.084285307179586,real,93
54.8,right,0.92,36.26623445261242,-3.787500820078838,34.215,-12.951,7.084285307179586,real,95
54.9,left,0.94,43.446117392814486,0.39575716735331046,34.43,-12.726,7.096185307179586,real,103
54.9,left,0.89,42.936539293714574,4.991659163797285,34.43,-12.726,7.096185307179586,real,105
54.9,left,0.91,40.47146447144728,9.931824962697549,34.43,-12.726,7.096185307179586,real,107
54.9,left,0.94,38.0355715797677,-14.291617955687625,34.43,-12.726,7.096185307179586,real,94
54.9,left,0.87,40.83394704895935,-9.525868409873624,34.43,-12.726,7.096185307179586,real,97
54.9,left,0.88,43.06587879612908,-4.6123538148026055,34.43,-12.726,7.096185307179586,real,100
54.9,right,0.85,36.64176878716256,-0.010682314934737036,34.43,-12.726,7.096185307179586,real,101
54.9,right,0.92,36.312154140919674,3.3961371967186436,34.43,-12.726,7.096185307179586,real,106
54.9,right,0.95,34.4975968001247,-7.282995804464882,34.43,-12.726,7.096185307179586,real,93
54.9,right,0.82,35.86589629700909,-3.525127061836168,34.43,-12.726,7.096185307179586,real,95
55.0,left,0.88,43.94672110659746,-0.05079200566451236,34.641,-12.5,7.108185307179586,real,103
55.0,left,0.8,42.808770996458435,5.290132122876783,34.641,-12.5,7.108185307179586,real,105
55.0,left,0.78,40.61844305081093,9.811638231521954,34.641,-12.5,7.108185307179586,real,107
55.0,left,0.8,37.55170766538202,-14.199114736174796,34.641,-12.5,7.108185307179586,real,94
55.0,left,0.89,41.00481344499673,-10.048437143926568,34.641,-12.5,7.108185307179586,real,97
55.0,left,0.81,42.692639531693956,-4.995377367804348,34.641,-12.5,7.108185307179586,real,100
55.0,right,0.82,36.149379800681,0.24318513468660186,34.641,-12.5,7.108185307179586,real,101
55.0,right,0.88,36.214143002472966,4.1095836821327465,34.641,-12.5,7.108185307179586,real,106
55.0,right,0.87,34.24449923707577,-7.672474221197724,34.641,-12.5,7.108185307179586,real,93
55.0,right,0.83,36.41281550028057,-3.708574300321619,34.641,-12.5,7.108185307179586,real,95
55.1,left,0.9,43.67151595015144,0.10645012144414623,34.849,-12.273,7.120285307179586,real,103
55.1,left,0.86,43.00773110764625,4.888276517588235,34.849,-12.273,7.120285307179586,real,105
55.1,left,0.87,41.011394044345806,9.61530712143384,34.849,-12.273,7.120285307179586,real,107
55.1,left,0.95,37.6356841964575,-14.129752323066818,34.849,-12.273,7.120285307179586,real,94
55.1,left,0.82,40.93942298916147,-9.723218085189743,34.849,-12.273,7.120285307179586,real,97
55.1,left,0.93,43.29806246820818,-4.895443669593851,34.849,-12.273,7.120285307179586,real,100
55.1,right,0.99,36.45316652110726,0.19739801981310556,34.849,-12.273,7.120285307179586,real,101
55.1,right,0.91,35.928132776800496,3.8577681605692558,34.849,-12.273,7.120285307179586,real,106
55.1,right,0.97,34.508609701616,-7.337076333170654,34.849,-12.273,7.120285307179586,real,93
55.1,right,0.96,36.1195427929823,-3.9733047037134708,34.849,-12.273,7.120285307179586,real,95
55.2,left,0.91,43.49684382388998,-0.10775365577154594,35.052,-12.044,7.132585307179586,real,103
55.2,left,0.9,42.96728734321415,5.015188851594139,35.052,-12.044,7.132585307179586,real,105
55.2,left,0.97,40.941878713956164,10.062102748672956,35.052,-12.044,7.132585307179586,real,107
55.2,left,0.88,37.73914493939747,-14.292923536866153,35.052,-12.044,7.132585307179586,real,94
55.2,left,0.75,41.13435625110589,-9.546935636665902,35.052,-12.044,7.132585307179586,real,97
55.2,left,0.88,42.45845465582084,-5.210021478577072,35.052,-12.044,7.132585307179586,real,100
55.2,right,0.81,36.43877481352651,0.5133637606214352,35.052,-12.044,7.132585307179586,real,101
55.2,right,0.82,36.01953203455538,3.93716975575033,35.052,-12.044,7.132585307179586,real,106
55.2,right,0.93,34.284802178767805,-7.403227165320782,35.052,-12.044,7.132585307179586,real,93
55.2,right,0.9,35.704093394368435,-3.6561090132846243,35.052,-12.044,7.132585307179586,real,95
55.3,left,0.9,43.50357416714011,-0.33498903371086886,35.252,-11.814,7.144885307179586,real,103
55.3,left,0.99,43.24119552954901,4.738921337052085,35.252,-11.814,7.144885307179586,real,105
55.3,left,0.82,40.88606287146511,9.98898678072292,35.252,-11.814,7.144885307179586,real,107
55.3,left,0.83,40.72696455904568,-9.812569742110968,35.252,-11.814,7.144885307179586,real,97
55.3,left,0.87,42.91222383504304,-4.714645959170749,35.252,-11.814,7.144885307179586,real,100
55.3,right,0.85,36.68742631397305,0.17930314371957223,35.252,-11.814,7.144885307179586,real,101
55.3,right,0.99,35.934700051599776,3.457693476479472,35.252,-11.814,7.144885307179586,real,106
55.3,right,0.79,34.45154434854538,-7.391821266609143,35.252,-11.814,7.144885307179586,real,93
55.3,right,0.82,36.10570614618778,-3.7882988582952315,35.252,-11.814,7.144885307179586,real,95
55.4,left,0.95,43.69813712321727,-0.17616371114716456,35.448,-11.582,7.157385307179586,real,103
55.4,left,0.86,42.47342917133243,5.318775454356858,35.448,-11.582,7.157385307179586,real,105
55.4,left,0.92,40.96886490678013,9.866632023536692,35.448,-11.582,7.157385307179586,real,107
55.4,left,0.85,40.856880455496274,-9.67776728886661,35.448,-11.582,7.157385307179586,real,97
55.4,left,0.93,42.69133573713769,-4.886570484345021,35.448,-11.582,7.157385307179586,real,100
55.4,right,0.89,36.483573715531556,0.0688604437483562,35.448,-11.582,7.157385307179586,real,101
55.4,right,0.83,35.96384544034848,3.362684288457606,35.448,-11.582,7.157385307179586,real,106
55.4,right,0.78,34.216893488484764,-7.394563820509646,35.448,-11.582,7.157385307179586,real,93
55.4,right,0.85,35.901894864076986,-4.137998088906443,35.448,-11.582,7.157385307179586,real,95
55.5,left,0.92,43.37925994483651,0.16352163789381735,35.64,-11.35,7.169985307179586,real,103
55.5,left,0.9,42.835049485950876,4.981103082606454,35.64,-11.35,7.169985307179586,real,105
55.5,left,0.88,41.04255567385874,10.059033658501658,35.64,-11.35,7.169985307179586,real,107
55.5,left,0.88,41.15462672125862,-9.825805417546576,35.64,-11.35,7.169985307179586,real,97
55.5,left,0.86,42.564465403486906,-5.016939138464486,35.64,-11.35,7.169985307179586,real,100
55.5,right,0.99,36.72348399499898,-0.0716176943419291,35.64,-11.35,7.169985307179586,real,101
55.5,right,0.96,35.800909188037416,3.6726015467762823,35.64,-11.35,7.169985307179586,real,106
55.5,right,0.87,34.229560154854276,-7.449301672363614,35.64,-11.35,7.169985307179586,real,93
55.5,right,0.81,36.34285373876529,-3.937777754147973,35.64,-11.35,7.169985307179586,real,95
55.6,left,0.99,43.390244357542336,0.22113642313697568,35.828,-11.116,7.182785307179586,real,103
55.6,left,0.99,42.656219540490625,5.112738672702264,35.828,-11.116,7.182785307179586,real,105
55.6,left,0.81,40.83742914204474,9.645042114278201,35.828,-11.116,7.182785307179586,real,107
55.6,left,0.85,41.0946696410181,-9.879168607942763,35.828,-11.116,7.182785307179586,real,97
55.6,left,0.88,42.65123289052321,-5.200278157174536,35.828,-11.116,7.182785307179586,real,100
55.6,right,0.83,36.26296713887752,-0.23907379871975376,35.828,-11.116,7.182785307179586,real,101
55.6,right,0.97,36.04599625006523,3.650626142587802,35.828,-11.116,7.182785307179586,real,106
55.6,right,0.74,34.45380723895022,-7.499959588793514,35.828,-11.116,7.182785307179586,real,93
55.6,right,0.88,35.705282996435926,-3.6361333209049604,35.828,-11.116,7.182785307179586,real,95
55.7,left,0.9,43.11448124735627,-0.2131908016009587,36.013,-10.881,7.195585307179586,real,103
55.7,left,0.79,42.758704390714435,4.772661465391924,36.013,-10.881,7.195585307179586,real,105
55.7,left,0.94,40.756656567714295,9.470602452081774,36.013,-10.881,7.195585307179586,real,107
55.7,left,0.93,41.072033230669305,-9.842237384681313,36.013,-10.881,7.195585307179586,real,97
55.7,left,0.99,43.02855606315298,-5.028045094590479,36.013,-10.881,7.195585307179586,real,100
55.7,right,0.83,36.158028800698965,-0.09776395292360274,36.013,-10.881,7.195585307179586,real,101
55.7,right,0.82,35.83448767215018,3.8428922282392985,36.013,-10.881,7.195585307179586,real,106
55.7,right,0.98,34.29856994825492,-7.486487575855206,36.013,-10.881,7.195585307179586,real,93
55.7,right,0.92,35.998238296573774,-3.6139739857275903,36.013,-10.881,7.195585307179586,real,95
55.8,left,0.88,43.4944102683948,-0.0926188064036404,36.193,-10.644,7.208585307179586,real,103
55.8,left,0.82,42.998983671949446,5.0647293966494145,36.193,-10.644,7.208585307179586,real,105
55.8,left,0.85,40.69698771966795,10.02890109348662,36.193,-10.644,7.208585307179586,real,107
55.8,left,0.81,40.58680559105571,-9.589925321427563,36.193,-10.644,7.208585307179586,real,97
55.8,left,0.88,43.16201864125153,-5.258798130256526,36.193,-10.644,7.208585307179586,real,100
55.8,right,0.85,36.741001170566456,-0.09101962869930347,36.193,-10.644,7.208585307179586,real,101
55.8,right,0.95,35.673776793208546,4.22381074205376,36.193,-10.644,7.208585307179586,real,106
55.8,right,0.87,34.12942067809378,-7.1486827923347125,36.193,-10.644,7.208585307179586,real,93
55.8,right,0.99,35.95608857288214,-3.632138408689104,36.193,-10.644,7.208585307179586,real,95
55.9,left,0.91,43.27503841738148,0.031536601346530024,36.369,-10.407,7.221785307179586,real,103
55.9,left,0.93,42.80812569192284,5.293394591334932,36.369,-10.407,7.221785307179586,real,105
55.9,left,0.96,40.90640744597228,9.76918253459349,36.369,-10.407,7.221785307179586,real,107
55.9,left,0.98,41.016339183294285,-9.579211068316528,36.369,-10.407,7.221785307179586,real,97
55.9,left,0.92,42.918817717765975,-5.117019294549469,36.369,-10.407,7.221785307179586,real,100
55.9,right,0.91,36.42509073950268,-0.029502814794791554,36.369,-10.407,7.221785307179586,real,101
55.9,right,0.79,36.079280275942075,3.8086332071945304,36.369,-10.407,7.221785307179586,real,106
55.9,right,0.96,33.88754493170399,-7.125442024886947,36.369,-10.407,7.221785307179586,real,93
55.9,right,0.93,36.293783691957636,-3.683020634549473,36.369,-10.407,7.221785307179586,real,95
56.0,left,0.72,43.404755848190526,0.07202784020271857,36.542,-10.168,7.234985307179587,real,103
56.0,left,0.85,42.90544656855656,5.008675715357622,36.542,-10.168,7.234985307179587,real,105
56.0,left,0.76,40.86791099584993,9.788786466161945,36.542,-10.168,7.234985307179587,real,107
56.0,left,0.85,40.808888216896825,-9.809143560031243,36.542,-10.168,7.234985307179587,real,97
56.0,left,0.94,42.542141784663485,-4.892598729581293,36.542,-10.168,7.234985307179587,real,100
56.0,right,0.94,36.32211035142587,-0.004736521055357823,36.542,-10.168,7.234985307179587,real,101
56.0,right,0.73,36.228130218722804,4.025570754408525,36.542,-10.168,7.234985307179587,real,106
56.0,right,0.9,34.36435302456521,6.883161797671727,36.542,-10.168,7.234985307179587,real,108
56.0,right,0.93,33.90631535788722,-7.756256342947939,36.542,-10.168,7.234985307179587,real,93
56.0,right,0.95,35.818271008559876,-3.9762741221086775,36.542,-10.168,7.234985307179587,real,95
56.1,left,0.93,43.876000365055525,0.3715595366477116,36.71,-9.929,7.2483853071795865,real,103
56.1,left,0.95,42.547064098403304,4.867628085855616,36.71,-9.929,7.2483853071795865,real,105
56.1,left,0.84,40.912678570741434,9.881693496973567,36.71,-9.929,7.2483853071795865,real,107
56.1,left,0.9,40.73414519402708,-9.53461889321523,36.71,-9.929,7.2483853071795865,real,97
56.1,left,0.97,42.24430909333661,-4.89765943714682,36.71,-9.929,7.2483853071795865,real,100
56.1,right,0.95,36.30783780581375,0.17962080451964013,36.71,-9.929,7.2483853071795865,real,101
56.1,right,0.81,35.86359088730198,3.6556826099817927,36.71,-9.929,7.2483853071795865,real,106
56.1,right,0.95,34.33354978258366,7.237673567238989,36.71,-9.929,7.2483853071795865,real,108
56.1,right,0.88,34.18993141939548,-7.214750131426751,36.71,-9.929,7.2483853071795865,real,93
56.1,right,0.84,36.20949539624822,-3.407282423960444,36.71,-9.929,7.2483853071795865,real,95
56.2,left,0.85,43.1245959224208,0.0714091935148041,36.875,-9.688,7.261885307179586,real,103
56.2,left,0.81,42.859472820525916,5.2944859439409,36.875,-9.688,7.261885307179586,real,105
56.2,left,0.91,40.7456988460689,9.680869828749453,36.875,-9.688,7.261885307179586,real,107
56.2,left,0.87,40.52466500275453,-10.233793337875023,36.875,-9.688,7.261885307179586,real,97
56.2,left,0.87,42.77614255211217,-5.101728466428199,36.875,-9.688,7.261885307179586,real,100
56.2,right,0.83,36.65779430773509,-0.009175397433441201,36.875,-9.688,7.261885307179586,real,101
56.2,right,0.99,36.19828473426908,3.935825103440175,36.875,-9.688,7.261885307179586,real,106
56.2,right,0.92,34.33686578447823,7.50049009378071,36.875,-9.688,7.261885307179586,real,108
56.2,right,0.95,34.29482303986905,-7.376521716647676,36.875,-9.688,7.261885307179586,real,93
56.2,right,0.86,35.88627930814507,-3.580535027239379,36.875,-9.688,7.261885307179586,real,95
56.3,left,0.91,43.404398761854566,0.10682374026054461,37.035,-9.446,7.275585307179586,real,103
56.3,left,0.94,42.80138761455139,4.959874075485608,37.035,-9.446,7.275585307179586,real,105
56.3,left,0.74,40.9384374197121,9.684883024847316,37.035,-9.446,7.275585307179586,real,107
56.3,left,0.92,41.08392540882582,-9.617344780383446,37.035,-9.446,7.275585307179586,real,97
56.3,left,0.91,42.666305929056925,-5.0004157264350155,37.035,-9.446,7.275585307179586,real,100
56.3,right,0.9,36.123078431520156,0.01912398508024049,37.035,-9.446,7.275585307179586,real,101
56.3,right,0.83,35.97311005658033,3.8502837946572184,37.035,-9.446,7.275585307179586,real,106
56.3,right,0.8,33.98161514809178,7.491233125458758,37.035,-9.446,7.275585307179586,real,108
56.3,right,0.78,34.086798331148756,-7.2978554704622915,37.035,-9.446,7.275585307179586,real,93
56.3,right,0.86,35.882282606711556,-3.960573160527041,37.035,-9.446,7.275585307179586,real,95
56.4,left,0.99,43.519840375586604,-0.17896717091827102,37.191,-9.203,7.289285307179586,real,103
56.4,left,0.94,42.88355051061893,4.921370877460426,37.191,-9.203,7.289285307179586,real,105
56.4,left,0.83,40.893979586086736,9.62895534683069,37.191,-9.203,7.289285307179586,real,107
56.4,left,0.97,40.893584137119554,-9.681806545016565,37.191,-9.203,7.289285307179586,real,97
56.4,left,0.93,42.663126253315056,-4.926544543926582,37.191,-9.203,7.289285307179586,real,100
56.4,right,0.83,36.382337054388245,-0.12368299703141084,37.191,-9.203,7.289285307179586,real,101
56.4,right,0.83,36.08946008915216,3.5978103971900675,37.191,-9.203,7.289285307179586,real,106
56.4,right,0.93,34.37114967481098,7.332128851736577,37.191,-9.203,7.289285307179586,real,108
56.4,right,0.82,34.697556223800234,-7.336900555991016,37.191,-9.203,7.289285307179586,real,93
56.4,right,0.9,35.953410855427556,-3.7643482268822863,37.191,-9.203,7.289285307179586,real,95
56.5,left,0.84,43.34942792791594,0.41708839264815367,37.343,-8.959,7.303185307179586,real,103
56.5,left,0.97,42.58246979229719,4.468687116387738,37.343,-8.959,7.303185307179586,real,105
56.5,left,0.99,40.92010052264056,9.729789416410165,37.343,-8.959,7.303185307179586,real,107
56.5,left,0.86,37.779597840644044,14.206489641394263,37.343,-8.959,7.303185307179586,real,109
56.5,left,0.98,40.81181198322857,-9.729393032814981,37.343,-8.959,7.303185307179586,real,97
56.5,left,0.84,42.70367735161985,-4.774784024237034,37.343,-8.959,7.303185307179586,real,100
56.5,right,0.8,36.86352680857231,-0.0447077421310591,37.343,-8.959,7.303185307179586,real,101
56.5,right,0.9,35.81598203913297,3.7755230043056374,37.343,-8.959,7.303185307179586,real,106
56.5,right,0.93,34.45532528429879,7.171948507025243,37.343,-8.959,7.303185307179586,real,108
56.5,right,0.84,35.67866223443778,-4.152029976989313,37.343,-8.959,7.303185307179586,real,95
56.6,left,0.91,43.46516680909752,0.09717721630189297,37.491,-8.714,7.317185307179586,real,103
56.6,left,0.86,42.87011349466038,4.863913684051855,37.491,-8.714,7.317185307179586,real,105
56.6,left,0.94,40.303391791669135,9.991716303048973,37.491,-8.714,7.317185307179586,real,107
56.6,left,0.86,37.91840520179649,14.093237114422195,37.491,-8.714,7.317185307179586,real,109
56.6,left,0.99,40.75420457193197,-9.777308479098267,37.491,-8.714,7.317185307179586,real,97
56.6,left,0.85,42.82069054589237,-5.209643898656207,37.491,-8.714,7.317185307179586,real,100
56.6,right,0.88,36.257231734478324,-0.2414109702528573,37.491,-8.714,7.317185307179586,real,101
56.6,right,0.86,35.87538580216102,3.8061422022172384,37.491,-8.714,7.317185307179586,real,106
56.6,right,0.83,34.04677673907738,7.1413601702679586,37.491,-8.714,7.317185307179586,real,108
56.6,right,0.85,35.71002994718587,-3.853633998248769,37.491,-8.714,7.317185307179586,real,95
56.7,left,0.84,43.48180725716247,-0.19280441937519865,37.635,-8.468,7.331385307179586,real,103
56.7,left,0.94,42.477587059297846,4.903680918011804,37.635,-8.468,7.331385307179586,real,105
56.7,left,0.89,41.15372057528841,9.351075158746088,37.635,-8.468,7.331385307179586,real,107
56.7,left,0.84,37.563260967322265,14.166984813584268,37.635,-8.468,7.331385307179586,real,109
56.7,left,0.75,40.8402457031587,-9.677241490514907,37.635,-8.468,7.331385307179586,real,97
56.7,left,0.89,43.02791374324387,-5.059878764197007,37.635,-8.468,7.331385307179586,real,100
56.7,right,0.94,36.57054103613791,0.05604136042603125,37.635,-8.468,7.331385307179586,real,101
56.7,right,0.76,35.77316664440284,3.988980475058386,37.635,-8.468,7.331385307179586,real,106
56.7,right,0.91,34.16620439890315,7.488107986530148,37.635,-8.468,7.331385307179586,real,108
56.7,right,0.92,35.81929356175397,-3.708448011617907,37.635,-8.468,7.331385307179586,real,95
56.8,left,0.87,43.54453160791863,0.3668780422839813,37.775,-8.222,7.345685307179586,real,103
56.8,left,0.96,42.72385104697667,4.792848378480554,37.775,-8.222,7.345685307179586,real,105
56.8,left,0.83,41.08480227871955,9.899116794386124,37.775,-8.222,7.345685307179586,real,107
56.8,left,0.86,37.798549361853674,14.438378602917386,37.775,-8.222,7.345685307179586,real,109
56.8,left,0.95,40.855747762334865,-9.826176182614844,37.775,-8.222,7.345685307179586,real,97
56.8,left,0.93,42.766133218616424,-4.911617666488713,37.775,-8.222,7.345685307179586,real,100
56.8,right,0.95,36.47806084189838,-0.17780527211190167,37.775,-8.222,7.345685307179586,real,101
56.8,right,0.99,35.995501964467636,4.181129796206136,37.775,-8.222,7.345685307179586,real,106
56.8,right,0.93,34.4172282844512,7.561640584676925,37.775,-8.222,7.345685307179586,real,108
56.8,right,0.94,36.23580462774932,-3.4357929833695984,37.775,-8.222,7.345685307179586,real,95
56.9,left,0.83,43.216226790524175,-0.056835816966750885,37.911,-7.974,7.360085307179586,real,103
56.9,left,0.94,42.84769296571089,4.960478287209755,37.911,-7.974,7.360085307179586,real,105
56.9,left,0.8,40.93123698778607,9.672063740608243,37.911,-7.974,7.360085307179586,real,107
56.9,left,0.89,37.670443526429544,14.240884595311844,37.911,-7.974,7.360085307179586,real,109
56.9,left,0.99,42.97086247209619,-4.927612998407343,37.911,-7.974,7.360085307179586,real,100
56.9,right,0.8,36.21240840180586,0.15240083816595007,37.911,-7.974,7.360085307179586,real,101
56.9,right,0.72,36.07740949697423,3.513017492248092,37.911,-7.974,7.360085307179586,real,106
56.9,right,0.81,34.284740415276666,7.184636694116069,37.911,-7.974,7.360085307179586,real,108
56.9,right,0.84,35.91910614839401,-3.5227664761400987,37.911,-7.974,7.360085307179586,real,95
57.0,left,0.8,43.20125205211605,-0.05732184669072016,38.042,-7.725,7.374585307179586,real,103
57.0,left,0.92,43.00560716116928,4.815177827670115,38.042,-7.725,7.374585307179586,real,105
57.0,left,0.92,40.93094385780897,9.685068707113935,38.042,-7.725,7.374585307179586,real,107
57.0,left,0.84,37.562830919607144,14.217516195559606,38.042,-7.725,7.374585307179586,real,109
57.0,left,0.97,42.326811629428,-5.256023025559262,38.042,-7.725,7.374585307179586,real,100
57.0,right,0.87,36.384379353184656,0.19540647891580587,38.042,-7.725,7.374585307179586,real,101
57.0,right,0.89,35.837030145227075,4.007603331722363,38.042,-7.725,7.374585307179586,real,106
57.0,right,0.99,34.34988397679723,7.416852702731241,38.042,-7.725,7.374585307179586,real,108
57.0,right,0.79,35.46343293897817,-4.008730376868057,38.042,-7.725,7.374585307179586,real,95
57.1,left,0.97,43.06382320679195,-0.11243113560655466,38.17,-7.476,7.389185307179586,real,103
57.1,left,0.88,42.858016234788174,4.871556875040605,38.17,-7.476,7.389185307179586,real,105
57.1,left,0.71,40.995850381485745,9.961201198055175,38.17,-7.476,7.389185307179586,real,107
57.1,left,0.87,37.49563163274218,14.351943015896897,38.17,-7.476,7.389185307179586,real,109
57.1,left,0.77,42.875473677297144,-4.847315448315693,38.17,-7.476,7.389185307179586,real,100
57.1,right,0.99,36.66759542377239,0.12478426804302423,38.17,-7.476,7.389185307179586,real,101
57.1,right,0.86,35.88197685677842,3.747224808230584,38.17,-7.476,7.389185307179586,real,106
57.1,right,0.88,34.24381459507282,7.235586086011826,38.17,-7.476,7.389185307179586,real,108
57.1,right,0.73,36.06963854497793,-3.7961474542778824,38.17,-7.476,7.389185307179586,real,95
57.2,left,0.87,43.48953279666244,-0.1076549751215592,38.293,-7.226,7.403985307179586,real,103
57.2,left,0.83,42.835958600304565,4.3904136959699755,38.293,-7.226,7.403985307179586,real,105
57.2,left,0.88,40.64667668583948,9.990127411776893,38.293,-7.226,7.403985307179586,real,107
57.2,left,0.99,37.56534050454451,14.36157560863826,38.293,-7.226,7.403985307179586,real,109
57.2,left,0.95,42.73213463643596,-4.84369425144577,38.293,-7.226,7.403985307179586,real,100
57.2,right,0.87,36.56206125506876,0.051364018743041306,38.293,-7.226,7.403985307179586,real,101
57.2,right,0.8,36.183513303672555,3.5692257909697083,38.293,-7.226,7.403985307179586,real,106
57.2,right,0.75,34.3757167604033,7.565370390223308,38.293,-7.226,7.403985307179586,real,108
57.2,right,0.9,35.734137933472915,-3.908755673079126,38.293,-7.226,7.403985307179586,real,95
57.3,left,0.9,43.440483607529565,-0.07347570396173997,38.412,-6.975,7.418885307179586,real,103
57.3,left,0.85,42.62533031960717,5.221439792737834,38.412,-6.975,7.418885307179586,real,105
57.3,left,0.9,40.857187078969744,9.797017295150853,38.412,-6.975,7.418885307179586,real,107
57.3,left,0.87,37.51366480893692,14.141039374951394,38.412,-6.975,7.418885307179586,real,109
57.3,left,0.77,42.85391687912195,-5.069744258906038,38.412,-6.975,7.418885307179586,real,100
57.3,right,0.96,36.70348317312852,0.08711740572875293,38.412,-6.975,7.418885307179586,real,101
57.3,right,0.86,35.67498583838809,3.703573990900463,38.412,-6.975,7.418885307179586,real,106
57.3,right,0.92,34.101902598145585,7.339374606895259,38.412,-6.975,7.418885307179586,real,108
57.3,right,0.84,35.915610966294494,-3.9543411658390015,38.412,-6.975,7.418885307179586,real,95
57.4,left,0.82,43.28948381408695,0.2707363347898588,38.527,-6.723,7.433885307179587,real,103
57.4,left,0.78,43.155023897077996,4.866148234795989,38.527,-6.723,7.433885307179587,real,105
57.4,left,0.9,41.21655049109173,9.708823823175207,38.527,-6.723,7.433885307179587,real,107
57.4,left,0.8,37.70398841057249,14.391584294360808,38.527,-6.723,7.433885307179587,real,109
57.4,left,0.89,42.803039791391754,-4.714320657139534,38.527,-6.723,7.433885307179587,real,100
57.4,right,0.92,36.21023254307086,0.03116705082973903,38.527,-6.723,7.433885307179587,real,101
57.4,right,0.81,35.871597006341716,3.384886027318998,38.527,-6.723,7.433885307179587,real,106
57.4,right,0.79,34.424500747997136,7.2238841282673585,38.527,-6.723,7.433885307179587,real,108
57.4,right,0.94,36.00498924393673,-3.7334604457707607,38.527,-6.723,7.433885307179587,real,95
57.5,left,0.9,43.62735305586509,0.3080416329363116,38.637,-6.47,7.448985307179586,real,103
57.5,left,0.96,43.056005143257075,5.010578667639861,38.637,-6.47,7.448985307179586,real,105
57.5,left,0.92,40.741716872090095,9.91629765652813,38.637,-6.47,7.448985307179586,real,107
57.5,left,0.75,37.64610992128554,14.387736642596323,38.637,-6.47,7.448985307179586,real,109
57.5,left,0.9,42.61351028242896,-4.962886542513562,38.637,-6.47,7.448985307179586,real,100
57.5,right,0.91,36.59730730591238,0.01530667846059619,38.637,-6.47,7.448985307179586,real,101
57.5,right,0.9,35.759019397129336,3.5190438806474473,38.637,-6.47,7.448985307179586,real,106
57.5,right,0.86,34.16744681659851,7.217324659726078,38.637,-6.47,7.448985307179586,real,108
57.5,right,0.8,35.91109722865847,-3.7781957572675227,38.637,-6.47,7.448985307179586,real,95
57.6,left,0.89,43.56895755767343,0.14864550156029266,38.743,-6.217,7.464185307179586,real,103
57.6,left,0.9,42.59836503101824,5.0544741927399075,38.743,-6.217,7.464185307179586,real,105
57.6,left,0.94,40.95392148064882,10.067400025988237,38.743,-6.217,7.464185307179586,real,107
57.6,left,0.75,37.668819325174496,14.284044287495004,38.743,-6.217,7.464185307179586,real,109
57.6,left,0.94,42.84977983316961,-5.023011138296758,38.743,-6.217,7.464185307179586,real,100
57.6,right,0.95,36.420053635988666,0.48117327261145926,38.743,-6.217,7.464185307179586,real,101
57.6,right,0.91,35.91997079710738,3.561252355079383,38.743,-6.217,7.464185307179586,real,106
57.6,right,0.81,34.39793757726936,6.998462252323001,38.743,-6.217,7.464185307179586,real,108
57.6,right,0.82,36.01432266098124,-3.59328870118576,38.743,-6.217,7.464185307179586,real,95
57.7,left,0.94,43.431006626255034,-0.27645559905271533,38.845,-5.963,7.479485307179586,real,103
57.7,left,0.94,42.70639916276804,5.132491990253263,38.845,-5.963,7.479485307179586,real,105
57.7,left,0.87,41.08949472336733,9.895044880652097,38.845,-5.963,7.479485307179586,real,107
57.7,left,0.96,37.600534663218646,13.951461981824908,38.845,-5.963,7.479485307179586,real,109
57.7,left,0.97,42.99512439646938,-4.717831138427548,38.845,-5.963,7.479485307179586,real,100
57.7,right,0.95,36.51918647234172,0.17521923969499142,38.845,-5.963,7.479485307179586,real,101
57.7,right,0.9,35.739351914676675,3.8663077055369266,38.845,-5.963,7.479485307179586,real,106
57.7,right,0.88,34.34863339188286,7.484830469090885,38.845,-5.963,7.479485307179586,real,108
57.7,right,0.94,36.09218632616249,-3.6120721242170735,38.845,-5.963,7.479485307179586,real,95
57.8,left,0.83,43.46882429262519,-0.18064622402982977,38.943,-5.709,7.494985307179586,real,103
57.8,left,0.92,42.74127952780695,4.93082202053411,38.943,-5.709,7.494985307179586,real,105
57.8,left,0.84,40.73758577884562,9.823711285618009,38.943,-5.709,7.494985307179586,real,107
57.8,left,0.77,37.49172611321171,14.161637637114882,38.943,-5.709,7.494985307179586,real,109
57.8,left,0.86,42.79066031990502,-4.970753386307559,38.943,-5.709,7.494985307179586,real,100
57.8,right,0.9,36.30508465440684,-0.18932930062995856,38.943,-5.709,7.494985307179586,real,101
57.8,right,0.79,35.661961061755264,3.519030585434893,38.943,-5.709,7.494985307179586,real,106
57.8,right,0.87,34.26006971454512,7.27180324716346,38.943,-5.709,7.494985307179586,real,108
57.8,right,0.99,36.049784867917914,-3.9664236890479527,38.943,-5.709,7.494985307179586,real,95
57.9,left,0.9,43.32606888823405,-0.10181912936578863,39.037,-5.454,7.510485307179586,real,103
57.9,left,0.78,42.84356796656982,5.04005113937818,39.037,-5.454,7.510485307179586,real,105
57.9,left,0.94,40.796884200258326,10.00433472925467,39.037,-5.454,7.510485307179586,real,107
57.9,left,0.84,37.670145408654506,14.23234992897662,39.037,-5.454,7.510485307179586,real,109
57.9,left,0.85,42.739933462813404,-5.018646385134183,39.037,-5.454,7.510485307179586,real,100
57.9,right,0.96,36.63101486601796,0.1655694261266547,39.037,-5.454,7.510485307179586,real,101
57.9,right,0.96,36.122805610524665,3.5727630444335072,39.037,-5.454,7.510485307179586,real,106
57.9,right,0.88,34.28903836817774,7.288397943195141,39.037,-5.454,7.510485307179586,real,108
57.9,right,0.92,35.740793519914426,-3.5496531721763853,39.037,-5.454,7.510485307179586,real,95
58.0,left,0.79,43.39024339273328,0.005140713793020946,39.126,-5.198,7.526185307179587,real,103
58.0,left,0.81,42.823007948522346,4.831764166148801,39.126,-5.198,7.526185307179587,real,105
58.0,left,0.78,40.79373943913731,9.85348840358142,39.126,-5.198,7.526185307179587,real,107
58.0,left,0.96,37.900944069349265,14.317537680698871,39.126,-5.198,7.526185307179587,real,109
58.0,left,0.84,42.820049407681985,-5.072652588362092,39.126,-5.198,7.526185307179587,real,100
58.0,right,0.95,36.29210133855276,0.37725410870639564,39.126,-5.198,7.526185307179587,real,101
58.0,right,0.95,36.092716718869426,3.751090318932633,39.126,-5.198,7.526185307179587,real,106
58.0,right,0.97,34.46549383895671,7.27459918071921,39.126,-5.198,7.526185307179587,real,108
58.0,right,0.95,36.29257744413441,-3.833082192982993,39.126,-5.198,7.526185307179587,real,95
58.1,left,0.82,43.58572102187786,0.023550430878902295,39.211,-4.941,7.541885307179586,real,103
58.1,left,0.99,42.950609613555585,4.848655455540945,39.211,-4.941,7.541885307179586,real,105
58.1,left,0.88,40.77569516269769,9.67565526198899,39.211,-4.941,7.541885307179586,real,107
58.1,left,0.87,37.50890694149827,14.163537581951578,39.211,-4.941,7.541885307179586,real,109
58.1,left,0.82,43.163632336969236,-4.89967677716991,39.211,-4.941,7.541885307179586,real,100
58.1,right,0.9,36.389154518220046,-0.38652219492090634,39.211,-4.941,7.541885307179586,real,101
58.1,right,0.95,36.004624479441866,3.4110002407306923,39.211,-4.941,7.541885307179586,real,106
58.1,right,0.94,34.265262521439254,7.246357457347331,39.211,-4.941,7.541885307179586,real,108
58.1,right,0.87,35.750286928545165,-3.6888857731574083,39.211,-4.941,7.541885307179586,real,95
58.2,left,0.98,43.4745804956473,0.2738170198586135,39.291,-4.685,7.557785307179586,real,103
58.2,left,0.93,42.541564428485906,5.106599863978415,39.291,-4.685,7.557785307179586,real,105
58.2,left,0.91,40.5013490068269,9.8914703986141,39.291,-4.685,7.557785307179586,real,107
58.2,left,0.98,37.9554809313075,14.472036274360361,39.291,-4.685,7.557785307179586,real,109
58.2,left,0.86,42.6868976804408,-4.911052967192977,39.291,-4.685,7.557785307179586,real,100
58.2,right,0.92,36.431548554364454,-0.16242955499277967,39.291,-4.685,7.557785307179586,real,101
58.2,right,0.81,35.91694560332168,3.8076578247481327,39.291,-4.685,7.557785307179586,real,106
58.2,right,0.76,34.315008998484174,7.212506736826567,39.291,-4.685,7.557785307179586,real,108
58.2,right,0.91,31.604700494370498,10.503932843019607,39.291,-4.685,7.557785307179586,real,110
58.3,left,0.93,43.52477332252746,0.23084795212596432,39.368,-4.427,7.573685307179586,real,103
58.3,left,0.9,42.716419845911844,4.8476487553709395,39.368,-4.427,7.573685307179586,real,105
58.3,left,0.79,40.8089007327786,10.150289119664125,39.368,-4.427,7.573685307179586,real,107
58.3,left,0.82,37.88470461121711,14.592608113460578,39.368,-4.427,7.573685307179586,real,109
58.3,left,0.82,42.79330158349243,-5.079023053368715,39.368,-4.427,7.573685307179586,real,100
58.3,right,0.81,36.3342097484168,-0.11234512279386011,39.368,-4.427,7.573685307179586,real,101
58.3,right,0.83,36.27137003739703,3.6384180223166056,39.368,-4.427,7.573685307179586,real,106
58.3,right,0.93,34.32115112096662,7.3684994125810315,39.368,-4.427,7.573685307179586,real,108
58.3,right,0.88,31.652314133883856,11.056746982414028,39.368,-4.427,7.573685307179586,real,110
58.4,left,0.95,43.58728115791785,-0.006871218092895592,39.44,-4.169,7.589685307179586,real,103
58.4,left,0.86,42.76872408416122,5.148989749485941,39.44,-4.169,7.589685307179586,real,105
58.4,left,0.86,40.70217578974645,9.64391356940229,39.44,-4.169,7.589685307179586,real,107
58.4,left,0.99,37.738398116572306,14.092615728908417,39.44,-4.169,7.589685307179586,real,109
58.4,left,0.88,33.18830464451624,18.574876586506154,39.44,-4.169,7.589685307179586,real,111
58.4,left,0.85,42.927958376956425,-4.965828313138716,39.44,-4.169,7.589685307179586,real,100
58.4,right,0.9,36.21691967007285,-0.14635432994196185,39.44,-4.169,7.589685307179586,real,101
58.4,right,0.9,35.982099917793,3.771012092023084,39.44,-4.169,7.589685307179586,real,106
58.4,right,0.89,34.192006110058585,7.545708922168642,39.44,-4.169,7.589685307179586,real,108
58.4,right,0.87,31.692774783055636,10.575798487532523,39.44,-4.169,7.589685307179586,real,110
58.5,left,0.78,43.37007780838139,-0.317631106884791,39.508,-3.911,7.605785307179586,real,103
58.5,left,0.9,42.890231454774494,4.774276932046212,39.508,-3.911,7.605785307179586,real,105
58.5,left,0.81,41.26951991968464,9.573475836032864,39.508,-3.911,7.605785307179586,real,107
58.5,left,0.91,37.468945643068054,14.164801153184797,39.508,-3.911,7.605785307179586,real,109
58.5,left,0.99,33.143884621239124,18.265949304307377,39.508,-3.911,7.605785307179586,real,111
58.5,right,0.75,36.67236829441252,0.19335936904494655,39.508,-3.911,7.605785307179586,real,101
58.5,right,0.78,35.727414730131066,3.7267667558815916,39.508,-3.911,7.605785307179586,real,106
58.5,right,0.79,34.22165448507637,7.542593807047934,39.508,-3.911,7.605785307179586,real,108
58.5,right,0.81,31.773582089465606,10.737890592301,39.508,-3.911,7.605785307179586,real,110
58.6,left,0.86,43.488258133541834,0.011488053099172335,39.571,-3.652,7.621985307179586,real,103
58.6,left,0.96,42.91373063083496,4.899537986214975,39.571,-3.652,7.621985307179586,real,105
58.6,left,0.88,40.877476748047606,9.98084678659637,39.571,-3.652,7.621985307179586,real,107
58.6,left,0.83,37.217103040537665,14.554987178120216,39.571,-3.652,7.621985307179586,real,109
58.6,left,0.97,33.6008131814946,18.23709359366313,39.571,-3.652,7.621985307179586,real,111
58.6,right,0.92,36.38478842638217,0.34567680136149004,39.571,-3.652,7.621985307179586,real,101
58.6,right,0.9,36.09678818373676,3.715164872305827,39.571,-3.652,7.621985307179586,real,106
58.6,right,0.9,34.37814465771785,7.331192586590282,39.571,-3.652,7.621985307179586,real,108
58.6,right,0.84,31.504690893986904,10.891235348650945,39.571,-3.652,7.621985307179586,real,110
58.7,left,0.81,43.481523864059525,-0.11364824628708492,39.63,-3.393,7.638185307179587,real,103
58.7,left,0.82,42.71376588828028,4.883654695363276,39.63,-3.393,7.638185307179587,real,105
58.7,left,0.73,40.943207204386546,9.364708918075664,39.63,-3.393,7.638185307179587,real,107
58.7,left,0.83,37.524740986531405,13.917280687678323,39.63,-3.393,7.638185307179587,real,109
58.7,left,0.85,33.36294498695998,18.39938377194037,39.63,-3.393,7.638185307179587,real,111
58.7,right,0.68,36.407457407075036,0.24132184001147738,39.63,-3.393,7.638185307179587,real,101
58.7,right,0.89,36.11033044311341,3.728832924909554,39.63,-3.393,7.638185307179587,real,106
58.7,right,0.82,34.13076032457997,7.756117139589402,39.63,-3.393,7.638185307179587,real,108
58.7,right,0.9,31.603897598848448,10.566362816627027,39.63,-3.393,7.638185307179587,real,110
58.8,left,0.9,43.491348738844465,0.25926049682172514,39.685,-3.133,7.654585307179586,real,103
58.8,left,0.99,42.60477532680319,4.802896990321342,39.685,-3.133,7.654585307179586,real,105
58.8,left,0.87,41.4413498861732,9.672836953410714,39.685,-3.133,7.654585307179586,real,107
58.8,left,0.86,37.69122027990093,14.187097904680611,39.685,-3.133,7.654585307179586,real,109
58.8,left,0.84,33.111500210673825,18.59456623553887,39.685,-3.133,7.654585307179586,real,111
58.8,right,0.91,36.43509852468957,-0.12160025888705739,39.685,-3.133,7.654585307179586,real,101
58.8,right,0.83,36.09919507288467,3.527231454287113,39.685,-3.133,7.654585307179586,real,106
58.8,right,0.79,34.398796594534716,7.5119951881645886,39.685,-3.133,7.654585307179586,real,108
58.8,right,0.81,31.38783786161211,10.559786767101231,39.685,-3.133,7.654585307179586,real,110
58.9,left,0.88,43.697406097011346,-0.23028114957960877,39.735,-2.873,7.670885307179586,real,103
58.9,left,0.74,42.7664216884994,4.688446127990032,39.735,-2.873,7.670885307179586,real,105
58.9,left,0.95,40.79668590327888,9.951052130382928,39.735,-2.873,7.670885307179586,real,107
58.9,left,0.83,37.93989507892557,14.454478735301745,39.735,-2.873,7.670885307179586,real,109
58.9,left,0.83,33.349006067303335,18.22132915481223,39.735,-2.873,7.670885307179586,real,111
58.9,right,0.74,36.438160180249284,-0.048515586358096274,39.735,-2.873,7.670885307179586,real,101
58.9,right,0.99,36.02564126026236,3.4246489851318342,39.735,-2.873,7.670885307179586,real,106
58.9,right,0.86,34.17071866740616,7.022523798756068,39.735,-2.873,7.670885307179586,real,108
58.9,right,0.9,31.914649808503334,10.870619860952136,39.735,-2.873,7.670885307179586,real,110
59.0,left,0.92,43.758208634657386,0.2703932226470147,39.781,-2.613,7.687385307179586,real,103
59.0,left,0.87,42.86283925166732,5.004412410187766,39.781,-2.613,7.687385307179586,real,105
59.0,left,0.87,40.96919052341944,9.70551733286341,39.781,-2.613,7.687385307179586,real,107
59.0,left,0.75,37.80199018451048,14.099559892194735,39.781,-2.613,7.687385307179586,real,109
59.0,left,0.85,33.42283773525634,18.49256214876045,39.781,-2.613,7.687385307179586,real,111
59.0,right,0.93,36.285178000461585,0.08606975596097877,39.781,-2.613,7.687385307179586,real,101
59.0,right,0.84,36.067825206845775,3.7082622913057532,39.781,-2.613,7.687385307179586,real,106
59.0,right,0.79,34.595108912723305,7.095372965173112,39.781,-2.613,7.687385307179586,real,108
59.0,right,0.87,31.815462919988583,10.399052452513525,39.781,-2.613,7.687385307179586,real,110
59.1,left,0.88,43.513035231424595,0.3322582595315485,39.822,-2.353,7.703885307179586,real,103
59.1,left,0.94,42.94259528515629,4.946436763631863,39.822,-2.353,7.703885307179586,real,105
59.1,left,0.95,41.2680378564329,9.422160997530476,39.822,-2.353,7.703885307179586,real,107
59.1,left,0.89,37.6919121886158,14.110625053911804,39.822,-2.353,7.703885307179586,real,109
59.1,left,0.78,33.63149145462115,18.378781736010808,39.822,-2.353,7.703885307179586,real,111
59.1,right,0.87,36.62071857875952,0.1528727545548939,39.822,-2.353,7.703885307179586,real,101
59.1,right,0.79,36.005306340088374,3.680560350770546,39.822,-2.353,7.703885307179586,real,106
59.1,right,0.96,34.428609066028514,7.258557794309625,39.822,-2.353,7.703885307179586,real,108
59.1,right,0.76,31.683994974690588,10.85136428640314,39.822,-2.353,7.703885307179586,real,110
59.2,left,0.75,43.3051471701662,-0.09913322675703456,39.86,-2.092,7.720385307179586,real,103
59.2,left,0.86,43.16602235026279,4.93929413547484,39.86,-2.092,7.720385307179586,real,105
59.2,left,0.86,40.8178383722704,9.907339425676996,39.86,-2.092,7.720385307179586,real,107
59.2,left,0.85,37.953969376979046,14.386719224020606,39.86,-2.092,7.720385307179586,real,109
59.2,left,0.82,33.59432055253122,18.344689679631767,39.86,-2.092,7.720385307179586,real,111
59.2,right,0.99,36.626887013065286,0.06789453763698411,39.86,-2.092,7.720385307179586,real,101
59.2,right,0.84,35.86455135616686,3.532307524886229,39.86,-2.092,7.720385307179586,real,106
59.2,right,0.84,34.30742317619766,7.351749870457874,39.86,-2.092,7.720385307179586,real,108
59.2,right,0.79,31.90019965088681,10.52163628785362,39.86,-2.092,7.720385307179586,real,110
59.3,left,0.95,43.511825016669675,0.08869958554085494,39.893,-1.831,7.736985307179586,real,103
59.3,left,0.91,42.81508228930393,4.929120494084133,39.893,-1.831,7.736985307179586,real,105
59.3,left,0.94,40.65699581625117,9.860746977793813,39.893,-1.831,7.736985307179586,real,107
59.3,left,0.91,37.21286814438579,14.002089945949336,39.893,-1.831,7.736985307179586,real,109
59.3,left,0.86,33.27641442564007,18.280841296539016,39.893,-1.831,7.736985307179586,real,111
59.3,right,0.86,36.54138537666807,-0.06368553543305899,39.893,-1.831,7.736985307179586,real,101
59.3,right,0.84,36.004600064607224,3.7218521448384965,39.893,-1.831,7.736985307179586,real,106
59.3,right,0.85,34.38844684689795,7.404681868962048,39.893,-1.831,7.736985307179586,real,108
59.3,right,0.85,31.686546005520512,10.570717535748495,39.893,-1.831,7.736985307179586,real,110
59.4,left,0.94,43.47858207008564,0.054951634543372596,39.921,-1.57,7.753685307179586,real,103
59.4,left,0.83,42.83749954275838,5.159796313194789,39.921,-1.57,7.753685307179586,real,105
59.4,left,0.97,40.732931628023316,9.813912114533183,39.921,-1.57,7.753685307179586,real,107
59.4,left,0.77,37.63144098073201,14.159296535360014,39.921,-1.57,7.753685307179586,real,109
59.4,left,0.8,33.45720457243714,18.511125508063966,39.921,-1.57,7.753685307179586,real,111
59.4,right,0.99,36.29809043711645,-0.10890168052695426,39.921,-1.57,7.753685307179586,real,101
59.4,right,0.75,36.01673922019094,3.926549532501712,39.921,-1.57,7.753685307179586,real,106
59.4,right,0.97,34.524358104558935,7.692906738835832,39.921,-1.57,7.753685307179586,real,108
59.4,right,0.87,31.546425536325515,10.729341427587544,39.921,-1.57,7.753685307179586,real,110
59.5,left,0.86,43.47497849898907,0.4219542758913946,39.945,-1.308,7.770285307179586,real,103
59.5,left,0.87,42.71116698318256,4.834253106242913,39.945,-1.308,7.770285307179586,real,105
59.5,left,0.99,40.848403669975006,9.675925837744705,39.945,-1.308,7.770285307179586,real,107
59.5,left,0.99,37.95763075382283,14.53660531156738,39.945,-1.308,7.770285307179586,real,109
59.5,left,0.82,32.95183813304525,18.46884757747225,39.945,-1.308,7.770285307179586,real,111
59.5,right,0.85,36.329749601184865,0.13227169446151588,39.945,-1.308,7.770285307179586,real,101
59.5,right,0.97,35.385481575017714,3.9485701490845804,39.945,-1.308,7.770285307179586,real,106
59.5,right,0.9,34.192269421151046,7.213750811140642,39.945,-1.308,7.770285307179586,real,108
59.5,right,0.76,31.51655021854728,10.666523718358473,39.945,-1.308,7.770285307179586,real,110
59.6,left,0.95,43.59439167827865,0.15171516451645706,39.965,-1.047,7.786985307179586,real,103
59.6,left,0.85,42.9478787596024,4.467679256812027,39.965,-1.047,7.786985307179586,real,105
59.6,left,0.93,41.24142388768908,9.805895791397644,39.965,-1.047,7.786985307179586,real,107
59.6,left,0.79,37.70591386309289,14.099216518524818,39.965,-1.047,7.786985307179586,real,109
59.6,left,0.96,33.19720108551135,18.1681861779439,39.965,-1.047,7.786985307179586,real,111
59.6,right,0.87,36.41654239789137,0.3496891730222062,39.965,-1.047,7.786985307179586,real,101
59.6,right,0.81,35.87063040432043,3.7899538569201474,39.965,-1.047,7.786985307179586,real,106
59.6,right,0.78,34.2409062842128,7.34403099344088,39.965,-1.047,7.786985307179586,real,108
59.6,right,0.82,31.52669671788136,10.8375745283113,39.965,-1.047,7.786985307179586,real,110
59.7,left,0.88,43.688236271850755,0.3423583068973036,39.98,-0.785,7.803785307179586,real,103
59.7,left,0.87,43.226205850408014,4.718052296387592,39.98,-0.785,7.803785307179586,real,105
59.7,left,0.79,40.73608901996196,10.05972274398442,39.98,-0.785,7.803785307179586,real,107
59.7,left,0.82,37.46850397201825,13.976608235603326,39.98,-0.785,7.803785307179586,real,109
59.7,left,0.91,33.39803167512696,18.35435928839751,39.98,-0.785,7.803785307179586,real,111
59.7,right,0.87,36.40140733896906,0.2098098141933885,39.98,-0.785,7.803785307179586,real,101
59.7,right,0.77,36.014412271430785,3.4483065052062187,39.98,-0.785,7.803785307179586,real,106
59.7,right,0.85,34.401859522932625,7.364149024168265,39.98,-0.785,7.803785307179586,real,108
59.7,right,0.94,31.443292023309883,10.456490911828167,39.98,-0.785,7.803785307179586,real,110
59.8,left,0.84,43.42922151941961,-0.1569403544382798,39.991,-0.524,7.820485307179586,real,103
59.8,left,0.93,42.979587833845216,4.877942221034239,39.991,-0.524,7.820485307179586,real,105
59.8,left,0.7,40.87628105057856,9.771126927895862,39.991,-0.524,7.820485307179586,real,107
59.8,left,0.79,37.636954143348426,14.563300358406789,39.991,-0.524,7.820485307179586,real,109
59.8,left,0.93,33.56308079253015,18.158751501377957,39.991,-0.524,7.820485307179586,real,111
59.8,right,0.86,36.51319132149871,0.1968764080902588,39.991,-0.524,7.820485307179586,real,101
59.8,right,0.86,35.816535431169456,3.5630957370213894,39.991,-0.524,7.820485307179586,real,106
59.8,right,0.96,34.114001309397544,7.099097230827967,39.991,-0.524,7.820485307179586,real,108
59.8,right,0.88,31.626367866031586,11.00359846036385,39.991,-0.524,7.820485307179586,real,110
59.9,left,0.92,43.330910916197475,0.3001012583971863,39.998,-0.262,7.8371853071795865,real,103
59.9,left,0.92,42.892761734695014,5.177148140963389,39.998,-0.262,7.8371853071795865,real,105
59.9,left,0.87,40.895790993555224,10.018371215665859,39.998,-0.262,7.8371853071795865,real,107
59.9,left,0.99,37.94693511284598,14.219491422801859,39.998,-0.262,7.8371853071795865,real,109
59.9,left,0.85,33.43336611634889,18.56991288673617,39.998,-0.262,7.8371853071795865,real,111
59.9,right,0.92,36.26691061657851,0.06171131107738019,39.998,-0.262,7.8371853071795865,real,101
59.9,right,0.82,35.97360818535665,3.797164387190016,39.998,-0.262,7.8371853071795865,real,106
59.9,right,0.93,34.457909173023076,7.281112794387084,39.998,-0.262,7.8371853071795865,real,108
59.9,right,0.78,31.638050312365138,10.706957070761735,39.998,-0.262,7.8371853071795865,real,110
60.0,left,0.92,43.72300061340013,-0.16698632465627372,40.0,0.0,7.853985307179586,real,103
60.0,left,0.92,42.618982023316555,4.89400962009115,40.0,0.0,7.853985307179586,real,105
60.0,left,0.87,40.837964153185744,9.75900307808004,40.0,0.0,7.853985307179586,real,107
60.0,left,0.79,37.63094774132698,14.226991298081133,40.0,0.0,7.853985307179586,real,109
60.0,left,0.81,33.44093336810367,18.13997590732535,40.0,0.0,7.853985307179586,real,111
60.0,right,0.85,35.98298540638322,3.9729852447082967,40.0,0.0,7.853985307179586,real,106
60.0,right,0.92,34.32397372560219,7.152979150839577,40.0,0.0,7.853985307179586,real,108
60.0,right,0.87,31.719960068643182,10.870969585788407,40.0,0.0,7.853985307179586,real,110
60.1,left,0.83,42.93123938353741,4.735918497119172,39.998,0.262,7.870785307179586,real,105
60.1,left,0.76,40.81336904181059,9.531009133972027,39.998,0.262,7.870785307179586,real,107
60.1,left,0.82,37.43322318939222,14.33189072138688,39.998,0.262,7.870785307179586,real,109
60.1,left,0.94,33.26430494982783,18.160381378529372,39.998,0.262,7.870785307179586,real,111
60.1,left,0.92,28.10004856256873,22.179174352377796,39.998,0.262,7.870785307179586,real,112
60.1,right,0.87,35.652425654508455,3.830485618270828,39.998,0.262,7.870785307179586,real,106
60.1,right,0.84,34.40761497476989,7.320061863548874,39.998,0.262,7.870785307179586,real,108
60.1,right,0.97,32.06305209443598,10.845164117407668,39.998,0.262,7.870785307179586,real,110
60.1,right,0.87,27.751875519519075,13.914157199818854,39.998,0.262,7.870785307179586,real,113
60.2,left,0.77,42.77296047058367,4.870627766454115,39.991,0.524,7.8874853071795865,real,105
60.2,left,0.88,41.1727404828862,9.477609966438559,39.991,0.524,7.8874853071795865,real,107
60.2,left,0.84,37.384571692965636,14.434497923521285,39.991,0.524,7.8874853071795865,real,109
60.2,left,0.88,33.614847812354824,18.542527361579463,39.991,0.524,7.8874853071795865,real,111
60.2,left,0.88,28.173490405929968,21.895137475437817,39.991,0.524,7.8874853071795865,real,112
60.2,right,0.8,36.1143331811928,3.7329425635182765,39.991,0.524,7.8874853071795865,real,106
60.2,right,0.83,34.46341229095586,7.40470157170213,39.991,0.524,7.8874853071795865,real,108
60.2,right,0.76,31.808405034731706,10.405449723313172,39.991,0.524,7.8874853071795865,real,110
60.2,right,0.87,28.139549606297315,13.832475816771973,39.991,0.524,7.8874853071795865,real,113
60.3,left,0.9,42.58601451641764,4.775804723388568,39.98,0.785,7.904185307179587,real,105
60.3,left,0.93,40.53221646784196,9.921222740971466,39.98,0.785,7.904185307179587,real,107
60.3,left,0.84,37.57313561983384,14.5115118968909,39.98,0.785,7.904185307179587,real,109
60.3,left,0.81,33.119444441731254,18.398912042243992,39.98,0.785,7.904185307179587,real,111
60.3,left,0.98,27.74570589448275,21.865611773373796,39.98,0.785,7.904185307179587,real,112
60.3,right,0.88,36.023339499784434,3.6480518133687156,39.98,0.785,7.904185307179587,real,106
60.3,right,0.78,34.39585249180931,7.8016135426406175,39.98,0.785,7.904185307179587,real,108
60.3,right,0.9,31.861945999994628,10.944415300744273,39.98,0.785,7.904185307179587,real,110
60.3,right,0.85,27.75659815436244,13.69786750958378,39.98,0.785,7.904185307179587,real,113
60.4,left,0.84,42.88112222342263,4.876838531591206,39.965,1.047,7.920985307179587,real,105
60.4,left,0.74,41.031861899528195,9.837154474600267,39.965,1.047,7.920985307179587,real,107
60.4,left,0.85,37.38359051539386,14.34901394799996,39.965,1.047,7.920985307179587,real,109
60.4,left,0.99,33.16061582287626,17.896230426642873,39.965,1.047,7.920985307179587,real,111
60.4,left,0.96,27.681426925692463,21.449352156752582,39.965,1.047,7.920985307179587,real,112
60.4,right,0.99,35.87055017794948,4.112741289592202,39.965,1.047,7.920985307179587,real,106
60.4,right,0.87,34.10365643229705,7.203376578909648,39.965,1.047,7.920985307179587,real,108
60.4,right,0.75,31.3424125761683,10.654244928613993,39.965,1.047,7.920985307179587,real,110
60.4,right,0.87,27.770401284397806,14.029660211429448,39.965,1.047,7.920985307179587,real,113
60.5,left,0.86,43.28167549681308,5.01594789998015,39.945,1.308,7.937685307179587,real,105
60.5,left,0.94,40.92911600316507,9.971610199698183,39.945,1.308,7.937685307179587,real,107
60.5,left,0.89,37.93979115521105,14.287796242190405,39.945,1.308,7.937685307179587,real,109
60.5,left,0.91,33.43135454094568,18.386213045683114,39.945,1.308,7.937685307179587,real,111
60.5,left,0.95,27.743998554376972,22.051548894147903,39.945,1.308,7.937685307179587,real,112
60.5,right,0.91,35.9829126675881,3.4994182554549322,39.945,1.308,7.937685307179587,real,106
60.5,right,0.89,34.50645133357656,7.330389924518651,39.945,1.308,7.937685307179587,real,108
60.5,right,0.85,31.528229971560748,10.952072754203314,39.945,1.308,7.937685307179587,real,110
60.5,right,0.9,27.9851039775362,13.592089267497794,39.945,1.308,7.937685307179587,real,113
60.6,left,0.84,42.6862376520566,4.971997755385582,39.921,1.57,7.954285307179586,real,105
60.6,left,0.94,40.933812566920935,9.931444833537265,39.921,1.57,7.954285307179586,real,107
60.6,left,0.78,37.469103360675874,14.458256859252577,39.921,1.57,7.954285307179586,real,109
60.6,left,0.81,33.21100344041716,18.589634724940087,39.921,1.57,7.954285307179586,real,111
60.6,left,0.89,28.128491441746256,21.97470854737975,39.921,1.57,7.954285307179586,real,112
60.6,right,0.86,35.89358735963017,3.9185168562710544,39.921,1.57,7.954285307179586,real,106
60.6,right,0.94,34.32075047972873,7.492985928625986,39.921,1.57,7.954285307179586,real,108
60.6,right,0.85,31.686550973168927,10.52846578519563,39.921,1.57,7.954285307179586,real,110
60.6,right,0.94,28.028296108924426,14.132257725392991,39.921,1.57,7.954285307179586,real,113
60.7,left,0.77,43.15957418300945,5.024161772741269,39.893,1.831,7.970985307179586,real,105
60.7,left,0.86,40.6903547420726,9.901258076127078,39.893,1.831,7.970985307179586,real,107
60.7,left,0.84,37.68074866731278,14.26173915907753,39.893,1.831,7.970985307179586,real,109
60.7,left,0.97,33.320060296130045,18.175444427672964,39.893,1.831,7.970985307179586,real,111
60.7,left,0.86,28.278658466547896,22.12392307047778,39.893,1.831,7.970985307179586,real,112
60.7,right,0.92,35.86579133702001,3.66139077380186,39.893,1.831,7.970985307179586,real,106
60.7,right,0.76,34.16673450890306,7.460019854776887,39.893,1.831,7.970985307179586,real,108
60.7,right,0.83,31.59002334915718,10.690308479534899,39.893,1.831,7.970985307179586,real,110
60.7,right,0.87,28.245453655609545,14.131400975385983,39.893,1.831,7.970985307179586,real,113
60.8,left,0.92,42.8043358886581,4.801349769734411,39.86,2.092,7.987585307179586,real,105
60.8,left,0.93,40.93713750037153,9.940424606587834,39.86,2.092,7.987585307179586,real,107
60.8,left,0.82,37.938609064186195,14.270590101968807,39.86,2.092,7.987585307179586,real,109
60.8,left,0.78,33.72029559314423,18.32985807292439,39.86,2.092,7.987585307179586,real,111
60.8,left,0.86,28.10315029512508,21.896401455660875,39.86,2.092,7.987585307179586,real,112
60.8,right,0.91,35.936108335571,3.4877504095735032,39.86,2.092,7.987585307179586,real,106
60.8,right,0.99,34.35095063248284,7.744532181797713,39.86,2.092,7.987585307179586,real,108
60.8,right,0.91,31.762780048124018,10.703137093958121,39.86,2.092,7.987585307179586,real,110
60.8,right,0.9,27.66750750382968,14.012108503316172,39.86,2.092,7.987585307179586,real,113
60.9,left,0.92,42.93303852927373,4.927171763766818,39.822,2.353,8.004085307179587,real,105
60.9,left,0.92,40.99151674764147,9.686349546897796,39.822,2.353,8.004085307179587,real,107
60.9,left,0.78,37.41045519107702,14.185424799446505,39.822,2.353,8.004085307179587,real,109
60.9,left,0.9,33.58261761444119,18.510642075710752,39.822,2.353,8.004085307179587,real,111
60.9,left,0.88,27.806002842920968,21.758321675279404,39.822,2.353,8.004085307179587,real,112
60.9,right,0.82,35.90142398417248,3.847519556284897,39.822,2.353,8.004085307179587,real,106
60.9,right,0.91,34.28996091854419,7.180012285176568,39.822,2.353,8.004085307179587,real,108
60.9,right,0.81,31.29884017391538,10.587028089520775,39.822,2.353,8.004085307179587,real,110
60.9,right,0.76,28.461206395600584,13.868585728838863,39.822,2.353,8.004085307179587,real,113
61.0,left,0.93,42.89626467225064,4.602159375672834,39.781,2.613,8.020585307179587,real,105
61.0,left,0.91,41.11782179698859,9.780940114363135,39.781,2.613,8.020585307179587,real,107
61.0,left,0.86,37.58328326832049,13.818701547305992,39.781,2.613,8.020585307179587,real,109
61.0,left,0.88,33.16672043534314,18.211103821957416,39.781,2.613,8.020585307179587,real,111
61.0,left,0.91,28.037545298237724,21.546697833958838,39.781,2.613,8.020585307179587,real,112
61.0,right,0.99,35.806805423629584,3.8622407570792614,39.781,2.613,8.020585307179587,real,106
61.0,right,0.92,34.4046175735092,7.044776732205825,39.781,2.613,8.020585307179587,real,108
61.0,right,0.78,31.460004827867788,10.927217302028646,39.781,2.613,8.020585307179587,real,110
61.0,right,0.89,27.89768484510151,13.833707683981428,39.781,2.613,8.020585307179587,real,113
61.1,left,0.88,42.671168201101096,5.014421559348546,39.735,2.873,8.037085307179586,real,105
61.1,left,0.91,40.755332556903014,9.873814914945529,39.735,2.873,8.037085307179586,real,107
61.1,left,0.93,37.666401629196535,14.25257384001305,39.735,2.873,8.037085307179586,real,109
61.1,left,0.86,33.056623308243886,18.424963662605716,39.735,2.873,8.037085307179586,real,111
61.1,left,0.95,27.856360387016252,21.820856262513008,39.735,2.873,8.037085307179586,real,112
61.1,right,0.76,35.967870166316885,3.659215502374888,39.735,2.873,8.037085307179586,real,106
61.1,right,0.83,34.119508862815714,7.407317621010329,39.735,2.873,8.037085307179586,real,108
61.1,right,0.82,31.367871423204672,10.574233692037597,39.735,2.873,8.037085307179586,real,110
61.1,right,0.89,28.097208888746582,14.03963418630838,39.735,2.873,8.037085307179586,real,113
61.2,left,0.82,42.86518589134638,5.106042750799246,39.685,3.133,8.053385307179585,real,105
61.2,left,0.78,40.864214652847814,9.595642633049504,39.685,3.133,8.053385307179585,real,107
61.2,left,0.77,37.63756495335053,13.865091861783121,39.685,3.133,8.053385307179585,real,109
61.2,left,0.94,33.516570368186805,18.2588480713436,39.685,3.133,8.053385307179585,real,111
61.2,left,0.94,27.773290696728655,21.875862947649136,39.685,3.133,8.053385307179585,real,112
61.2,right,0.92,35.66950890546114,3.8191889460484667,39.685,3.133,8.053385307179585,real,106
61.2,right,0.86,33.98534106207022,7.392384109384492,39.685,3.133,8.053385307179585,real,108
61.2,right,0.73,31.948507546128887,10.40358556865919,39.685,3.133,8.053385307179585,real,110
61.2,right,0.86,27.991233814901122,14.229520959662903,39.685,3.133,8.053385307179585,real,113
61.3,left,0.84,43.03993567563773,5.093624793425379,39.63,3.393,8.069785307179586,real,105
61.3,left,0.99,41.24390904838129,9.80737429400195,39.63,3.393,8.069785307179586,real,107
61.3,left,0.78,37.60985593015483,14.15402759670606,39.63,3.393,8.069785307179586,real,109
61.3,left,0.89,33.497927816017935,18.130772142709812,39.63,3.393,8.069785307179586,real,111
61.3,left,0.92,27.9025713011477,22.05156867804536,39.63,3.393,8.069785307179586,real,112
61.3,right,0.88,36.20369381697533,3.6257142887037475,39.63,3.393,8.069785307179586,real,106
61.3,right,0.85,34.15499618331798,7.563356604334611,39.63,3.393,8.069785307179586,real,108
61.3,right,0.81,31.692577856686626,10.618948361207579,39.63,3.393,8.069785307179586,real,110
61.3,right,0.79,28.115511998674034,13.958443060625536,39.63,3.393,8.069785307179586,real,113
61.4,left,0.84,42.51241109653533,4.936733731626449,39.571,3.652,8.085985307179586,real,105
61.4,left,0.86,40.90440382183597,10.181528256153978,39.571,3.652,8.085985307179586,real,107
61.4,left,0.9,37.35391776534368,14.166951039580324,39.571,3.652,8.085985307179586,real,109
61.4,left,0.84,33.397005382105526,18.085123239902376,39.571,3.652,8.085985307179586,real,111
61.4,left,0.93,27.926775673853385,21.497797988388626,39.571,3.652,8.085985307179586,real,112
61.4,right,0.92,35.93752825332957,3.578596552208058,39.571,3.652,8.085985307179586,real,106
61.4,right,0.88,34.26084856139586,7.4004781844223615,39.571,3.652,8.085985307179586,real,108
61.4,right,0.9,31.730982113134335,11.175944745519232,39.571,3.652,8.085985307179586,real,110
61.4,right,0.73,27.98030172544823,13.734097326861244,39.571,3.652,8.085985307179586,real,113
61.5,left,0.84,43.02920864013682,5.0210480677096125,39.508,3.911,8.102185307179585,real,105
61.5,left,0.96,40.91560527938816,9.876611148695378,39.508,3.911,8.102185307179585,real,107
61.5,left,0.85,37.60556486367273,14.507364591314676,39.508,3.911,8.102185307179585,real,109
61.5,left,0.92,33.48077036532342,18.408607386423334,39.508,3.911,8.102185307179585,real,111
61.5,left,0.87,28.14971494533213,21.521353137200528,39.508,3.911,8.102185307179585,real,112
61.5,right,0.79,36.010788226978164,3.8582476101254315,39.508,3.911,8.102185307179585,real,106
61.5,right,0.83,33.98262774199182,7.188044157534888,39.508,3.911,8.102185307179585,real,108
61.5,right,0.82,31.686360408768103,10.549961071197336,39.508,3.911,8.102185307179585,real,110
61.5,right,0.99,27.908279955268508,13.734412842991704,39.508,3.911,8.102185307179585,real,113
61.6,left,0.92,40.7662720289277,9.561736272550698,39.44,4.169,8.118285307179587,real,107
61.6,left,0.9,37.65889196003209,14.49011268952925,39.44,4.169,8.118285307179587,real,109
61.6,left,0.99,33.52810865681017,18.537547099352707,39.44,4.169,8.118285307179587,real,111
61.6,left,0.93,27.920085187159454,21.81534556232244,39.44,4.169,8.118285307179587,real,112
61.6,right,0.8,35.60718469034565,3.5056925282501004,39.44,4.169,8.118285307179587,real,106
61.6,right,0.81,34.22827164205221,7.06196189448856,39.44,4.169,8.118285307179587,real,108
61.6,right,0.9,31.556026858751444,10.788269560009736,39.44,4.169,8.118285307179587,real,110
61.6,right,0.99,27.91587369630185,13.71184852318281,39.44,4.169,8.118285307179587,real,113
61.7,left,0.93,40.89749740159417,9.781094012857515,39.368,4.427,8.134285307179587,real,107
61.7,left,0.77,37.56874254691802,14.41818104217559,39.368,4.427,8.134285307179587,real,109
61.7,left,0.94,33.445820062623824,18.20643488642909,39.368,4.427,8.134285307179587,real,111
61.7,left,0.89,28.204369449477557,21.925552452458515,39.368,4.427,8.134285307179587,real,112
61.7,right,0.84,36.06087379472105,3.7548591945453698,39.368,4.427,8.134285307179587,real,106
61.7,right,0.88,34.14130255059568,7.2273404743692105,39.368,4.427,8.134285307179587,real,108
61.7,right,0.85,31.62147317924097,10.626916468409956,39.368,4.427,8.134285307179587,real,110
61.7,right,0.87,27.878312258470032,13.750280731702546,39.368,4.427,8.134285307179587,real,113
61.7,right,0.91,23.405716184329087,16.555429098113674,39.368,4.427,8.134285307179587,real,114
61.8,left,0.78,40.95119588722155,9.875641445529892,39.291,4.685,8.150185307179587,real,107
61.8,left,0.87,37.68163553552621,14.049030009589304,39.291,4.685,8.150185307179587,real,109
61.8,left,0.81,33.56191859650216,18.339357775893202,39.291,4.685,8.150185307179587,real,111
61.8,left,0.85,27.894492210137727,21.89074273885346,39.291,4.685,8.150185307179587,real,112
61.8,right,0.91,35.89184124802499,3.7741488711805493,39.291,4.685,8.150185307179587,real,106
61.8,right,0.86,34.49334698774071,7.376832010724178,39.291,4.685,8.150185307179587,real,108
61.8,right,0.83,31.426173442227718,10.421125104646848,39.291,4.685,8.150185307179587,real,110
61.8,right,0.8,27.976010362466035,13.939262072283181,39.291,4.685,8.150185307179587,real,113
61.8,right,0.9,23.302671832101844,16.210044312088108,39.291,4.685,8.150185307179587,real,114
61.9,left,0.84,40.731637063573736,9.577940793334095,39.211,4.941,8.166085307179586,real,107
61.9,left,0.79,37.4991464051687,14.017861642102028,39.211,4.941,8.166085307179586,real,109
61.9,left,0.89,33.39759847517525,18.35706278723998,39.211,4.941,8.166085307179586,real,111
61.9,left,0.91,27.89265135896179,21.656082830782154,39.211,4.941,8.166085307179586,real,112
61.9,right,0.85,34.5296642106594,7.498075717971373,39.211,4.941,8.166085307179586,real,108
61.9,right,0.89,31.643396261109228,10.685814936194761,39.211,4.941,8.166085307179586,real,110
61.9,right,0.91,28.458885366573394,13.706925388095284,39.211,4.941,8.166085307179586,real,113
61.9,right,0.98,23.19898768077165,16.51024312515212,39.211,4.941,8.166085307179586,real,114
62.0,left,0.99,41.04928037654178,9.751704601004471,39.126,5.198,8.181785307179586,real,107
62.0,left,0.86,37.657727319094406,14.183743393537695,39.126,5.198,8.181785307179586,real,109
62.0,left,0.9,33.57561283554752,18.391503527292556,39.126,5.198,8.181785307179586,real,111
62.0,left,0.8,28.113158368336148,21.760162636440068,39.126,5.198,8.181785307179586,real,112
62.0,right,0.87,34.047760505845886,7.471021918067083,39.126,5.198,8.181785307179586,real,108
62.0,right,0.99,31.24264597626804,10.625864620318861,39.126,5.198,8.181785307179586,real,110
62.0,right,0.82,27.834449064536567,13.889319662274247,39.126,5.198,8.181785307179586,real,113
62.0,right,0.94,23.512067402271104,16.57043095532257,39.126,5.198,8.181785307179586,real,114
62.1,left,0.99,40.89374504502753,9.871391746015481,39.037,5.454,8.197485307179587,real,107
62.1,left,0.8,37.42314679158682,14.238669818592752,39.037,5.454,8.197485307179587,real,109
62.1,left,0.95,33.05860864241997,18.798105281944245,39.037,5.454,8.197485307179587,real,111
62.1,left,0.91,28.053097621934498,21.779479029698553,39.037,5.454,8.197485307179587,real,112
62.1,right,0.97,34.09432000127731,7.306591544357983,39.037,5.454,8.197485307179587,real,108
62.1,right,0.92,31.32966648154793,10.74538158096213,39.037,5.454,8.197485307179587,real,110
62.1,right,0.89,27.939039786448724,14.010187182292873,39.037,5.454,8.197485307179587,real,113
62.1,right,0.92,23.459555249156764,16.43840531091358,39.037,5.454,8.197485307179587,real,114
62.2,left,0.85,41.25001722478904,9.645514387694607,38.943,5.709,8.212985307179586,real,107
62.2,left,0.78,37.423212930514126,14.281559026534817,38.943,5.709,8.212985307179586,real,109
62.2,left,0.9,33.58028243510341,18.30594285607225,38.943,5.709,8.212985307179586,real,111
62.2,left,0.93,27.891080471146577,22.10424116101219,38.943,5.709,8.212985307179586,real,112
62.2,right,0.94,34.072276323752824,7.457162140547963,38.943,5.709,8.212985307179586,real,108
62.2,right,0.88,32.01812834435182,10.796335702782,38.943,5.709,8.212985307179586,real,110
62.2,right,0.93,28.124062906864612,13.76441123560922,38.943,5.709,8.212985307179586,real,113
62.2,right,0.91,23.328409198574413,16.317248776496314,38.943,5.709,8.212985307179586,real,114
62.3,left,0.84,40.81462998617034,9.91008699138727,38.845,5.963,8.228485307179586,real,107
62.3,left,0.96,37.64823227320559,14.29468452403854,38.845,5.963,8.228485307179586,real,109
62.3,left,0.88,33.025938598273754,18.49062377320375,38.845,5.963,8.228485307179586,real,111
62.3,left,0.94,27.725851482869018,21.945237147970992,38.845,5.963,8.228485307179586,real,112
62.3,right,0.86,34.58133073791194,7.505195001783322,38.845,5.963,8.228485307179586,real,108
62.3,right,0.91,31.2473175419168,10.602235526046817,38.845,5.963,8.228485307179586,real,110
62.3,right,0.94,28.143255999296876,13.956202571148479,38.845,5.963,8.228485307179586,real,113
62.3,right,0.85,23.415990692214045,16.565790990123986,38.845,5.963,8.228485307179586,real,114
62.4,left,0.75,40.98280031160836,9.549101373625822,38.743,6.217,8.243785307179586,real,107
62.4,left,0.81,37.772071578264814,14.253942391224838,38.743,6.217,8.243785307179586,real,109
62.4,left,0.84,33.279341744574076,18.32940023562283,38.743,6.217,8.243785307179586,real,111
62.4,left,0.81,28.19472673933482,21.41141309226308,38.743,6.217,8.243785307179586,real,112
62.4,right,0.83,34.2460570333089,7.350134570264046,38.743,6.217,8.243785307179586,real,108
62.4,right,0.89,31.710940130146625,10.834129301503014,38.743,6.217,8.243785307179586,real,110
62.4,right,0.93,27.916419766638292,13.854784066768417,38.743,6.217,8.243785307179586,real,113
62.4,right,0.87,23.640256267511447,16.408373643958782,38.743,6.217,8.243785307179586,real,114
62.5,left,0.88,40.96035495732545,9.821594059887214,38.637,6.47,8.258985307179586,real,107
62.5,left,0.86,37.783293622445974,14.255456853706375,38.637,6.47,8.258985307179586,real,109
62.5,left,0.83,33.44803999881896,18.137309120193194,38.637,6.47,8.258985307179586,real,111
62.5,left,0.9,28.016509076948406,22.01811958255334,38.637,6.47,8.258985307179586,real,112
62.5,right,0.93,34.248369151300736,7.4283085483523354,38.637,6.47,8.258985307179586,real,108
62.5,right,0.76,31.768661385768816,10.82177718642175,38.637,6.47,8.258985307179586,real,110
62.5,right,0.95,27.779238366506053,13.803037318207707,38.637,6.47,8.258985307179586,real,113
62.5,right,0.9,23.722915942486004,16.186583078706576,38.637,6.47,8.258985307179586,real,114
62.6,left,0.96,40.79508713537075,9.422808279557216,38.527,6.723,8.274085307179586,real,107
62.6,left,0.86,37.93213022745401,14.490816936161092,38.527,6.723,8.274085307179586,real,109
62.6,left,0.99,33.527221304284964,18.339947016917744,38.527,6.723,8.274085307179586,real,111
62.6,left,0.92,28.06246531826119,21.987264800333016,38.527,6.723,8.274085307179586,real,112
62.6,right,0.78,34.18674042437503,7.2375442801118215,38.527,6.723,8.274085307179586,real,108
62.6,right,0.86,31.66114634821181,10.596544066126883,38.527,6.723,8.274085307179586,real,110
62.6,right,0.92,28.182674954067764,13.671181729351868,38.527,6.723,8.274085307179586,real,113
62.6,right,0.89,23.185590287564622,16.45298201618037,38.527,6.723,8.274085307179586,real,114
62.7,left,0.98,41.15687637741274,9.423073461463423,38.412,6.975,8.289085307179587,real,107
62.7,left,0.74,37.60833516948717,14.35044926361756,38.412,6.975,8.289085307179587,real,109
62.7,left,0.93,33.45939978030193,18.27535220972544,38.412,6.975,8.289085307179587,real,111
62.7,left,0.88,27.899782266293922,21.80700594387541,38.412,6.975,8.289085307179587,real,112
62.7,right,0.82,34.34168368295449,7.385600875782127,38.412,6.975,8.289085307179587,real,108
62.7,right,0.83,31.61903431861135,10.604950723009347,38.412,6.975,8.289085307179587,real,110
62.7,right,0.94,28.158612239868056,14.09009075419115,38.412,6.975,8.289085307179587,real,113
62.7,right,0.75,23.88328471442133,16.581119567785564,38.412,6.975,8.289085307179587,real,114
62.8,left,0.79,40.99497667153619,9.725069240032015,38.293,7.226,8.303985307179586,real,107
62.8,left,0.82,37.674602594375486,14.088176961337915,38.293,7.226,8.303985307179586,real,109
62.8,left,0.82,33.431003304822255,18.21520798493143,38.293,7.226,8.303985307179586,real,111
62.8,left,0.91,27.828493069264127,21.87237834744757,38.293,7.226,8.303985307179586,real,112
62.8,right,0.83,34.255090265587064,7.317771328492567,38.293,7.226,8.303985307179586,real,108
62.8,right,0.92,31.59215701489672,10.761296775235738,38.293,7.226,8.303985307179586,real,110
62.8,right,0.87,27.8900407768792,13.730598942447248,38.293,7.226,8.303985307179586,real,113
62.8,right,0.8,23.771829980906308,16.09910054471235,38.293,7.226,8.303985307179586,real,114
62.9,left,0.87,40.930023662950006,10.340018048119818,38.17,7.476,8.318785307179587,real,107
62.9,left,0.73,37.75201380427139,14.301789664220568,38.17,7.476,8.318785307179587,real,109
62.9,left,0.98,33.13255483730798,18.331660239380685,38.17,7.476,8.318785307179587,real,111
62.9,left,0.89,27.792028794231946,21.72475905657223,38.17,7.476,8.318785307179587,real,112
62.9,right,0.84,34.4769291386833,7.070579707841912,38.17,7.476,8.318785307179587,real,108
62.9,right,0.89,31.5765741094901,10.7017340290783,38.17,7.476,8.318785307179587,real,110
62.9,right,0.99,27.696038171844805,13.849211405747322,38.17,7.476,8.318785307179587,real,113
62.9,right,0.86,23.48732263874897,16.544623352273838,38.17,7.476,8.318785307179587,real,114
63.0,left,0.9,40.842162426190455,10.178114629802527,38.042,7.725,8.333385307179586,real,107
63.0,left,0.77,37.83631024981346,14.193295658569435,38.042,7.725,8.333385307179586,real,109
63.0,left,0.97,33.51648593336159,18.173459332966644,38.042,7.725,8.333385307179586,real,111
63.0,left,0.89,28.141671968338986,21.691966380195346,38.042,7.725,8.333385307179586,real,112
63.0,right,0.99,33.843739486530154,7.538531072186579,38.042,7.725,8.333385307179586,real,108
63.0,right,0.86,31.858312742183763,10.80272479236222,38.042,7.725,8.333385307179586,real,110
63.0,right,0.75,27.856437218775746,14.21897219194379,38.042,7.725,8.333385307179586,real,113
63.0,right,0.73,23.217743270366213,16.323631891987656,38.042,7.725,8.333385307179586,real,114
63.1,left,0.96,40.9032519888993,9.898529302174481,37.911,7.974,8.347885307179586,real,107
63.1,left,0.92,37.87447396599953,14.621084086186979,37.911,7.974,8.347885307179586,real,109
63.1,left,0.96,33.23709687999797,18.120928334468285,37.911,7.974,8.347885307179586,real,111
63.1,left,0.91,28.1865160300457,21.835555378748154,37.911,7.974,8.347885307179586,real,112
63.1,right,0.94,34.30205997537328,7.325635211746295,37.911,7.974,8.347885307179586,real,108
63.1,right,0.9,31.47568335896616,11.007804167976717,37.911,7.974,8.347885307179586,real,110
63.1,right,0.99,28.02778954578638,13.627335662927024,37.911,7.974,8.347885307179586,real,113
63.1,right,0.82,23.28663223955855,16.594295621807913,37.911,7.974,8.347885307179586,real,114
63.2,left,0.86,37.743106514174826,14.215188200412358,37.775,8.222,8.362285307179587,real,109
63.2,left,0.99,33.17145324786607,18.165631645476267,37.775,8.222,8.362285307179587,real,111
63.2,left,0.9,28.201613302181965,21.84042972350486,37.775,8.222,8.362285307179587,real,112
63.2,right,0.95,34.71498491826768,7.316181199372227,37.775,8.222,8.362285307179587,real,108
63.2,right,0.75,31.32208348783956,10.784344529349472,37.775,8.222,8.362285307179587,real,110
63.2,right,0.76,27.976328980785436,14.139118408246084,37.775,8.222,8.362285307179587,real,113
63.2,right,0.94,23.52007525659202,16.468817905093754,37.775,8.222,8.362285307179587,real,114
63.2,right,0.83,18.25634436180762,18.67603630554538,37.775,8.222,8.362285307179587,real,115
63.3,left,0.87,37.80693012954722,14.38223384983667,37.635,8.468,8.376585307179585,real,109
63.3,left,0.82,33.12101035398339,18.25181533327642,37.635,8.468,8.376585307179585,real,111
63.3,left,0.96,27.813467044050544,21.82218254312853,37.635,8.468,8.376585307179585,real,112
63.3,left,0.86,21.965728313353896,24.60938252474275,37.635,8.468,8.376585307179585,real,116
63.3,right,0.96,34.27815461488722,7.269497993140174,37.635,8.468,8.376585307179585,real,108
63.3,right,0.8,31.51485680975442,10.580125311360733,37.635,8.468,8.376585307179585,real,110
63.3,right,0.79,28.073641758302212,13.801459812721744,37.635,8.468,8.376585307179585,real,113
63.3,right,0.83,23.38845774236309,16.095049082139557,37.635,8.468,8.376585307179585,real,114
63.3,right,0.84,18.065872659163002,18.455398215656864,37.635,8.468,8.376585307179585,real,115
63.4,left,0.87,37.65147218975195,14.343926613759384,37.491,8.714,8.390785307179586,real,109
63.4,left,0.89,33.35979536995529,18.166909621100647,37.491,8.714,8.390785307179586,real,111
63.4,left,0.87,28.02105839560244,21.87997432814223,37.491,8.714,8.390785307179586,real,112
63.4,left,0.81,21.246741631547607,24.751535816295608,37.491,8.714,8.390785307179586,real,116
63.4,right,0.82,34.104521170182856,7.515628548737782,37.491,8.714,8.390785307179586,real,108
63.4,right,0.79,31.676396472021192,10.684633353116801,37.491,8.714,8.390785307179586,real,110
63.4,right,0.83,27.936105337277148,13.800072844963042,37.491,8.714,8.390785307179586,real,113
63.4,right,0.78,23.61308708261667,16.306908932518873,37.491,8.714,8.390785307179586,real,114
63.4,right,0.85,18.188880388946423,18.579685152110876,37.491,8.714,8.390785307179586,real,115
63.5,left,0.88,37.89731429092252,13.748452752338105,37.343,8.959,8.404785307179587,real,109
63.5,left,0.85,33.56829201933438,18.240051484648667,37.343,8.959,8.404785307179587,real,111
63.5,left,0.86,28.02369751790101,21.81603831553533,37.343,8.959,8.404785307179587,real,112
63.5,left,0.8,21.5899256704523,24.722657797850886,37.343,8.959,8.404785307179587,real,116
63.5,right,0.81,34.538241044904346,7.51441971361551,37.343,8.959,8.404785307179587,real,108
63.5,right,0.8,31.71495815879542,11.09071035407029,37.343,8.959,8.404785307179587,real,110
63.5,right,0.87,27.771616958524174,14.132785333133652,37.343,8.959,8.404785307179587,real,113
63.5,right,0.99,23.449776438093167,16.36381391115784,37.343,8.959,8.404785307179587,real,114
63.5,right,0.9,18.268444820587412,18.7828080553085,37.343,8.959,8.404785307179587,real,115
63.6,left,0.87,37.73832358537189,14.284885564718635,37.191,9.203,8.418685307179587,real,109
63.6,left,0.92,33.16349287136159,18.019385389079062,37.191,9.203,8.418685307179587,real,111
63.6,left,0.85,27.850202331181535,21.77969383861257,37.191,9.203,8.418685307179587,real,112
63.6,left,0.9,21.686135795043192,24.603265289463323,37.191,9.203,8.418685307179587,real,116
63.6,right,0.9,31.59501257764218,10.808474935591661,37.191,9.203,8.418685307179587,real,110
63.6,right,0.97,27.81545506489087,13.788432822509714,37.191,9.203,8.418685307179587,real,113
63.6,right,0.89,23.484431307320985,16.532668455862876,37.191,9.203,8.418685307179587,real,114
63.6,right,0.98,18.42116283141479,18.73606522923225,37.191,9.203,8.418685307179587,real,115
63.7,left,0.92,37.677059825712234,14.065417407012097,37.035,9.446,8.432385307179587,real,109
63.7,left,0.82,33.54382363694602,18.113264193622648,37.035,9.446,8.432385307179587,real,111
63.7,left,0.85,27.817836157845715,21.540407083726087,37.035,9.446,8.432385307179587,real,112
63.7,left,0.85,21.802518033643157,24.876578671735345,37.035,9.446,8.432385307179587,real,116
63.7,right,0.91,31.519088601560057,10.659989474649741,37.035,9.446,8.432385307179587,real,110
63.7,right,0.91,28.333463597881405,13.364347131457986,37.035,9.446,8.432385307179587,real,113
63.7,right,0.77,23.88796815564615,16.34845374367304,37.035,9.446,8.432385307179587,real,114
63.7,right,0.79,18.67900806649473,18.535536684401997,37.035,9.446,8.432385307179587,real,115
63.8,left,0.83,37.673715240357055,14.166079718453144,36.875,9.688,8.446085307179587,real,109
63.8,left,0.82,33.24666130923862,18.483219800842047,36.875,9.688,8.446085307179587,real,111
63.8,left,0.85,27.90247150657442,21.633937235506732,36.875,9.688,8.446085307179587,real,112
63.8,left,0.93,21.539619729816614,24.365835159480103,36.875,9.688,8.446085307179587,real,116
63.8,right,0.94,31.569836471597565,10.829459126254028,36.875,9.688,8.446085307179587,real,110
63.8,right,0.8,28.04794470213715,13.822347925425664,36.875,9.688,8.446085307179587,real,113
63.8,right,0.86,23.58976911704359,16.32769429917833,36.875,9.688,8.446085307179587,real,114
63.8,right,0.81,18.451403148314718,18.65995675683807,36.875,9.688,8.446085307179587,real,115
63.9,left,0.82,37.59782681615502,14.457813480870684,36.71,9.929,8.459585307179587,real,109
63.9,left,0.87,33.25958432048612,18.355380933625344,36.71,9.929,8.459585307179587,real,111
63.9,left,0.8,27.903246312967703,21.720740223391243,36.71,9.929,8.459585307179587,real,112
63.9,left,0.9,21.99092751979866,24.90183240815109,36.71,9.929,8.459585307179587,real,116
63.9,right,0.94,31.721190187539896,11.010394310647968,36.71,9.929,8.459585307179587,real,110
63.9,right,0.88,27.747620276887798,13.857790869815704,36.71,9.929,8.459585307179587,real,113
63.9,right,0.91,23.203144742219315,16.50207226838122,36.71,9.929,8.459585307179587,real,114
63.9,right,0.85,18.058681004335106,18.76741415198167,36.71,9.929,8.459585307179587,real,115
64.0,left,0.86,37.933847352588295,14.284341816114516,36.542,10.168,8.472985307179586,real,109
64.0,left,0.83,33.17500935085837,18.29291224374718,36.542,10.168,8.472985307179586,real,111
64.0,left,0.79,27.719118671850218,21.809809441379205,36.542,10.168,8.472985307179586,real,112
64.0,left,0.8,21.943708251054147,24.803176186594385,36.542,10.168,8.472985307179586,real,116
64.0,right,0.92,31.31586106893105,10.642756646257236,36.542,10.168,8.472985307179586,real,110
64.0,right,0.9,27.93756580305122,13.799255037914353,36.542,10.168,8.472985307179586,real,113
64.0,right,0.91,23.673046458272996,16.43490519641648,36.542,10.168,8.472985307179586,real,114
64.0,right,0.95,18.37941330910838,18.719258076788847,36.542,10.168,8.472985307179586,real,115
64.1,left,0.94,37.80354678398854,14.165033465064958,36.369,10.407,8.486185307179586,real,109
64.1,left,0.89,33.03982896296308,18.182506491937005,36.369,10.407,8.486185307179586,real,111
64.1,left,0.98,27.790144119215523,21.656834922199064,36.369,10.407,8.486185307179586,real,112
64.1,left,0.97,21.689553175540155,24.36532733273782,36.369,10.407,8.486185307179586,real,116
64.1,right,0.84,31.68369212734872,10.53013869607866,36.369,10.407,8.486185307179586,real,110
64.1,right,0.95,27.994686887953083,13.54240633752613,36.369,10.407,8.486185307179586,real,113
64.1,right,0.96,23.525854537075663,16.592086225604785,36.369,10.407,8.486185307179586,real,114
64.1,right,0.84,18.197305780740475,18.591811494575175,36.369,10.407,8.486185307179586,real,115
64.2,left,0.92,37.78997823010608,14.020844463780831,36.193,10.644,8.499385307179587,real,109
64.2,left,0.9,33.04289489456917,17.94961994800843,36.193,10.644,8.499385307179587,real,111
64.2,left,0.81,27.907210429325865,21.563255523638404,36.193,10.644,8.499385307179587,real,112
64.2,left,0.89,21.8333753652678,24.519305018254272,36.193,10.644,8.499385307179587,real,116
64.2,right,0.9,31.810292786642272,10.591061526446893,36.193,10.644,8.499385307179587,real,110
64.2,right,0.93,27.682642865303603,13.767014159417496,36.193,10.644,8.499385307179587,real,113
64.2,right,0.87,23.23277791514938,16.424952820370553,36.193,10.644,8.499385307179587,real,114
64.2,right,0.81,18.16900075266537,18.825923009420258,36.193,10.644,8.499385307179587,real,115
64.2,left,0.28,38.8129618894298,19.917201426580544,36.193,10.644,8.499385307179587,ghost,117
64.3,left,0.77,38.026649084283534,14.500202586947031,36.013,10.881,8.512285307179585,real,109
64.3,left,0.84,33.43169319411834,18.138386525045295,36.013,10.881,8.512285307179585,real,111
64.3,left,0.92,27.82318068539403,21.671556268983863,36.013,10.881,8.512285307179585,real,112
64.3,left,0.99,21.764645467598477,24.851626081854498,36.013,10.881,8.512285307179585,real,116
64.3,right,0.86,31.60633014655093,10.542335265043462,36.013,10.881,8.512285307179585,real,110
64.3,right,0.92,27.675691626657134,13.839715107574058,36.013,10.881,8.512285307179585,real,113
64.3,right,0.82,23.76699072056367,16.27672541257979,36.013,10.881,8.512285307179585,real,114
64.3,right,0.9,18.163288101713487,18.62023601837862,36.013,10.881,8.512285307179585,real,115
64.4,left,0.74,37.633429592953526,14.353050661464488,35.828,11.116,8.525185307179587,real,109
64.4,left,0.84,33.262523288247706,18.137632946933113,35.828,11.116,8.525185307179587,real,111
64.4,left,0.82,28.01547789647738,21.525194703816933,35.828,11.116,8.525185307179587,real,112
64.4,left,0.9,21.819255930088467,24.530518537156613,35.828,11.116,8.525185307179587,real,116
64.4,right,0.86,31.330452860646048,10.401948370711878,35.828,11.116,8.525185307179587,real,110
64.4,right,0.83,27.868369756030503,13.801156304442271,35.828,11.116,8.525185307179587,real,113
64.4,right,0.94,23.60040622205248,16.26788435443761,35.828,11.116,8.525185307179587,real,114
64.4,right,0.93,18.001956418634247,18.41603700232053,35.828,11.116,8.525185307179587,real,115
64.4,unknown,0.36,30.955794662746932,10.933174532291853,35.828,11.116,8.525185307179587,ghost,118
64.5,left,0.83,37.75644317641459,14.296114098436808,35.64,11.35,8.537985307179586,real,109
64.5,left,0.9,33.202936272633345,18.31603261467772,35.64,11.35,8.537985307179586,real,111
64.5,left,0.87,27.922611324593046,21.724019328722136,35.64,11.35,8.537985307179586,real,112
64.5,left,0.89,21.925674662422754,24.76709009193449,35.64,11.35,8.537985307179586,real,116
64.5,right,0.69,31.79801680950081,10.58520514912713,35.64,11.35,8.537985307179586,real,110
64.5,right,0.89,28.203113780579827,13.883547189100353,35.64,11.35,8.537985307179586,real,113
64.5,right,0.93,23.728548424683716,16.59759119681547,35.64,11.35,8.537985307179586,real,114
64.5,right,0.85,18.34587091458779,18.71317358053572,35.64,11.35,8.537985307179586,real,115
64.6,left,0.88,37.54652016329642,14.469054056341577,35.448,11.582,8.550585307179587,real,109
64.6,left,0.85,33.35325554111906,18.54523140876329,35.448,11.582,8.550585307179587,real,111
64.6,left,0.92,27.771733167349087,21.77172563487082,35.448,11.582,8.550585307179587,real,112
64.6,left,0.99,21.98379916620434,24.800785719846438,35.448,11.582,8.550585307179587,real,116
64.6,right,0.84,31.63318274080315,10.938411405528472,35.448,11.582,8.550585307179587,real,110
64.6,right,0.83,27.919787708814027,13.78632772038017,35.448,11.582,8.550585307179587,real,113
64.6,right,0.9,23.13269204046681,16.487047080493568,35.448,11.582,8.550585307179587,real,114
64.6,right,0.86,18.323666863448526,18.726151778091307,35.448,11.582,8.550585307179587,real,115
64.7,left,0.84,37.878020741915066,14.151378031691038,35.252,11.814,8.563085307179586,real,109
64.7,left,0.99,33.41381621983991,18.6788637561394,35.252,11.814,8.563085307179586,real,111
64.7,left,0.79,27.786165435592498,21.716674752656388,35.252,11.814,8.563085307179586,real,112
64.7,left,0.86,21.9218158975593,24.812293187762663,35.252,11.814,8.563085307179586,real,116
64.7,right,0.89,31.83532893398542,10.711446678541684,35.252,11.814,8.563085307179586,real,110
64.7,right,0.86,27.922207367407694,14.163545692936303,35.252,11.814,8.563085307179586,real,113
64.7,right,0.99,23.410326044149986,16.545891579838173,35.252,11.814,8.563085307179586,real,114
64.7,right,0.76,18.191012536524582,18.746871250148423,35.252,11.814,8.563085307179586,real,115
64.7,right,0.96,12.345414757101157,20.27875525398159,35.252,11.814,8.563085307179586,real,119
64.8,left,0.9,33.1012665328711,18.422732392899334,35.052,12.044,8.575385307179586,real,111
64.8,left,0.88,27.80184188395175,22.058537996947223,35.052,12.044,8.575385307179586,real,112
64.8,left,0.91,22.03695475880941,24.777538996279166,35.052,12.044,8.575385307179586,real,116
64.8,right,0.97,31.76773337516212,10.549673818413131,35.052,12.044,8.575385307179586,real,110
64.8,right,0.78,27.762593609193694,13.805653617960168,35.052,12.044,8.575385307179586,real,113
64.8,right,0.8,23.309574737355053,16.330761125978178,35.052,12.044,8.575385307179586,real,114
64.8,right,0.8,18.363509336986763,18.824402450483305,35.052,12.044,8.575385307179586,real,115
64.8,right,0.88,12.490490861715026,20.353579676679416,35.052,12.044,8.575385307179586,real,119
64.9,left,0.94,33.38295952283744,18.341811359675056,34.849,12.273,8.587685307179587,real,111
64.9,left,0.86,28.028538327043123,21.883682991740297,34.849,12.273,8.587685307179587,real,112
64.9,left,0.84,21.831541212262543,24.563550667466323,34.849,12.273,8.587685307179587,real,116
64.9,right,0.89,31.61608949936056,10.796174453479606,34.849,12.273,8.587685307179587,real,110
64.9,right,0.79,27.681230915355354,13.898533865907595,34.849,12.273,8.587685307179587,real,113
64.9,right,0.92,23.652722998385336,16.408850372428223,34.849,12.273,8.587685307179587,real,114
64.9,right,0.93,17.991276989585977,18.32746578189667,34.849,12.273,8.587685307179587,real,115
64.9,right,0.86,12.702207608357504,20.09440836176491,34.849,12.273,8.587685307179587,real,119
65.0,left,0.99,33.40040698699725,18.28615744480642,34.641,12.5,8.599785307179587,real,111
65.0,left,0.81,28.09827817668988,21.850517426473335,34.641,12.5,8.599785307179587,real,112
65.0,left,0.96,21.772468208692946,24.350771263344836,34.641,12.5,8.599785307179587,real,116
65.0,right,0.87,31.505723053844406,10.544387699234516,34.641,12.5,8.599785307179587,real,110
65.0,right,0.74,28.003649493623147,13.781264709378583,34.641,12.5,8.599785307179587,real,113
65.0,right,0.91,23.55943903001884,16.29755927782441,34.641,12.5,8.599785307179587,real,114
65.0,right,0.9,18.262298439846838,18.648082319181842,34.641,12.5,8.599785307179587,real,115
65.0,right,0.89,12.028498628484911,20.291251486329287,34.641,12.5,8.599785307179587,real,119
65.1,left,0.95,33.35263899755307,18.235071906447274,34.43,12.726,8.611785307179586,real,111
65.1,left,0.8,28.172494238782917,21.87319687381523,34.43,12.726,8.611785307179586,real,112
65.1,left,0.81,22.041749833545637,24.54157429045848,34.43,12.726,8.611785307179586,real,116
65.1,right,0.88,31.54142507573818,10.714017915853672,34.43,12.726,8.611785307179586,real,110
65.1,right,0.9,27.873927337745187,13.670216207886241,34.43,12.726,8.611785307179586,real,113
65.1,right,0.85,23.47695797462852,16.28720195867156,34.43,12.726,8.611785307179586,real,114
65.1,right,0.82,18.61697816403781,18.42887799408185,34.43,12.726,8.611785307179586,real,115
65.1,right,0.92,12.492743109227373,19.923538822976155,34.43,12.726,8.611785307179586,real,119
65.1,unknown,0.44,26.448307095774982,19.324716798184635,34.43,12.726,8.611785307179586,ghost,120
65.2,left,0.94,33.18283843163123,18.255707955842862,34.215,12.951,8.623585307179585,real,111
65.2,left,0.77,27.974059641111243,21.59532492660899,34.215,12.951,8.623585307179585,real,112
65.2,left,0.88,21.6506312744223,24.74887652621119,34.215,12.951,8.623585307179585,real,116
65.2,right,0.82,31.566463865921868,10.661921070281224,34.215,12.951,8.623585307179585,real,110
65.2,right,0.95,27.798695487969876,13.761667261520921,34.215,12.951,8.623585307179585,real,113
65.2,right,0.85,23.572933756067236,16.027792982920154,34.215,12.951,8.623585307179585,real,114
65.2,right,0.99,18.277063730566883,18.5548041963909,34.215,12.951,8.623585307179585,real,115
65.2,right,0.95,12.780240675034534,20.537620702315756,34.215,12.951,8.623585307179585,real,119
65.3,left,0.98,33.34590865541579,18.243764416981985,33.996,13.174,8.635385307179586,real,111
65.3,left,0.85,27.85294117717038,21.754598831040585,33.996,13.174,8.635385307179586,real,112
65.3,left,0.99,21.67464872984883,24.701066620677793,33.996,13.174,8.635385307179586,real,116
65.3,right,0.94,28.281571980522976,13.464821956213537,33.996,13.174,8.635385307179586,real,113
65.3,right,0.96,23.555324391267824,16.674192256608908,33.996,13.174,8.635385307179586,real,114
65.3,right,0.84,17.995816226865788,18.573783257310666,33.996,13.174,8.635385307179586,real,115
65.3,right,0.87,12.606287285073392,20.36450707342027,33.996,13.174,8.635385307179586,real,119
65.4,left,0.81,33.31773050365952,18.30777877002842,33.773,13.396,8.646985307179586,real,111
65.4,left,0.93,28.094770320607296,21.76338463966273,33.773,13.396,8.646985307179586,real,112
65.4,left,0.84,21.788287980580193,24.966790716782253,33.773,13.396,8.646985307179586,real,116
65.4,right,0.9,27.720708886235183,13.766466292992213,33.773,13.396,8.646985307179586,real,113
65.4,right,0.86,23.771994374148015,16.477966007547284,33.773,13.396,8.646985307179586,real,114
65.4,right,0.94,18.453423205806956,18.46555568534579,33.773,13.396,8.646985307179586,real,115
65.4,right,0.79,12.452290649293591,20.38431258478757,33.773,13.396,8.646985307179586,real,119
65.5,left,0.9,33.280764196099575,18.333126614446712,33.547,13.616,8.658485307179586,real,111
65.5,left,0.98,28.248372240691836,21.87074632367882,33.547,13.616,8.658485307179586,real,112
65.5,left,0.97,22.113373844667848,24.558417189090562,33.547,13.616,8.658485307179586,real,116
65.5,right,0.99,27.726222741319692,13.627836588621333,33.547,13.616,8.658485307179586,real,113
65.5,right,0.89,23.09162026304932,16.44531149860903,33.547,13.616,8.658485307179586,real,114
65.5,right,0.8,18.269168464426762,18.397076507507897,33.547,13.616,8.658485307179586,real,115
65.5,right,0.88,12.810517662007726,20.11036965733662,33.547,13.616,8.658485307179586,real,119
65.6,left,0.88,33.314972511256286,18.35262392074522,33.317,13.835,8.669885307179586,real,111
65.6,left,0.85,27.78995195394649,22.176088951486854,33.317,13.835,8.669885307179586,real,112
65.6,left,0.91,21.57467958149353,24.60182066299639,33.317,13.835,8.669885307179586,real,116
65.6,right,0.95,27.927198805938314,13.667700602238899,33.317,13.835,8.669885307179586,real,113
65.6,right,0.91,23.686219648273305,16.631904506198776,33.317,13.835,8.669885307179586,real,114
65.6,right,0.85,18.343588266477376,18.651314053133056,33.317,13.835,8.669885307179586,real,115
65.6,right,0.85,12.302552148502084,20.35158127369518,33.317,13.835,8.669885307179586,real,119
65.7,left,0.86,33.37007637998896,18.541785312467894,33.083,14.052,8.681185307179586,real,111
65.7,left,0.79,28.024138823035948,22.25877894135122,33.083,14.052,8.681185307179586,real,112
65.7,left,0.99,21.79604749429107,24.579332194524444,33.083,14.052,8.681185307179586,real,116
65.7,right,0.96,27.79705884980608,14.135211517752284,33.083,14.052,8.681185307179586,real,113
65.7,right,0.99,23.622171228310478,16.182833393949828,33.083,14.052,8.681185307179586,real,114
65.7,right,0.99,18.46607391642914,18.457639212126406,33.083,14.052,8.681185307179586,real,115
65.7,right,0.91,12.42660486169693,20.12648268499379,33.083,14.052,8.681185307179586,real,119
65.8,left,0.89,33.661698669644736,18.472788303867368,32.846,14.268,8.692385307179586,real,111
65.8,left,0.97,27.868508658232752,21.53315911337337,32.846,14.268,8.692385307179586,real,112
65.8,left,0.98,21.419025649855943,24.68475219063744,32.846,14.268,8.692385307179586,real,116
65.8,left,0.88,14.879226688623234,26.442258818408604,32.846,14.268,8.692385307179586,real,121
65.8,right,0.85,27.98973509404537,13.802876185093178,32.846,14.268,8.692385307179586,real,113
65.8,right,0.94,23.545885648776387,16.06812056656344,32.846,14.268,8.692385307179586,real,114
65.8,right,0.86,18.20462695950263,18.404713730607522,32.846,14.268,8.692385307179586,real,115
65.8,right,0.93,12.403370710939903,20.1490043997656,32.846,14.268,8.692385307179586,real,119
65.9,left,0.96,33.36812261999045,18.11904686069054,32.605,14.482,8.703385307179586,real,111
65.9,left,0.88,27.8955115416638,21.55269695721703,32.605,14.482,8.703385307179586,real,112
65.9,left,0.92,21.641406579894042,24.532380854405933,32.605,14.482,8.703385307179586,real,116
65.9,left,0.92,14.717600444747811,27.071640707770964,32.605,14.482,8.703385307179586,real,121
65.9,right,0.83,27.790378405268616,14.006196574679988,32.605,14.482,8.703385307179586,real,113
65.9,right,0.75,23.27569829609402,16.445492479613062,32.605,14.482,8.703385307179586,real,114
65.9,right,0.82,17.859880459977227,18.58399643471794,32.605,14.482,8.703385307179586,real,115
65.9,right,0.94,12.494790790854028,19.997354436877156,32.605,14.482,8.703385307179586,real,119
66.0,left,0.72,33.3689048797126,18.46586313109499,32.361,14.695,8.714385307179587,real,111
66.0,left,0.97,27.72863264767038,21.864068120269934,32.361,14.695,8.714385307179587,real,112
66.0,left,0.76,21.64371319259979,24.498485935519337,32.361,14.695,8.714385307179587,real,116
66.0,left,0.92,14.546529142441491,26.788795643436295,32.361,14.695,8.714385307179587,real,121
66.0,right,0.95,27.705489973655094,13.61336309484093,32.361,14.695,8.714385307179587,real,113
66.0,right,0.93,23.550296604575784,16.565104456403517,32.361,14.695,8.714385307179587,real,114
66.0,right,0.91,18.327865617274576,18.26237626223665,32.361,14.695,8.714385307179587,real,115
66.0,right,0.95,12.444399601992767,20.178722694128336,32.361,14.695,8.714385307179587,real,119
66.1,left,0.9,32.97077622361785,18.02802129239951,32.113,14.906,8.725185307179586,real,111
66.1,left,0.91,27.79032542042382,21.61148420914447,32.113,14.906,8.725185307179586,real,112
66.1,left,0.88,21.957850125005937,24.920269020573,32.113,14.906,8.725185307179586,real,116
66.1,left,0.85,15.030551757633358,26.732478260533217,32.113,14.906,8.725185307179586,real,121
66.1,right,0.95,27.62439681415971,13.911676893527853,32.113,14.906,8.725185307179586,real,113
66.1,right,0.75,23.612933756270493,16.281294823741515,32.113,14.906,8.725185307179586,real,114
66.1,right,0.9,18.424454578216782,18.580187561322603,32.113,14.906,8.725185307179586,real,115
66.1,right,0.89,12.209855135640268,19.84618233553284,32.113,14.906,8.725185307179586,real,119
66.2,left,0.85,33.26968230007943,17.96301319825645,31.861,15.115,8.735885307179586,real,111
66.2,left,0.76,28.042730842935487,21.776318911762885,31.861,15.115,8.735885307179586,real,112
66.2,left,0.85,21.691196259044904,24.694331493922515,31.861,15.115,8.735885307179586,real,116
66.2,left,0.93,14.802688175404198,27.060941808616636,31.861,15.115,8.735885307179586,real,121
66.2,right,0.9,27.81254220014544,13.733479662546813,31.861,15.115,8.735885307179586,real,113
66.2,right,0.89,23.697933314797353,16.396326770552562,31.861,15.115,8.735885307179586,real,114
66.2,right,0.89,18.257292526006353,18.806483571954427,31.861,15.115,8.735885307179586,real,115
66.2,right,0.87,12.28109285945622,20.445147218199764,31.861,15.115,8.735885307179586,real,119
66.3,left,0.84,33.409799420822715,18.122920650561305,31.606,15.323,8.746585307179586,real,111
66.3,left,0.81,27.95153326791779,21.93493200994266,31.606,15.323,8.746585307179586,real,112
66.3,left,0.97,21.796658841404106,24.686266739459928,31.606,15.323,8.746585307179586,real,116
66.3,left,0.91,14.704619948775589,26.860959670759538,31.606,15.323,8.746585307179586,real,121
66.3,right,0.86,27.41666655328122,13.483198306283162,31.606,15.323,8.746585307179586,real,113
66.3,right,0.79,23.37596145807745,16.877390748322107,31.606,15.323,8.746585307179586,real,114
66.3,right,0.87,18.156568629343695,18.496197252930557,31.606,15.323,8.746585307179586,real,115
66.3,right,0.91,12.188130384831908,19.92486968615275,31.606,15.323,8.746585307179586,real,119
66.4,left,0.9,33.56446521208487,18.233376816129287,31.348,15.529,8.757085307179587,real,111
66.4,left,0.81,27.809462407547624,21.891255944773153,31.348,15.529,8.757085307179587,real,112
66.4,left,0.9,21.704146984383748,24.730169219897505,31.348,15.529,8.757085307179587,real,116
66.4,left,0.84,14.884299117972464,26.530462551275882,31.348,15.529,8.757085307179587,real,121
66.4,right,0.91,27.914565008929937,13.981599223828642,31.348,15.529,8.757085307179587,real,113
66.4,right,0.81,23.164217849561464,16.31498900384395,31.348,15.529,8.757085307179587,real,114
66.4,right,0.98,18.443439497529468,18.66326789507176,31.348,15.529,8.757085307179587,real,115
66.4,right,0.84,12.27404413179263,20.201550645811935,31.348,15.529,8.757085307179587,real,119
66.5,left,0.79,28.36684752844717,21.90408700606693,31.086,15.733,8.767485307179587,real,112
66.5,left,0.98,21.674946990158066,24.683840086044725,31.086,15.733,8.767485307179587,real,116
66.5,left,0.87,14.686330278986619,26.833625299580063,31.086,15.733,8.767485307179587,real,121
66.5,right,0.85,27.935041702473303,13.843475507634881,31.086,15.733,8.767485307179587,real,113
66.5,right,0.84,23.201339915141627,16.348596739953372,31.086,15.733,8.767485307179587,real,114
66.5,right,0.89,17.98378218308239,18.707977021431716,31.086,15.733,8.767485307179587,real,115
66.5,right,0.81,12.479150246550482,20.251838816837306,31.086,15.733,8.767485307179587,real,119
66.6,left,0.87,28.053191346731772,22.239302329643845,30.821,15.936,8.777785307179586,real,112
66.6,left,0.88,21.80492607532709,24.63733300045649,30.821,15.936,8.777785307179586,real,116
66.6,left,0.82,14.782210790922424,26.793266216998486,30.821,15.936,8.777785307179586,real,121
66.6,right,0.79,27.87574461987479,13.805870486133887,30.821,15.936,8.777785307179586,real,113
66.6,right,0.92,23.455038579202995,16.53272216929671,30.821,15.936,8.777785307179586,real,114
66.6,right,0.73,18.032194414335105,18.5916687843303,30.821,15.936,8.777785307179586,real,115
66.6,right,0.9,12.39783271060833,20.21635127379619,30.821,15.936,8.777785307179586,real,119
66.7,left,0.75,27.534432903358823,21.72588271945562,30.552,16.136,8.787985307179586,real,112
66.7,left,0.87,22.008476113090328,24.77168089925767,30.552,16.136,8.787985307179586,real,116
66.7,left,0.87,14.69343770259157,26.959057879324856,30.552,16.136,8.787985307179586,real,121
66.7,right,0.76,27.77321588060127,13.411297480865587,30.552,16.136,8.787985307179586,real,113
66.7,right,0.75,23.509214848242497,16.557363627030245,30.552,16.136,8.787985307179586,real,114
66.7,right,0.98,18.39742932131054,18.44611419993524,30.552,16.136,8.787985307179586,real,115
66.7,right,0.84,12.66580918525364,20.24850472808032,30.552,16.136,8.787985307179586,real,119
66.7,left,0.26,21.43465225089858,27.873901261382088,30.552,16.136,8.787985307179586,ghost,122
66.8,left,0.86,27.851205123087297,21.931768083639867,30.28,16.336,8.798085307179587,real,112
66.8,left,0.99,21.897935863659026,24.69409773897544,30.28,16.336,8.798085307179587,real,116
66.8,left,0.92,14.572530617731223,26.54863676065534,30.28,16.336,8.798085307179587,real,121
66.8,right,0.89,27.863201641750358,13.85242843961326,30.28,16.336,8.798085307179587,real,113
66.8,right,0.74,23.42118174284824,16.434133151186153,30.28,16.336,8.798085307179587,real,114
66.8,right,0.91,18.510401347190275,18.450279203837443,30.28,16.336,8.798085307179587,real,115
66.8,right,0.92,12.407634638163106,19.96772030489861,30.28,16.336,8.798085307179587,real,119
66.9,left,0.81,27.79704199850505,21.724707462833152,30.004,16.533,8.808085307179587,real,112
66.9,left,0.81,21.549122992833787,24.577655604417885,30.004,16.533,8.808085307179587,real,116
66.9,left,0.82,14.542944412549522,26.736228906663143,30.004,16.533,8.808085307179587,real,121
66.9,right,0.87,27.958457232032007,13.765174177370652,30.004,16.533,8.808085307179587,real,113
66.9,right,0.92,23.53768968842217,16.629503649579785,30.004,16.533,8.808085307179587,real,114
66.9,right,0.97,18.232967524562365,18.64463336358197,30.004,16.533,8.808085307179587,real,115
66.9,right,0.83,12.247455779332387,19.91904818918389,30.004,16.533,8.808085307179587,real,119
66.9,right,0.82,6.404731555945656,21.151075238176702,30.004,16.533,8.808085307179587,real,123
67.0,left,0.73,27.819400320039133,21.848276814819013,29.726,16.728,8.817985307179587,real,112
67.0,left,0.87,21.578601755049462,24.807231574733887,29.726,16.728,8.817985307179587,real,116
67.0,left,0.85,14.895210864321909,26.65159222323513,29.726,16.728,8.817985307179587,real,121
67.0,right,0.84,23.176028941748744,16.26910552839362,29.726,16.728,8.817985307179587,real,114
67.0,right,0.87,17.832062224720183,18.47526706538293,29.726,16.728,8.817985307179587,real,115
67.0,right,0.77,12.324491804983072,20.286158026108275,29.726,16.728,8.817985307179587,real,119
67.0,right,0.83,6.221158010161679,21.142341177654185,29.726,16.728,8.817985307179587,real,123
67.0,left,0.27,15.663983553817499,23.52750170727921,29.726,16.728,8.817985307179587,ghost,124
67.1,left,0.88,27.830677739531342,21.71377537911329,29.444,16.922,8.827785307179585,real,112
67.1,left,0.91,21.412353183562818,24.870990591013086,29.444,16.922,8.827785307179585,real,116
67.1,left,0.92,14.98606236019899,26.741043599232324,29.444,16.922,8.827785307179585,real,121
67.1,right,0.84,23.27716552749538,16.27599490038492,29.444,16.922,8.827785307179585,real,114
67.1,right,0.83,17.951148461905593,18.514199586522082,29.444,16.922,8.827785307179585,real,115
67.1,right,0.93,12.06044794952985,20.168920249805208,29.444,16.922,8.827785307179585,real,119
67.1,right,0.94,6.290561529296294,21.19377667760591,29.444,16.922,8.827785307179585,real,123
67.2,left,0.89,28.063571932555096,21.77814293831717,29.159,17.114,8.837585307179586,real,112
67.2,left,0.95,21.857013883131096,24.879160703363056,29.159,17.114,8.837585307179586,real,116
67.2,left,0.92,14.96836689840483,26.71518649834027,29.159,17.114,8.837585307179586,real,121
67.2,right,0.84,23.434123415402752,16.541904648567936,29.159,17.114,8.837585307179586,real,114
67.2,right,0.99,18.034243420748584,18.438211860844913,29.159,17.114,8.837585307179586,real,115
67.2,right,0.99,12.380897947674864,19.95184786797373,29.159,17.114,8.837585307179586,real,119
67.2,right,0.91,6.588134602961391,21.355262928511422,29.159,17.114,8.837585307179586,real,123
67.3,left,0.75,28.458459891574872,21.7200837559038,28.87,17.304,8.847185307179586,real,112
67.3,left,0.86,21.632832698963764,24.69921104883504,28.87,17.304,8.847185307179586,real,116
67.3,left,0.84,15.1194011029566,26.783757484905863,28.87,17.304,8.847185307179586,real,121
67.3,right,0.93,23.186698288871717,16.140367042282517,28.87,17.304,8.847185307179586,real,114
67.3,right,0.97,18.089282832456366,18.40496428344878,28.87,17.304,8.847185307179586,real,115
67.3,right,0.85,12.623882993237554,20.022520958643504,28.87,17.304,8.847185307179586,real,119
67.3,right,0.95,6.37647487516219,20.958494145335315,28.87,17.304,8.847185307179586,real,123
67.4,left,0.89,27.75324432283896,21.681295473183567,28.579,17.492,8.856685307179585,real,112
67.4,left,0.93,21.585168381042017,24.786636062591715,28.579,17.492,8.856685307179585,real,116
67.4,left,0.97,14.7228258414294,26.70389631332009,28.579,17.492,8.856685307179585,real,121
67.4,right,0.72,23.572198221355265,16.44302147335614,28.579,17.492,8.856685307179585,real,114
67.4,right,0.95,17.950617513969117,18.50316305837982,28.579,17.492,8.856685307179585,real,115
67.4,right,0.79,12.557292716296534,20.28711586796026,28.579,17.492,8.856685307179585,real,119
67.4,right,0.8,6.0452221392984935,21.303404114569684,28.579,17.492,8.856685307179585,real,123
67.5,left,0.81,28.14383924289881,22.03681634875442,28.284,17.678,8.866185307179586,real,112
67.5,left,0.8,21.799098754096583,24.615430924404247,28.284,17.678,8.866185307179586,real,116
67.5,left,0.85,14.753067221216776,26.66064989499478,28.284,17.678,8.866185307179586,real,121
67.5,right,0.85,23.55185884077792,16.57069469016158,28.284,17.678,8.866185307179586,real,114
67.5,right,0.77,18.396437939928845,18.854107779177333,28.284,17.678,8.866185307179586,real,115
67.5,right,0.93,12.338753959456369,20.0693549938325,28.284,17.678,8.866185307179586,real,119
67.5,right,0.94,6.281918609287198,21.189732403878363,28.284,17.678,8.866185307179586,real,123
67.6,left,0.85,28.134120691161637,22.100488940911855,27.987,17.862,8.875585307179586,real,112
67.6,left,0.82,21.875164838181423,24.695221418537386,27.987,17.862,8.875585307179586,real,116
67.6,left,0.85,14.817651008678167,26.582812355782607,27.987,17.862,8.875585307179586,real,121
67.6,right,0.9,23.847915495234503,16.45698417716732,27.987,17.862,8.875585307179586,real,114
67.6,right,0.87,18.28796006774903,18.419933143486823,27.987,17.862,8.875585307179586,real,115
67.6,right,0.84,12.405169232813298,20.219354437235502,27.987,17.862,8.875585307179586,real,119
67.6,right,0.84,6.344583595489089,21.165039232851626,27.987,17.862,8.875585307179586,real,123
67.6,unknown,0.29,21.117100373905966,24.224744779369438,27.987,17.862,8.875585307179586,ghost,125
67.7,left,0.99,27.691405791549492,22.25429295624636,27.686,18.044,8.884785307179586,real,112
67.7,left,0.89,21.433712297113633,24.788086185713812,27.686,18.044,8.884785307179586,real,116
67.7,left,0.82,14.691121025530581,26.28341990912544,27.686,18.044,8.884785307179586,real,121
67.7,right,0.82,23.50536196249311,16.074097566032634,27.686,18.044,8.884785307179586,real,114
67.7,right,0.99,18.28503381402796,18.677447527590317,27.686,18.044,8.884785307179586,real,115
67.7,right,0.83,12.6761306431625,20.381635961964705,27.686,18.044,8.884785307179586,real,119
67.7,right,0.87,6.540182316413961,21.352442910575927,27.686,18.044,8.884785307179586,real,123
67.8,left,0.74,28.38076828390295,21.970846129089047,27.382,18.224,8.894085307179587,real,112
67.8,left,0.96,21.649021747684525,24.415194420988392,27.382,18.224,8.894085307179587,real,116
67.8,left,0.94,14.566163461543947,26.81050661326099,27.382,18.224,8.894085307179587,real,121
67.8,right,0.87,23.526670304566245,16.05844350350617,27.382,18.224,8.894085307179587,real,114
67.8,right,0.91,18.3601964446544,18.650935134128645,27.382,18.224,8.894085307179587,real,115
67.8,right,0.81,12.365377538477423,20.481940399588876,27.382,18.224,8.894085307179587,real,119
67.8,right,0.83,6.270508024875106,21.04985466438691,27.382,18.224,8.894085307179587,real,123
67.9,left,0.98,27.506220140743846,22.08255501116569,27.075,18.402,8.903185307179587,real,112
67.9,left,0.79,21.835484612345546,25.03345598662407,27.075,18.402,8.903185307179587,real,116
67.9,left,0.81,15.002188036867704,26.623683301055188,27.075,18.402,8.903185307179587,real,121
67.9,left,0.85,7.479027201586701,28.221676119091,27.075,18.402,8.903185307179587,real,126
67.9,right,0.76,23.571110910531704,16.720221997793693,27.075,18.402,8.903185307179587,real,114
67.9,right,0.94,18.52438420884359,18.19605925117503,27.075,18.402,8.903185307179587,real,115
67.9,right,0.93,12.54617922467252,20.69622467914819,27.075,18.402,8.903185307179587,real,119
67.9,right,0.86,6.261750873940654,21.17635935246137,27.075,18.402,8.903185307179587,real,123
68.0,left,0.91,28.410487732164416,21.833237717699248,26.765,18.579,8.912185307179586,real,112
68.0,left,0.89,21.31488056192255,24.77417700398385,26.765,18.579,8.912185307179586,real,116
68.0,left,0.86,14.71013808268341,26.93168801969942,26.765,18.579,8.912185307179586,real,121
68.0,left,0.91,7.377406741485441,28.258463086473384,26.765,18.579,8.912185307179586,real,126
68.0,right,0.95,23.098997255636423,16.471022324995182,26.765,18.579,8.912185307179586,real,114
68.0,right,0.88,18.281019716099546,18.532950652682203,26.765,18.579,8.912185307179586,real,115
68.0,right,0.95,12.652002657555112,19.869402655043586,26.765,18.579,8.912185307179586,real,119
68.0,right,0.87,6.2827040974375254,21.001675083429994,26.765,18.579,8.912185307179586,real,123
68.1,left,0.89,27.945270464195392,21.881812605568076,26.452,18.753,8.921185307179586,real,112
68.1,left,0.95,21.528142743949182,24.651390519627846,26.452,18.753,8.921185307179586,real,116
68.1,left,0.97,14.904619062113827,26.9489740406704,26.452,18.753,8.921185307179586,real,121
68.1,left,0.76,7.449071089556141,28.059732983416733,26.452,18.753,8.921185307179586,real,126
68.1,right,0.95,23.45276137308383,16.421971759327224,26.452,18.753,8.921185307179586,real,114
68.1,right,0.94,18.25896870283865,18.55633997931819,26.452,18.753,8.921185307179586,real,115
68.1,right,0.82,12.589049217927595,20.468944233895176,26.452,18.753,8.921185307179586,real,119
68.1,right,0.97,6.435456208080862,21.209446137448026,26.452,18.753,8.921185307179586,real,123
68.2,left,0.82,21.482853811911205,24.45792438588298,26.137,18.925,8.930085307179587,real,116
68.2,left,0.85,14.747251321033676,26.80625764265989,26.137,18.925,8.930085307179587,real,121
68.2,left,0.9,7.447260480160175,28.15466400691474,26.137,18.925,8.930085307179587,real,126
68.2,right,0.82,23.56797950438513,16.11931012171503,26.137,18.925,8.930085307179587,real,114
68.2,right,0.84,18.101584768203153,18.794225183589337,26.137,18.925,8.930085307179587,real,115
68.2,right,0.93,12.187540636102433,20.165363033539155,26.137,18.925,8.930085307179587,real,119
68.2,right,0.99,6.682122619232576,21.021795435731395,26.137,18.925,8.930085307179587,real,123
68.3,left,0.82,21.792774628476586,24.916569265107494,25.818,19.095,8.938885307179586,real,116
68.3,left,0.8,14.628033884541374,26.74852097631461,25.818,19.095,8.938885307179586,real,121
68.3,left,0.73,7.458593139543384,28.18827387315584,25.818,19.095,8.938885307179586,real,126
68.3,right,0.82,23.63738350930518,16.6662341157473,25.818,19.095,8.938885307179586,real,114
68.3,right,0.97,18.296576779909238,18.547070493330153,25.818,19.095,8.938885307179586,real,115
68.3,right,0.85,12.535874479292684,20.57502488228252,25.818,19.095,8.938885307179586,real,119
68.3,right,0.96,6.756410898255856,20.99571326513727,25.818,19.095,8.938885307179586,real,123
68.4,left,0.85,21.646844476227148,24.928199241223687,25.497,19.263,8.947585307179587,real,116
68.4,left,0.99,14.784247821277688,26.815991907666817,25.497,19.263,8.947585307179587,real,121
68.4,left,0.87,7.520360604470129,28.101848626551053,25.497,19.263,8.947585307179587,real,126
68.4,right,0.82,23.542825418423433,16.480711965895686,25.497,19.263,8.947585307179587,real,114
68.4,right,0.99,18.427266104019207,18.736187281835132,25.497,19.263,8.947585307179587,real,115
68.4,right,0.99,12.423628791946639,20.27779813580901,25.497,19.263,8.947585307179587,real,119
68.4,right,0.84,6.390752780609608,21.344820643460185,25.497,19.263,8.947585307179587,real,123
68.5,left,0.81,21.95087097962987,24.52278146135939,25.173,19.429,8.956285307179586,real,116
68.5,left,0.99,15.064072044272354,26.99930511841551,25.173,19.429,8.956285307179586,real,121
68.5,left,0.83,7.39957021476527,27.72426284510207,25.173,19.429,8.956285307179586,real,126
68.5,right,0.95,23.47073008883469,16.350990391577497,25.173,19.429,8.956285307179586,real,114
68.5,right,0.8,18.515235093836928,19.056077147035104,25.173,19.429,8.956285307179586,real,115
68.5,right,0.86,12.425281949324903,20.03547629837641,25.173,19.429,8.956285307179586,real,119
68.5,right,0.97,6.722409324271165,21.24823712492575,25.173,19.429,8.956285307179586,real,123
68.6,left,0.91,21.703668497697585,24.762995525973487,24.846,19.592,8.964885307179586,real,116
68.6,left,0.9,14.637038865360685,26.591515594055345,24.846,19.592,8.964885307179586,real,121
68.6,left,0.93,7.405580642042922,28.13006749906535,24.846,19.592,8.964885307179586,real,126
68.6,right,0.85,18.351720555609948,18.347159649524148,24.846,19.592,8.964885307179586,real,115
68.6,right,0.85,12.490254743046972,20.3175006170106,24.846,19.592,8.964885307179586,real,119
68.6,right,0.81,6.267639666378704,21.16218257350118,24.846,19.592,8.964885307179586,real,123
68.7,left,0.99,21.725308566923612,24.487453424863723,24.516,19.754,8.973385307179587,real,116
68.7,left,0.89,14.481215581785335,26.57005800151057,24.516,19.754,8.973385307179587,real,121
68.7,left,0.9,7.515562779518413,27.938690544697725,24.516,19.754,8.973385307179587,real,126
68.7,right,0.91,18.42537396507331,18.44137571915144,24.516,19.754,8.973385307179587,real,115
68.7,right,0.98,12.170420444586918,20.10003676244959,24.516,19.754,8.973385307179587,real,119
68.7,right,0.97,6.26901678625786,21.229464875018245,24.516,19.754,8.973385307179587,real,123
68.8,left,0.85,21.768515400342032,24.78573682326628,24.184,19.913,8.981785307179585,real,116
68.8,left,0.74,14.80999211448931,26.743446117376475,24.184,19.913,8.981785307179585,real,121
68.8,left,0.81,7.350532830940191,27.81095030803471,24.184,19.913,8.981785307179585,real,126
68.8,right,0.82,18.247809595902908,18.74143118584285,24.184,19.913,8.981785307179585,real,115
68.8,right,0.89,12.100580345528694,20.120531814275633,24.184,19.913,8.981785307179585,real,119
68.8,right,0.79,6.437407673141738,21.323104174979797,24.184,19.913,8.981785307179585,real,123
68.9,left,0.96,21.91399527830166,24.64169342005838,23.849,20.07,8.990185307179587,real,116
68.9,left,0.93,14.442478739009795,26.700931289535372,23.849,20.07,8.990185307179587,real,121
68.9,left,0.82,7.841669018153269,27.788214614637873,23.849,20.07,8.990185307179587,real,126
68.9,right,0.99,18.264374427454946,18.52029834662415,23.849,20.07,8.990185307179587,real,115
68.9,right,0.95,12.734295334700095,20.358570967286177,23.849,20.07,8.990185307179587,real,119
68.9,right,0.88,6.115924629975989,21.495900389595178,23.849,20.07,8.990185307179587,real,123
69.0,left,0.85,22.037445625244718,24.927129039556398,23.511,20.225,8.998485307179585,real,116
69.0,left,0.99,14.810963542427542,26.63512251340878,23.511,20.225,8.998485307179585,real,121
69.0,left,0.83,7.419747382773528,28.464056815473622,23.511,20.225,8.998485307179585,real,126
69.0,right,0.91,18.531824327752062,18.64442617227341,23.511,20.225,8.998485307179585,real,115
69.0,right,0.94,12.530632563481053,20.293490576244896,23.511,20.225,8.998485307179585,real,119
69.0,right,0.93,6.386660307289679,21.009050437577745,23.511,20.225,8.998485307179585,real,123
69.0,right,0.88,0.13869255299416272,21.621373017010725,23.511,20.225,8.998485307179585,real,127
69.1,left,0.93,21.610089830872603,24.402064542712342,23.171,20.378,9.006785307179586,real,116
69.1,left,0.85,14.718135506716584,26.977416478612977,23.171,20.378,9.006785307179586,real,121
69.1,left,0.91,7.5638037879815725,28.289515430027155,23.171,20.378,9.006785307179586,real,126
69.1,right,0.84,17.842337269951408,18.730178556581116,23.171,20.378,9.006785307179586,real,115
69.1,right,0.88,12.286724533131155,20.2370866886451,23.171,20.378,9.006785307179586,real,119
69.1,right,0.83,6.211145761678316,21.33702513777378,23.171,20.378,9.006785307179586,real,123
69.1,right,0.9,0.19888431482839053,21.29603373962651,23.171,20.378,9.006785307179586,real,127
69.2,left,0.79,21.72684764595755,24.798629162875706,22.829,20.529,9.014985307179586,real,116
69.2,left,0.97,14.763384759377049,26.79423549359725,22.829,20.529,9.014985307179586,real,121
69.2,left,0.89,7.599861344071931,28.371949751115164,22.829,20.529,9.014985307179586,real,126
69.2,right,0.78,18.0488783814194,18.603028216307838,22.829,20.529,9.014985307179586,real,115
69.2,right,0.91,12.582261703145171,20.156669131324577,22.829,20.529,9.014985307179586,real,119
69.2,right,0.92,6.367496147886911,21.29063963057731,22.829,20.529,9.014985307179586,real,123
69.2,right,0.76,0.13511980129061651,21.67125107862773,22.829,20.529,9.014985307179586,real,127
69.2,unknown,0.51,16.265130252462736,24.69947214801455,22.829,20.529,9.014985307179586,ghost,128
69.3,left,0.82,21.507369120026244,24.746368671678894,22.483,20.677,9.023085307179587,real,116
69.3,left,0.79,15.140939753086018,27.16936415573598,22.483,20.677,9.023085307179587,real,121
69.3,left,0.84,7.299896173453252,28.24896620385363,22.483,20.677,9.023085307179587,real,126
69.3,right,0.8,18.197194938399907,18.52429635714458,22.483,20.677,9.023085307179587,real,115
69.3,right,0.92,12.805134058241523,20.350860745460963,22.483,20.677,9.023085307179587,real,119
69.3,right,0.88,6.183809503704822,21.017727406413048,22.483,20.677,9.023085307179587,real,123
69.3,right,0.94,0.05705907175420011,21.62117926413901,22.483,20.677,9.023085307179587,real,127
69.4,left,0.89,21.583097230130335,24.97772496407048,22.136,20.823,9.031185307179587,real,116
69.4,left,0.95,14.983635525401883,26.706893899664305,22.136,20.823,9.031185307179587,real,121
69.4,left,0.85,8.00688933649506,27.902994905254594,22.136,20.823,9.031185307179587,real,126
69.4,right,0.94,18.056226565573677,18.192493257231746,22.136,20.823,9.031185307179587,real,115
69.4,right,0.78,12.369106007919633,20.215217351790557,22.136,20.823,9.031185307179587,real,119
69.4,right,0.94,6.461831486573,20.954215138965104,22.136,20.823,9.031185307179587,real,123
69.4,right,0.86,-0.29074204392159375,21.300353428184614,22.136,20.823,9.031185307179587,real,127
69.5,left,0.91,21.681483037735738,24.660502565939144,21.786,20.967,9.039185307179586,real,116
69.5,left,0.93,15.262503300245044,27.003788534335634,21.786,20.967,9.039185307179586,real,121
69.5,left,0.86,7.4703067725797565,27.8172246253969,21.786,20.967,9.039185307179586,real,126
69.5,right,0.99,18.353760167135775,18.669178046562322,21.786,20.967,9.039185307179586,real,115
69.5,right,0.76,12.373253108771014,20.436242087521016,21.786,20.967,9.039185307179586,real,119
69.5,right,0.87,6.536155396843096,20.971957778355122,21.786,20.967,9.039185307179586,real,123
69.5,right,0.8,-0.3429832692786099,21.599323072477546,21.786,20.967,9.039185307179586,real,127
69.6,left,0.93,21.783134726261057,24.770947812004167,21.433,21.108,9.047185307179586,real,116
69.6,left,0.98,14.42801442458994,26.89746405881382,21.433,21.108,9.047185307179586,real,121
69.6,left,0.95,7.1827977848106075,27.82284659736999,21.433,21.108,9.047185307179586,real,126
69.6,right,0.79,18.419659064235347,18.76706228087012,21.433,21.108,9.047185307179586,real,115
69.6,right,0.76,12.414076257170283,19.590209987836793,21.433,21.108,9.047185307179586,real,119
69.6,right,0.81,5.864515350623983,21.203580971659306,21.433,21.108,9.047185307179586,real,123
69.6,right,0.83,0.14690636819638447,21.722097629119094,21.433,21.108,9.047185307179586,real,127
69.7,left,0.86,21.991212905675933,24.39791021593871,21.078,21.247,9.055085307179587,real,116
69.7,left,0.72,15.016078602504225,26.47667197542856,21.078,21.247,9.055085307179587,real,121
69.7,left,0.98,7.887365444094482,27.868517047667495,21.078,21.247,9.055085307179587,real,126
69.7,right,0.98,18.177351709596362,18.732183009565414,21.078,21.247,9.055085307179587,real,115
69.7,right,0.9,12.777399252017371,20.43112487316364,21.078,21.247,9.055085307179587,real,119
69.7,right,0.83,6.078151431364503,21.160000471244544,21.078,21.247,9.055085307179587,real,123
69.7,right,0.81,0.0568558070658991,21.568250400580048,21.078,21.247,9.055085307179587,real,127
69.8,left,0.82,21.660257725775942,24.494962539885396,20.721,21.384,9.062885307179586,real,116
69.8,left,0.84,14.469416614562213,26.621588297577258,20.721,21.384,9.062885307179586,real,121
69.8,left,0.98,7.68590993669903,28.15775435350532,20.721,21.384,9.062885307179586,real,126
69.8,left,0.95,-0.03293015911139435,28.47726581700745,20.721,21.384,9.062885307179586,real,129
69.8,right,0.9,18.28429609790003,18.568327062052347,20.721,21.384,9.062885307179586,real,115
69.8,right,0.99,12.710892518668796,20.069816170575113,20.721,21.384,9.062885307179586,real,119
69.8,right,0.98,6.485692161835091,21.086680722655434,20.721,21.384,9.062885307179586,real,123
69.8,right,0.86,-0.1104559612395759,21.527570661822267,20.721,21.384,9.062885307179586,real,127
69.9,left,0.97,15.200271132913889,26.806823758663857,20.362,21.519,9.070685307179586,real,121
69.9,left,0.93,7.695648080072973,28.153519654094104,20.362,21.519,9.070685307179586,real,126
69.9,left,0.74,0.03659466879215165,28.56046171771938,20.362,21.519,9.070685307179586,real,129
69.9,right,0.94,18.43890036435795,18.661542075306546,20.362,21.519,9.070685307179586,real,115
69.9,right,0.97,12.077557862690057,20.306309407324573,20.362,21.519,9.070685307179586,real,119
69.9,right,0.85,6.228158082024419,21.325773092773343,20.362,21.519,9.070685307179586,real,123
69.9,right,0.85,0.020811590916107292,21.276018300789524,20.362,21.519,9.070685307179586,real,127
70.0,left,0.88,14.760545801489469,26.720262342955863,20.0,21.651,9.078485307179587,real,121
70.0,left,0.89,7.49252037824849,27.885282277172788,20.0,21.651,9.078485307179587,real,126
70.0,left,0.81,0.03872081390575947,28.685713445109258,20.0,21.651,9.078485307179587,real,129
70.0,right,0.93,17.96859317361403,18.546175479078975,20.0,21.651,9.078485307179587,real,115
70.0,right,0.85,12.332299040786781,20.026055693237247,20.0,21.651,9.078485307179587,real,119
70.0,right,0.95,6.400604091558866,21.35312766916924,20.0,21.651,9.078485307179587,real,123
70.0,right,0.86,0.1432178201381742,21.718664329760028,20.0,21.651,9.078485307179587,real,127
70.1,left,0.89,15.095981929827303,26.79791410074997,19.636,21.78,9.086185307179587,real,121
70.1,left,0.88,7.5227742028691855,28.29651669127952,19.636,21.78,9.086185307179587,real,126
70.1,left,0.88,-0.24087028873995753,28.45954493394623,19.636,21.78,9.086185307179587,real,129
70.1,right,0.79,18.3907769465863,18.734711089691643,19.636,21.78,9.086185307179587,real,115
70.1,right,0.82,12.034663204855018,20.2754353032272,19.636,21.78,9.086185307179587,real,119
70.1,right,0.86,6.816494186898315,21.215050703290864,19.636,21.78,9.086185307179587,real,123
70.1,right,0.97,0.16705387226006785,21.489299681527026,19.636,21.78,9.086185307179587,real,127
70.2,left,0.74,15.26394864248662,26.811029830723573,19.27,21.908,9.093785307179587,real,121
70.2,left,0.9,7.648960103390737,28.190649180195866,19.27,21.908,9.093785307179587,real,126
70.2,left,0.82,-0.05593522243569428,28.499357809906797,19.27,21.908,9.093785307179587,real,129
70.2,right,0.82,12.19041698641484,19.86694895856168,19.27,21.908,9.093785307179587,real,119
70.2,right,0.85,6.625391124083421,21.153305111259076,19.27,21.908,9.093785307179587,real,123
70.2,right,0.9,-0.04968260903825783,21.477162575877365,19.27,21.908,9.093785307179587,real,127
70.3,left,0.8,14.823788179398592,26.766359625710574,18.902,22.033,9.101385307179587,real,121
70.3,left,0.81,7.8181137100487055,27.564006934675614,18.902,22.033,9.101385307179587,real,126
70.3,left,0.84,0.015135089690627216,28.305093738116845,18.902,22.033,9.101385307179587,real,129
70.3,right,0.8,12.488429640099294,20.210673125204178,18.902,22.033,9.101385307179587,real,119
70.3,right,0.92,6.272264256723938,21.32483331410249,18.902,22.033,9.101385307179587,real,123
70.3,right,0.81,0.14489171932462197,21.62772238278052,18.902,22.033,9.101385307179587,real,127
70.4,left,0.81,14.644852356963728,26.508510445748072,18.532,22.155,9.108985307179587,real,121
70.4,left,0.83,7.23238951782304,27.98669468946005,18.532,22.155,9.108985307179587,real,126
70.4,left,0.86,-0.09809514112161877,28.550187959142146,18.532,22.155,9.108985307179587,real,129
70.4,right,0.83,12.467264841835132,20.246132413885412,18.532,22.155,9.108985307179587,real,119
70.4,right,0.81,6.2693612141191775,21.262262632678954,18.532,22.155,9.108985307179587,real,123
70.4,right,0.97,-0.2943488820657967,21.52262924582175,18.532,22.155,9.108985307179587,real,127
70.5,left,0.86,14.855552027226812,26.590120924752302,18.16,22.275,9.116485307179586,real,121
70.5,left,0.86,7.317330656595589,27.971592447208955,18.16,22.275,9.116485307179586,real,126
70.5,left,0.83,0.08891273803915481,28.516624001059053,18.16,22.275,9.116485307179586,real,129
70.5,right,0.79,12.331396651713344,19.97200694565928,18.16,22.275,9.116485307179586,real,119
70.5,right,0.94,6.467957728373662,21.056283659540565,18.16,22.275,9.116485307179586,real,123
70.5,right,0.84,-0.08136834169339191,21.430188765068735,18.16,22.275,9.116485307179586,real,127
70.6,left,0.87,14.71319194424616,26.463881878488472,17.785,22.393,9.123985307179586,real,121
70.6,left,0.81,7.920089517474924,28.228764146345092,17.785,22.393,9.123985307179586,real,126
70.6,left,0.85,0.1941668988852809,28.59313990235114,17.785,22.393,9.123985307179586,real,129
70.6,right,0.82,12.71393165724351,19.867031697923956,17.785,22.393,9.123985307179586,real,119
70.6,right,0.94,6.257192519700083,21.248021093145717,17.785,22.393,9.123985307179586,real,123
70.6,right,0.98,-0.08794121756507378,21.122295772627055,17.785,22.393,9.123985307179586,real,127
70.7,left,0.91,15.010754230855579,26.744614477478557,17.409,22.508,9.131385307179587,real,121
70.7,left,0.75,7.408259706187545,28.267336383275072,17.409,22.508,9.131385307179587,real,126
70.7,left,0.82,-0.1675757171191234,28.816757568680092,17.409,22.508,9.131385307179587,real,129
70.7,right,0.92,12.39017722166502,19.937614246914297,17.409,22.508,9.131385307179587,real,119
70.7,right,0.9,6.481496978899828,21.25782892216839,17.409,22.508,9.131385307179587,real,123
70.7,right,0.87,-0.18639213424412304,21.81813577989578,17.409,22.508,9.131385307179587,real,127
70.8,left,0.8,14.702985301679279,26.965208738585506,17.031,22.621,9.138785307179585,real,121
70.8,left,0.85,7.508076266312232,28.03334963415763,17.031,22.621,9.138785307179585,real,126
70.8,left,0.83,-0.11395265097205981,28.701748604894487,17.031,22.621,9.138785307179585,real,129
70.8,right,0.84,12.071145903966007,20.54593943556945,17.031,22.621,9.138785307179585,real,119
70.8,right,0.8,6.516331154905467,21.091153250159206,17.031,22.621,9.138785307179585,real,123
70.8,right,0.88,-0.05529784567898188,21.631002561242795,17.031,22.621,9.138785307179585,real,127
70.8,left,0.27,13.808478823119504,24.75269000198358,17.031,22.621,9.138785307179585,ghost,130
70.9,left,0.99,14.751605410192088,26.645561302650457,16.651,22.731,9.146085307179586,real,121
70.9,left,0.84,7.595756974390055,28.267717325919975,16.651,22.731,9.146085307179586,real,126
70.9,left,0.93,-0.29709681263426224,28.673697740048397,16.651,22.731,9.146085307179586,real,129
70.9,right,0.81,12.577465819215615,20.363268326439574,16.651,22.731,9.146085307179586,real,119
70.9,right,0.97,6.014096510981088,21.046194620943623,16.651,22.731,9.146085307179586,real,123
70.9,right,0.85,-0.02574381601783582,21.50130869934325,16.651,22.731,9.146085307179586,real,127
70.9,right,0.82,-6.578124242598159,21.135757409690164,16.651,22.731,9.146085307179586,real,131
70.9,left,0.5,9.25851262525955,20.24369535152948,16.651,22.731,9.146085307179586,ghost,132
71.0,left,0.86,14.637572266224154,26.611418527876648,16.269,22.839,9.153385307179587,real,121
71.0,left,0.96,7.420529885658243,27.876416265864954,16.269,22.839,9.153385307179587,real,126
71.0,left,0.94,0.3095388032952402,28.325106388949735,16.269,22.839,9.153385307179587,real,129
71.0,right,0.85,12.669802905374668,20.25216694121159,16.269,22.839,9.153385307179587,real,119
71.0,right,0.98,6.583430048935699,21.23472454888809,16.269,22.839,9.153385307179587,real,123
71.0,right,0.85,0.4253067068196541,21.567742421209537,16.269,22.839,9.153385307179587,real,127
71.0,right,0.75,-6.371397734553802,21.579176432506838,16.269,22.839,9.153385307179587,real,131
71.1,left,0.93,15.168475909637387,26.8030935697064,15.886,22.944,9.160685307179586,real,121
71.1,left,0.86,7.521192351807492,27.90965544603531,15.886,22.944,9.160685307179586,real,126
71.1,left,0.97,-0.0578288261673115,28.475657198514412,15.886,22.944,9.160685307179586,real,129
71.1,right,0.87,12.662855867754878,19.873907671946355,15.886,22.944,9.160685307179586,real,119
71.1,right,0.84,6.219402743585251,21.15321875085903,15.886,22.944,9.160685307179586,real,123
71.1,right,0.91,0.06680412105666678,21.569692267495263,15.886,22.944,9.160685307179586,real,127
71.1,right,0.89,-6.2203352010110375,21.254933399613744,15.886,22.944,9.160685307179586,real,131
71.2,left,0.89,14.904222008891768,26.80494744898446,15.501,23.047,9.167885307179587,real,121
71.2,left,0.84,7.412821796965509,28.298342528911796,15.501,23.047,9.167885307179587,real,126
71.2,left,0.78,0.187148221522573,28.764513507358224,15.501,23.047,9.167885307179587,real,129
71.2,right,0.86,12.282516004204576,20.23341051878411,15.501,23.047,9.167885307179587,real,119
71.2,right,0.82,6.336965714502723,21.71154067294043,15.501,23.047,9.167885307179587,real,123
71.2,right,0.83,0.17633465324857855,21.261027712959653,15.501,23.047,9.167885307179587,real,127
71.2,right,0.92,-6.356850322522552,20.872196036834417,15.501,23.047,9.167885307179587,real,131
71.3,left,0.94,14.848489582567158,26.557370246503247,15.114,23.147,9.175085307179586,real,121
71.3,left,0.93,7.911157155301613,27.944649523941614,15.114,23.147,9.175085307179586,real,126
71.3,left,0.88,-0.09111047177711862,28.365097885346128,15.114,23.147,9.175085307179586,real,129
71.3,right,0.9,12.464979241632802,20.262124782293057,15.114,23.147,9.175085307179586,real,119
71.3,right,0.73,5.976121752100478,21.03657844813773,15.114,23.147,9.175085307179586,real,123
71.3,right,0.84,-0.23540802568694064,21.26765163927032,15.114,23.147,9.175085307179586,real,127
71.3,right,0.91,-6.2262583731023735,21.235015541581486,15.114,23.147,9.175085307179586,real,131
71.4,left,0.88,14.986803492313957,27.061903735220707,14.725,23.244,9.182185307179587,real,121
71.4,left,0.99,7.577579268333806,27.664390580542435,14.725,23.244,9.182185307179587,real,126
71.4,left,0.9,0.11282572871637997,28.567004890626816,14.725,23.244,9.182185307179587,real,129
71.4,right,0.99,12.521660553534852,20.65961162290753,14.725,23.244,9.182185307179587,real,119
71.4,right,0.89,6.174535907104555,20.841649318666054,14.725,23.244,9.182185307179587,real,123
71.4,right,0.96,-0.12141933960650308,21.534348049292497,14.725,23.244,9.182185307179587,real,127
71.4,right,0.84,-6.609253977686029,21.122806181512924,14.725,23.244,9.182185307179587,real,131
71.5,left,0.88,15.034708671809609,26.719004701771578,14.335,23.34,9.189285307179587,real,121
71.5,left,0.78,7.51278974516341,28.157744310235078,14.335,23.34,9.189285307179587,real,126
71.5,left,0.82,-0.03275957651434647,28.50795343936846,14.335,23.34,9.189285307179587,real,129
71.5,right,0.87,12.445035213796817,20.25070443192757,14.335,23.34,9.189285307179587,real,119
71.5,right,0.94,6.078591172441929,20.821901655569995,14.335,23.34,9.189285307179587,real,123
71.5,right,0.78,-0.08590800552468614,21.403261169854336,14.335,23.34,9.189285307179587,real,127
71.5,right,0.84,-6.200496633960493,21.095433450174127,14.335,23.34,9.189285307179587,real,131
71.5,left,0.26,2.606179623200539,33.030042547314935,14.335,23.34,9.189285307179587,ghost,133
71.6,left,0.99,7.753783746359465,28.071802492097245,13.943,23.432,9.196385307179586,real,126
71.6,left,0.76,0.07700739053185657,28.36143982153904,13.943,23.432,9.196385307179586,real,129
71.6,left,0.84,-7.577353678586796,28.0894166174539,13.943,23.432,9.196385307179586,real,134
71.6,right,0.99,12.417103994584258,20.04759379201369,13.943,23.432,9.196385307179586,real,119
71.6,right,0.99,6.352489085717058,20.802295062150215,13.943,23.432,9.196385307179586,real,123
71.6,right,0.73,-0.099649034199079,21.59471583517745,13.943,23.432,9.196385307179586,real,127
71.6,right,0.76,-6.40185202889661,20.806133300736388,13.943,23.432,9.196385307179586,real,131
71.7,left,0.83,7.4339541655865595,27.864305764378415,13.55,23.522,9.203485307179587,real,126
71.7,left,0.88,0.0891569680791982,28.631121340307857,13.55,23.522,9.203485307179587,real,129
71.7,left,0.79,-7.648293367743439,28.030782019025157,13.55,23.522,9.203485307179587,real,134
71.7,right,0.94,12.293479047859027,20.565704328584378,13.55,23.522,9.203485307179587,real,119
71.7,right,0.86,6.334168295494909,21.394940336459943,13.55,23.522,9.203485307179587,real,123
71.7,right,0.84,-0.07807939241443584,21.568605499636853,13.55,23.522,9.203485307179587,real,127
71.7,right,0.99,-6.0725616094445645,21.312084643351177,13.55,23.522,9.203485307179587,real,131
71.7,unknown,0.48,-1.2357419381947312,28.468970521148215,13.55,23.522,9.203485307179587,ghost,135
71.8,left,0.77,7.619525982823324,27.898261522122652,13.155,23.609,9.210485307179585,real,126
71.8,left,0.82,0.0057449837671676995,28.243271519675528,13.155,23.609,9.210485307179585,real,129
71.8,left,0.88,-7.6560168520259895,27.977514917530925,13.155,23.609,9.210485307179585,real,134
71.8,right,0.81,6.306135414258006,21.571858893898323,13.155,23.609,9.210485307179585,real,123
71.8,right,0.99,-0.0050196314371808715,21.582202452096396,13.155,23.609,9.210485307179585,real,127
71.8,right,0.93,-6.617220502640982,21.083931803902402,13.155,23.609,9.210485307179585,real,131
71.9,left,0.85,7.504904745770202,27.90836866564713,12.758,23.694,9.217485307179587,real,126
71.9,left,0.83,0.12358213204230378,28.251882089066296,12.758,23.694,9.217485307179587,real,129
71.9,left,0.94,-7.306618682122634,28.353271739340325,12.758,23.694,9.217485307179587,real,134
71.9,right,0.92,6.38739854600979,20.835955718604442,12.758,23.694,9.217485307179587,real,123
71.9,right,0.85,0.0023388156621039213,21.451245276367565,12.758,23.694,9.217485307179587,real,127
71.9,right,0.91,-6.256910290686617,21.105058008154632,12.758,23.694,9.217485307179587,real,131
72.0,left,0.91,7.792793584377493,28.20801163629625,12.361,23.776,9.224385307179586,real,126
72.0,left,0.8,-0.18398219760459955,28.302717095399675,12.361,23.776,9.224385307179586,real,129
72.0,left,0.93,-7.445411069589021,28.0408951385071,12.361,23.776,9.224385307179586,real,134
72.0,right,0.91,6.199451475354238,21.30809526552672,12.361,23.776,9.224385307179586,real,123
72.0,right,0.91,-0.07450395353230232,21.316112518491455,12.361,23.776,9.224385307179586,real,127
72.0,right,0.92,-6.475443725493469,21.22645184859792,12.361,23.776,9.224385307179586,real,131
72.1,left,0.91,7.643822217942023,27.936986356573723,11.962,23.856,9.231385307179586,real,126
72.1,left,0.77,0.26021178368945524,28.66562135106452,11.962,23.856,9.231385307179586,real,129
72.1,left,0.87,-7.616209976269641,27.965331226014275,11.962,23.856,9.231385307179586,real,134
72.1,right,0.84,6.598931356151799,21.07182189481847,11.962,23.856,9.231385307179586,real,123
72.1,right,0.98,0.009057516433012003,21.347464374472743,11.962,23.856,9.231385307179586,real,127
72.1,right,0.99,-6.081932695701987,21.24110538013923,11.962,23.856,9.231385307179586,real,131
72.2,left,0.96,7.922358451243739,28.239322407770306,11.561,23.933,9.238285307179586,real,126
72.2,left,0.87,-0.01613714865088628,28.493636407490477,11.561,23.933,9.238285307179586,real,129
72.2,left,0.89,-7.401269670887286,27.840616783737666,11.561,23.933,9.238285307179586,real,134
72.2,right,0.93,6.5537278413524955,20.850975417159432,11.561,23.933,9.238285307179586,real,123
72.2,right,0.83,0.06604922553222015,21.189752892544565,11.561,23.933,9.238285307179586,real,127
72.2,right,0.84,-6.375056742627428,21.214449186561122,11.561,23.933,9.238285307179586,real,131
72.3,left,0.96,7.627096211882092,28.143609339048364,11.16,24.007,9.245185307179586,real,126
72.3,left,0.91,0.2245230314284733,28.58298879695326,11.16,24.007,9.245185307179586,real,129
72.3,left,0.86,-7.366231208334762,27.969041672587903,11.16,24.007,9.245185307179586,real,134
72.3,right,0.83,6.2044064602694124,20.995780866662066,11.16,24.007,9.245185307179586,real,123
72.3,right,0.81,-0.07272696541760393,21.50423534458786,11.16,24.007,9.245185307179586,real,127
72.3,right,0.95,-6.496204400222412,21.044255296592915,11.16,24.007,9.245185307179586,real,131
72.3,left,0.3,-0.10000136554487904,29.712118513048395,11.16,24.007,9.245185307179586,ghost,129
72.4,left,0.99,7.5580619669895235,27.997356857275648,10.757,24.079,9.251985307179586,real,126
72.4,left,0.83,0.20034340038263432,28.450142120516688,10.757,24.079,9.251985307179586,real,129
72.4,left,0.89,-7.665542654727828,27.957215586417778,10.757,24.079,9.251985307179586,real,134
72.4,right,0.92,6.640470779924409,21.28009160916906,10.757,24.079,9.251985307179586,real,123
72.4,right,0.92,0.2639008275664845,21.387033849121597,10.757,24.079,9.251985307179586,real,127
72.4,right,0.78,-6.510822554755096,21.06809013461194,10.757,24.079,9.251985307179586,real,131
72.5,left,0.83,7.505911322667879,28.090269785720817,10.353,24.148,9.258885307179586,real,126
72.5,left,0.96,-0.10987482506811364,28.530935591011563,10.353,24.148,9.258885307179586,real,129
72.5,left,0.92,-7.387720668745393,28.222512382304174,10.353,24.148,9.258885307179586,real,134
72.5,right,0.94,6.235571971658033,20.98144991648261,10.353,24.148,9.258885307179586,real,123
72.5,right,0.87,0.00510805394988767,21.551124709796174,10.353,24.148,9.258885307179586,real,127
72.5,right,0.79,-6.582080940806324,21.043922435192954,10.353,24.148,9.258885307179586,real,131
72.5,right,0.99,-12.710368841073024,19.959009345842134,10.353,24.148,9.258885307179586,real,136
72.6,left,0.77,7.356613291278908,27.94767195529739,9.948,24.215,9.265685307179586,real,126
72.6,left,0.8,0.08678838655650156,28.376794146145034,9.948,24.215,9.265685307179586,real,129
72.6,left,0.8,-7.230202547675066,28.070096137718195,9.948,24.215,9.265685307179586,real,134
72.6,right,0.67,6.212487288389677,21.359730874086004,9.948,24.215,9.265685307179586,real,123
72.6,right,0.89,0.12390484203071617,21.487917433012985,9.948,24.215,9.265685307179586,real,127
72.6,right,0.84,-6.330779069080263,21.259600531218446,9.948,24.215,9.265685307179586,real,131
72.6,right,0.9,-12.707273517539438,20.092035308727922,9.948,24.215,9.265685307179586,real,136
72.7,left,0.99,7.288671608152006,27.849020136498172,9.541,24.278,9.272485307179586,real,126
72.7,left,0.99,-0.029477163217147995,28.32067632495344,9.541,24.278,9.272485307179586,real,129
72.7,left,0.83,-7.717825858207195,28.199633587687487,9.541,24.278,9.272485307179586,real,134
72.7,right,0.81,6.4766810194984235,21.04242243397909,9.541,24.278,9.272485307179586,real,123
72.7,right,0.84,-0.004854374429348773,21.955266855149294,9.541,24.278,9.272485307179586,real,127
72.7,right,0.8,-6.2593693847796805,20.95249969109655,9.541,24.278,9.272485307179586,real,131
72.7,right,0.85,-12.484583496108142,20.29225180725517,9.541,24.278,9.272485307179586,real,136
72.8,left,0.97,7.502245994295777,27.968128802463234,9.134,24.339,9.279185307179587,real,126
72.8,left,0.9,0.06889141672789045,28.68008366349767,9.134,24.339,9.279185307179587,real,129
72.8,left,0.93,-7.618179038622787,28.013259987797177,9.134,24.339,9.279185307179587,real,134
72.8,right,0.81,6.195143196888071,21.135472929597327,9.134,24.339,9.279185307179587,real,123
72.8,right,0.85,0.13835583810486973,21.454560520211587,9.134,24.339,9.279185307179587,real,127
72.8,right,0.96,-6.231396436570466,21.58303604032497,9.134,24.339,9.279185307179587,real,131
72.8,right,0.77,-12.402714903188302,19.956151476632247,9.134,24.339,9.279185307179587,real,136
72.9,left,0.91,7.44907904214207,28.231522905550868,8.726,24.398,9.285985307179587,real,126
72.9,left,0.76,0.2148193765364877,28.855363502652576,8.726,24.398,9.285985307179587,real,129
72.9,left,0.91,-7.543968046202329,27.791542216557062,8.726,24.398,9.285985307179587,real,134
72.9,right,0.85,6.282367767764033,21.20940806725328,8.726,24.398,9.285985307179587,real,123
72.9,right,0.93,0.06126607473061185,21.510981814347936,8.726,24.398,9.285985307179587,real,127
72.9,right,0.89,-6.243079469157001,20.884144304889244,8.726,24.398,9.285985307179587,real,131
72.9,right,0.99,-12.490659180580177,20.193843102939336,8.726,24.398,9.285985307179587,real,136
73.0,left,0.87,7.554479634200705,28.182782473203943,8.316,24.454,9.292685307179585,real,126
73.0,left,0.98,0.2577586300400694,28.242344100456858,8.316,24.454,9.292685307179585,real,129
73.0,left,0.92,-7.553392353128647,28.12007669620562,8.316,24.454,9.292685307179585,real,134
73.0,right,0.89,6.30058880602786,20.954965458985612,8.316,24.454,9.292685307179585,real,123
73.0,right,0.84,-0.3076376382057736,21.329590954289,8.316,24.454,9.292685307179585,real,127
73.0,right,0.9,-6.456813860574353,21.028872171608448,8.316,24.454,9.292685307179585,real,131
73.0,right,0.76,-12.39002739733025,20.136555452468556,8.316,24.454,9.292685307179585,real,136
73.0,right,0.3,-2.300422381197987,26.413345764279097,8.316,24.454,9.292685307179585,ghost,137
73.1,left,0.88,7.731627526536522,27.99317903161875,7.906,24.507,9.299385307179586,real,126
73.1,left,0.7,-0.1680544533634823,28.203801006832983,7.906,24.507,9.299385307179586,real,129
73.1,left,0.83,-7.695224385506748,27.73147292949865,7.906,24.507,9.299385307179586,real,134
73.1,right,0.71,6.435822940198109,21.047706515365853,7.906,24.507,9.299385307179586,real,123
73.1,right,0.9,-0.0710233021808071,21.305504843598165,7.906,24.507,9.299385307179586,real,127
73.1,right,0.91,-6.289355496001418,21.213473722263274,7.906,24.507,9.299385307179586,real,131
73.1,right,0.93,-12.31177015731941,20.3488745971526,7.906,24.507,9.299385307179586,real,136
73.2,left,0.9,7.871871018383637,28.097281519244262,7.495,24.557,9.306085307179586,real,126
73.2,left,0.88,0.13187681018621855,28.4220917054614,7.495,24.557,9.306085307179586,real,129
73.2,left,0.9,-7.558341023078708,27.973566704002078,7.495,24.557,9.306085307179586,real,134
73.2,right,0.97,6.442784882833552,21.163723066531936,7.495,24.557,9.306085307179586,real,123
73.2,right,0.97,0.14774489783050926,21.326288706237527,7.495,24.557,9.306085307179586,real,127
73.2,right,0.9,-6.479745555609692,21.428798654823005,7.495,24.557,9.306085307179586,real,131
73.2,right,0.9,-12.832390658680767,20.4833901746267,7.495,24.557,9.306085307179586,real,136
73.3,left,0.99,0.159072519064269,28.51027415666852,7.083,24.605,9.312785307179587,real,129
73.3,left,0.81,-7.4371690621895095,28.110717102881328,7.083,24.605,9.312785307179587,real,134
73.3,right,0.9,6.186102907201278,21.318648283441163,7.083,24.605,9.312785307179587,real,123
73.3,right,0.77,-0.0312952232394324,21.493592524822148,7.083,24.605,9.312785307179587,real,127
73.3,right,0.77,-6.3774293953155325,21.27546166958157,7.083,24.605,9.312785307179587,real,131
73.3,right,0.86,-12.132261388445773,20.516861820619916,7.083,24.605,9.312785307179587,real,136
73.4,left,0.95,-0.008831291681469733,28.428966778720483,6.671,24.65,9.319485307179587,real,129
73.4,left,0.87,-7.738830509481591,27.998994578677834,6.671,24.65,9.319485307179587,real,134
73.4,left,0.82,-15.10379314331052,26.941180605285687,6.671,24.65,9.319485307179587,real,138
73.4,right,0.84,-0.1714765365953621,21.71387128242954,6.671,24.65,9.319485307179587,real,127
73.4,right,0.83,-6.37156324784279,20.897970692275905,6.671,24.65,9.319485307179587,real,131
73.4,right,0.87,-12.653245333282632,20.22342849384487,6.671,24.65,9.319485307179587,real,136
73.5,left,0.8,0.059006439839610236,28.773565487433753,6.257,24.692,9.326085307179586,real,129
73.5,left,0.8,-7.7572445994859365,27.989906958326646,6.257,24.692,9.326085307179586,real,134
73.5,left,0.8,-14.875601862366151,27.028618823582196,6.257,24.692,9.326085307179586,real,138
73.5,right,0.94,-0.2801696792927432,21.400104864347043,6.257,24.692,9.326085307179586,real,127
73.5,right,0.72,-6.282112066278109,20.966380777733892,6.257,24.692,9.326085307179586,real,131
73.5,right,0.92,-12.300401488205983,20.255920762032034,6.257,24.692,9.326085307179586,real,136
73.6,left,0.89,0.22413531396252795,28.37758028851389,5.843,24.732,9.332785307179586,real,129
73.6,left,0.82,-7.278984621346715,27.86165758464729,5.843,24.732,9.332785307179586,real,134
73.6,left,0.85,-14.715807685729237,26.88871220639207,5.843,24.732,9.332785307179586,real,138
73.6,right,0.83,0.08395986433171737,21.632938575026003,5.843,24.732,9.332785307179586,real,127
73.6,right,0.89,-6.489792436931641,21.197983770897235,5.843,24.732,9.332785307179586,real,131
73.6,right,0.89,-12.24782870162342,20.21075969577835,5.843,24.732,9.332785307179586,real,136
73.6,unknown,0.45,0.3134711915144145,24.556215597597564,5.843,24.732,9.332785307179586,ghost,139
73.7,left,0.81,-0.008863660900881087,28.332774937542162,5.429,24.769,9.339385307179587,real,129
73.7,left,0.9,-7.391539843975763,28.112633219871743,5.429,24.769,9.339385307179587,real,134
73.7,left,0.92,-14.553014673788525,26.77154102991675,5.429,24.769,9.339385307179587,real,138
73.7,right,0.93,0.3162512727414366,21.320495331028834,5.429,24.769,9.339385307179587,real,127
73.7,right,0.94,-6.306255346698552,20.976066709289096,5.429,24.769,9.339385307179587,real,131
73.7,right,0.93,-12.410605857897986,20.388559401743716,5.429,24.769,9.339385307179587,real,136
73.8,left,0.89,-0.1467823682639255,28.401296251304597,5.013,24.803,9.345985307179586,real,129
73.8,left,0.94,-7.334552114333393,28.06501054318054,5.013,24.803,9.345985307179586,real,134
73.8,left,0.8,-14.89868445604453,26.88773958155803,5.013,24.803,9.345985307179586,real,138
73.8,right,0.84,0.2407399916906658,21.36696967226839,5.013,24.803,9.345985307179586,real,127
73.8,right,0.92,-6.525106987487672,20.886025128330772,5.013,24.803,9.345985307179586,real,131
73.8,right,0.94,-12.485384423636127,20.075651212080018,5.013,24.803,9.345985307179586,real,136
73.9,left,0.99,0.0432115065234156,28.25938689153215,4.597,24.834,9.352585307179586,real,129
73.9,left,0.96,-7.690050737496951,27.980460261019616,4.597,24.834,9.352585307179586,real,134
73.9,left,0.88,-14.89103626566654,26.56317538383642,4.597,24.834,9.352585307179586,real,138
73.9,right,0.82,-0.006667186561257976,21.33093770603788,4.597,24.834,9.352585307179586,real,127
73.9,right,0.96,-6.454167552198155,20.93295901928182,4.597,24.834,9.352585307179586,real,131
73.9,right,0.8,-12.529308521868114,20.3185583367972,4.597,24.834,9.352585307179586,real,136
74.0,left,0.94,0.17556544523545353,28.603582578623033,4.181,24.863,9.359185307179587,real,129
74.0,left,0.92,-7.306361259797503,27.91951914551562,4.181,24.863,9.359185307179587,real,134
74.0,left,0.99,-15.008110584016867,26.802934018045917,4.181,24.863,9.359185307179587,real,138
74.0,right,0.73,-0.3738676253042146,21.42916745953511,4.181,24.863,9.359185307179587,real,127
74.0,right,0.83,-6.459616605533816,21.144449441780026,4.181,24.863,9.359185307179587,real,131
74.0,right,0.81,-12.225605093489238,20.17429854796736,4.181,24.863,9.359185307179587,real,136
74.0,right,0.8,-17.93405801471397,18.798504142483445,4.181,24.863,9.359185307179587,real,140
74.0,right,0.28,1.528883690000351,22.751293562487,4.181,24.863,9.359185307179587,ghost,141
74.1,left,0.97,0.14805009159906304,28.507485354390045,3.764,24.889,9.365785307179586,real,129
74.1,left,0.8,-7.755754323712966,28.523509227020398,3.764,24.889,9.365785307179586,real,134
74.1,left,0.95,-14.545305748074936,26.814838265148474,3.764,24.889,9.365785307179586,real,138
74.1,right,0.99,-0.29463101751077425,21.41925472639569,3.764,24.889,9.365785307179586,real,127
74.1,right,0.81,-6.126581422619732,21.286867142576575,3.764,24.889,9.365785307179586,real,131
74.1,right,0.89,-12.696729681147685,19.900821738932777,3.764,24.889,9.365785307179586,real,136
74.1,right,0.85,-18.202145223612572,18.699322381968305,3.764,24.889,9.365785307179586,real,140
74.2,left,0.87,0.023958273105697675,28.550015349241853,3.347,24.912,9.372385307179586,real,129
74.2,left,0.86,-7.710379283713578,27.94422119511453,3.347,24.912,9.372385307179586,real,134
74.2,left,0.84,-14.524402591100912,27.01478729946506,3.347,24.912,9.372385307179586,real,138
74.2,right,0.94,-0.083726957938282,21.60812915808206,3.347,24.912,9.372385307179586,real,127
74.2,right,0.92,-6.481442015932308,21.28472532892028,3.347,24.912,9.372385307179586,real,131
74.2,right,0.85,-12.438012257788134,20.03594954686907,3.347,24.912,9.372385307179586,real,136
74.2,right,0.85,-18.266429435668172,18.71035715077105,3.347,24.912,9.372385307179586,real,140
74.3,left,0.85,-0.15039969393818192,28.439009515900597,2.93,24.933,9.378885307179587,real,129
74.3,left,0.94,-7.828127565752163,28.20699286483698,2.93,24.933,9.378885307179587,real,134
74.3,left,0.89,-15.202320817333403,26.78079375940545,2.93,24.933,9.378885307179587,real,138
74.3,right,0.84,-0.0555883865056139,21.086919009385944,2.93,24.933,9.378885307179587,real,127
74.3,right,0.83,-6.219068174496366,21.13072429479164,2.93,24.933,9.378885307179587,real,131
74.3,right,0.86,-12.363969135032857,19.83526716111345,2.93,24.933,9.378885307179587,real,136
74.3,right,0.81,-18.391513843635938,18.58847736897086,2.93,24.933,9.378885307179587,real,140
74.4,left,0.95,0.10072298084597048,28.453424465552352,2.512,24.951,9.385485307179586,real,129
74.4,left,0.87,-7.27657148622922,28.20903472341537,2.512,24.951,9.385485307179586,real,134
74.4,left,0.92,-14.803768374218532,26.773614224243094,2.512,24.951,9.385485307179586,real,138
74.4,right,0.91,-0.12052229324577102,21.552789239090075,2.512,24.951,9.385485307179586,real,127
74.4,right,0.88,-6.21689936142787,21.510237593488316,2.512,24.951,9.385485307179586,real,131
74.4,right,0.92,-12.475118094583575,20.202066623018855,2.512,24.951,9.385485307179586,real,136
74.4,right,0.99,-18.283539589297668,18.54896023208594,2.512,24.951,9.385485307179586,real,140
74.5,left,0.99,0.3027445871458652,28.46457764766576,2.093,24.966,9.391985307179587,real,129
74.5,left,0.81,-7.862553267553551,27.704883008984467,2.093,24.966,9.391985307179587,real,134
74.5,left,0.98,-14.883484705954048,26.815598612809907,2.093,24.966,9.391985307179587,real,138
74.5,right,0.78,0.036343819097977695,21.74670033181788,2.093,24.966,9.391985307179587,real,127
74.5,right,0.94,-6.238670271441198,21.23916495025834,2.093,24.966,9.391985307179587,real,131
74.5,right,0.94,-12.604861909545958,19.96520693410354,2.093,24.966,9.391985307179587,real,136
74.5,right,0.99,-18.56126239177869,18.40365856941621,2.093,24.966,9.391985307179587,real,140
74.6,left,0.78,-0.16297066508858954,28.363297008280632,1.675,24.978,9.398585307179587,real,129
74.6,left,0.89,-7.569773214589687,28.124196626214754,1.675,24.978,9.398585307179587,real,134
74.6,left,0.84,-15.066481573753617,26.897111960170182,1.675,24.978,9.398585307179587,real,138
74.6,right,0.85,0.1322443764957429,21.609248734895083,1.675,24.978,9.398585307179587,real,127
74.6,right,0.89,-6.202506332880436,21.128988961378695,1.675,24.978,9.398585307179587,real,131
74.6,right,0.99,-12.65662978869935,20.13968091175609,1.675,24.978,9.398585307179587,real,136
74.6,right,0.86,-18.15156080553038,18.266948918045216,1.675,24.978,9.398585307179587,real,140
74.7,left,0.76,0.34611303158729695,28.320465559418842,1.256,24.988,9.405185307179586,real,129
74.7,left,0.82,-7.7315055760575415,27.908638375481395,1.256,24.988,9.405185307179586,real,134
74.7,left,0.89,-14.39542764206363,26.90600150293124,1.256,24.988,9.405185307179586,real,138
74.7,right,0.93,-0.13661224283301188,21.703652859225805,1.256,24.988,9.405185307179586,real,127
74.7,right,0.88,-6.367330010132328,21.217628061236418,1.256,24.988,9.405185307179586,real,131
74.7,right,0.75,-12.56245705300131,19.995764761716615,1.256,24.988,9.405185307179586,real,136
74.7,right,0.9,-18.4256249918716,18.51334791055649,1.256,24.988,9.405185307179586,real,140
74.8,left,0.95,0.24223149419824316,28.53010295288479,0.838,24.995,9.411685307179585,real,129
74.8,left,0.87,-7.935676414566511,28.2851494149171,0.838,24.995,9.411685307179585,real,134
74.8,left,0.82,-15.128181177674877,26.995205139894537,0.838,24.995,9.411685307179585,real,138
74.8,right,0.96,0.05781278678082306,21.39590595950463,0.838,24.995,9.411685307179585,real,127
74.8,right,0.84,-6.38846123519086,21.035271471895605,0.838,24.995,9.411685307179585,real,131
74.8,right,0.82,-12.444058478292794,20.26548706744441,0.838,24.995,9.411685307179585,real,136
74.8,right,0.77,-18.450591306403105,18.43096904223095,0.838,24.995,9.411685307179585,real,140
74.9,left,0.92,-0.1835233119425837,28.562049628978766,0.419,24.999,9.418185307179586,real,129
74.9,left,0.96,-7.672015352551098,28.360413923452814,0.419,24.999,9.418185307179586,real,134
74.9,left,0.83,-14.945302302401632,26.672327152835294,0.419,24.999,9.418185307179586,real,138
74.9,right,0.87,0.04662570920619479,21.606381190355183,0.419,24.999,9.418185307179586,real,127
74.9,right,0.92,-6.512517034852529,20.999609847045523,0.419,24.999,9.418185307179586,real,131
74.9,right,0.82,-12.461130343606499,20.622818521621028,0.419,24.999,9.418185307179586,real,136
74.9,right,0.79,-18.153633547741023,18.138292959080328,0.419,24.999,9.418185307179586,real,140
75.0,left,0.84,-0.03802637361161714,28.589999720739538,0.0,25.0,9.424785307179587,real,129
75.0,left,0.97,-7.469024206220082,28.29494512957325,0.0,25.0,9.424785307179587,real,134
75.0,left,0.97,-14.8490102184559,26.390890913117303,0.0,25.0,9.424785307179587,real,138
75.0,left,0.87,-21.827997935069707,24.718839642565587,0.0,25.0,9.424785307179587,real,142
75.0,right,0.83,-0.05497419205945919,21.48699959604224,0.0,25.0,9.424785307179587,real,127
75.0,right,0.89,-6.244971848387567,21.167954121771665,0.0,25.0,9.424785307179587,real,131
75.0,right,0.85,-12.766966154743661,20.39290620850521,0.0,25.0,9.424785307179587,real,136
75.0,right,0.9,-18.09995266659061,18.55686703014912,0.0,25.0,9.424785307179587,real,140
75.1,left,0.86,-7.478226874689438,28.195530765011092,-0.419,24.999,9.431370614359173,real,134
75.1,left,0.95,-15.133544775845936,27.00503640037391,-0.419,24.999,9.431370614359173,real,138
75.1,left,0.76,-21.53450605760174,24.702787354448787,-0.419,24.999,9.431370614359173,real,142
75.1,right,0.8,-6.0470407080516715,21.042810572215576,-0.419,24.999,9.431370614359173,real,131
75.1,right,0.95,-12.316346776409997,20.158460290231403,-0.419,24.999,9.431370614359173,real,136
75.1,right,0.97,-18.59873197268059,18.831014153591536,-0.419,24.999,9.431370614359173,real,140
75.2,left,0.88,-7.402116945520036,28.24533932467623,-0.838,24.995,9.437870614359174,real,134
75.2,left,0.88,-14.78573759830064,26.869552983767253,-0.838,24.995,9.437870614359174,real,138
75.2,left,0.98,-21.6565166909327,24.74541676867882,-0.838,24.995,9.437870614359174,real,142
75.2,right,0.9,-6.470284427680275,21.389951577896593,-0.838,24.995,9.437870614359174,real,131
75.2,right,0.86,-12.345219384412117,20.429953008017332,-0.838,24.995,9.437870614359174,real,136
75.2,right,0.95,-18.19616774262233,18.47818347511719,-0.838,24.995,9.437870614359174,real,140
75.3,left,0.94,-7.280996017889415,28.297597103034853,-1.256,24.988,9.444370614359173,real,134
75.3,left,0.83,-14.753523452912289,26.51585785925352,-1.256,24.988,9.444370614359173,real,138
75.3,left,0.88,-21.357472363217425,24.76414104707194,-1.256,24.988,9.444370614359173,real,142
75.3,right,0.91,-6.495964229675184,21.05558701663666,-1.256,24.988,9.444370614359173,real,131
75.3,right,0.88,-12.655064627751779,20.285773866312013,-1.256,24.988,9.444370614359173,real,136
75.3,right,0.87,-18.133548933507363,18.113025672988698,-1.256,24.988,9.444370614359173,real,140
75.4,left,0.96,-7.602889152503988,27.95077028975088,-1.675,24.978,9.450970614359171,real,134
75.4,left,0.94,-14.921480340436384,26.884733224767537,-1.675,24.978,9.450970614359171,real,138
75.4,left,0.8,-21.449074601626613,24.760048974984436,-1.675,24.978,9.450970614359171,real,142
75.4,right,0.87,-6.213071920590882,20.835728613001727,-1.675,24.978,9.450970614359171,real,131
75.4,right,0.87,-12.859055030682153,19.98438056409249,-1.675,24.978,9.450970614359171,real,136
75.4,right,0.78,-18.269830284100024,18.492162363894945,-1.675,24.978,9.450970614359171,real,140
75.5,left,0.86,-7.967049330262526,28.28719443357994,-2.093,24.966,9.457570614359172,real,134
75.5,left,0.91,-14.62709932126546,26.74600427096475,-2.093,24.966,9.457570614359172,real,138
75.5,left,0.84,-21.694904482088603,24.67215875872385,-2.093,24.966,9.457570614359172,real,142
75.5,right,0.91,-6.554342382925208,21.334774705100877,-2.093,24.966,9.457570614359172,real,131
75.5,right,0.81,-12.560777839936682,19.877059334819226,-2.093,24.966,9.457570614359172,real,136
75.5,right,0.78,-18.43489723471106,18.777874939034994,-2.093,24.966,9.457570614359172,real,140
75.5,right,0.85,-23.4262076906577,16.47899000664762,-2.093,24.966,9.457570614359172,real,143
75.5,left,0.45,-6.6172694840399995,21.91102133628,-2.093,24.966,9.457570614359172,ghost,144
75.6,left,0.89,-7.091069864498151,27.79031403265734,-2.512,24.951,9.464070614359173,real,134
75.6,left,0.87,-14.970729450450863,26.68492776102938,-2.512,24.951,9.464070614359173,real,138
75.6,left,0.86,-21.72888827103882,24.468739511870652,-2.512,24.951,9.464070614359173,real,142
75.6,right,0.84,-6.667634910242261,21.576151189641852,-2.512,24.951,9.464070614359173,real,131
75.6,right,0.91,-12.728433860035235,20.230028576285854,-2.512,24.951,9.464070614359173,real,136
75.6,right,0.96,-18.243533746913695,18.673179759684455,-2.512,24.951,9.464070614359173,real,140
75.6,right,0.77,-23.537157838997405,16.319415971257307,-2.512,24.951,9.464070614359173,real,143
75.7,left,0.81,-7.546049750763235,28.11958668460136,-2.93,24.933,9.470670614359172,real,134
75.7,left,0.99,-15.208997701095583,26.852703220940523,-2.93,24.933,9.470670614359172,real,138
75.7,left,0.82,-21.76622175403161,24.614523889520182,-2.93,24.933,9.470670614359172,real,142
75.7,right,0.8,-6.567631929055861,21.114097153800145,-2.93,24.933,9.470670614359172,real,131
75.7,right,0.9,-12.346408592277655,20.082901112010234,-2.93,24.933,9.470670614359172,real,136
75.7,right,0.8,-18.217152382697176,18.700115753666196,-2.93,24.933,9.470670614359172,real,140
75.7,right,0.89,-23.27980939001272,16.61466279896335,-2.93,24.933,9.470670614359172,real,143
75.8,left,0.79,-7.686537887301419,28.13116136977871,-3.347,24.912,9.477170614359173,real,134
75.8,left,0.99,-14.414452904340834,26.941196444457166,-3.347,24.912,9.477170614359173,real,138
75.8,left,0.91,-21.707443701671263,24.840389401900968,-3.347,24.912,9.477170614359173,real,142
75.8,right,0.88,-6.529878119722513,21.21724698051525,-3.347,24.912,9.477170614359173,real,131
75.8,right,0.78,-12.733370916840574,19.975674543601336,-3.347,24.912,9.477170614359173,real,136
75.8,right,0.91,-18.253081965226816,18.412469521116165,-3.347,24.912,9.477170614359173,real,140
75.8,right,0.86,-23.612205618383978,16.403061979035304,-3.347,24.912,9.477170614359173,real,143
75.9,left,0.92,-7.332372216093275,27.910871063995543,-3.764,24.889,9.483770614359173,real,134
75.9,left,0.88,-14.910682651966829,26.912328657520003,-3.764,24.889,9.483770614359173,real,138
75.9,left,0.93,-21.550439678597613,24.676970380351186,-3.764,24.889,9.483770614359173,real,142
75.9,right,0.94,-6.175663342676906,21.45383640541117,-3.764,24.889,9.483770614359173,real,131
75.9,right,0.93,-12.470189152047736,20.19152509865499,-3.764,24.889,9.483770614359173,real,136
75.9,right,0.87,-18.182983587437906,18.79828400717976,-3.764,24.889,9.483770614359173,real,140
75.9,right,0.86,-23.45588873594923,16.402233654035488,-3.764,24.889,9.483770614359173,real,143
75.9,right,0.54,-20.52950620953797,31.899727461393983,-3.764,24.889,9.483770614359173,ghost,145
76.0,left,0.99,-7.386710351818213,28.247157079723923,-4.181,24.863,9.490370614359172,real,134
76.0,left,0.84,-14.672470073364746,26.478804660128166,-4.181,24.863,9.490370614359172,real,138
76.0,left,0.86,-21.634526374358625,24.664570920558912,-4.181,24.863,9.490370614359172,real,142
76.0,right,0.91,-6.268568570262388,21.111100818991446,-4.181,24.863,9.490370614359172,real,131
76.0,right,0.88,-12.683238250196382,19.98021537062123,-4.181,24.863,9.490370614359172,real,136
76.0,right,0.83,-18.27196801605555,18.480673905972875,-4.181,24.863,9.490370614359172,real,140
76.0,right,0.98,-23.45685780712078,16.23399572374304,-4.181,24.863,9.490370614359172,real,143
76.1,left,0.88,-7.531913476380034,27.929367488063875,-4.597,24.834,9.496970614359173,real,134
76.1,left,0.83,-14.96566242466143,26.77015198871734,-4.597,24.834,9.496970614359173,real,138
76.1,left,0.95,-21.690652312160754,24.572353996855508,-4.597,24.834,9.496970614359173,real,142
76.1,right,0.81,-6.358427973799936,21.116264467029016,-4.597,24.834,9.496970614359173,real,131
76.1,right,0.95,-12.24556512738601,20.059873850416746,-4.597,24.834,9.496970614359173,real,136
76.1,right,0.77,-18.073206792045106,18.998762344339575,-4.597,24.834,9.496970614359173,real,140
76.1,right,0.92,-23.673426129346872,16.567485853664067,-4.597,24.834,9.496970614359173,real,143
76.2,left,0.85,-7.735529123822174,27.85316985919474,-5.013,24.803,9.503570614359173,real,134
76.2,left,0.88,-14.940735463488306,27.139826601824925,-5.013,24.803,9.503570614359173,real,138
76.2,left,0.84,-21.57648732899467,24.613681479424233,-5.013,24.803,9.503570614359173,real,142
76.2,right,0.88,-6.427200804001812,21.306839665295566,-5.013,24.803,9.503570614359173,real,131
76.2,right,0.85,-12.282603337900607,20.166415987002463,-5.013,24.803,9.503570614359173,real,136
76.2,right,0.83,-18.228141908005107,18.50327585117514,-5.013,24.803,9.503570614359173,real,140
76.2,right,0.85,-23.33195616924647,16.69895077327226,-5.013,24.803,9.503570614359173,real,143
76.3,left,0.91,-7.684200141599946,27.946233438280473,-5.429,24.769,9.510170614359172,real,134
76.3,left,0.75,-14.759807800870915,26.853781950997867,-5.429,24.769,9.510170614359172,real,138
76.3,left,0.78,-21.840993830946452,24.255367356006712,-5.429,24.769,9.510170614359172,real,142
76.3,right,0.83,-6.160399811071342,21.013937242020475,-5.429,24.769,9.510170614359172,real,131
76.3,right,0.84,-12.523496386332868,20.004557742577845,-5.429,24.769,9.510170614359172,real,136
76.3,right,0.87,-18.137690035419368,18.922787586511028,-5.429,24.769,9.510170614359172,real,140
76.3,right,0.87,-23.48255697268312,16.324462082855884,-5.429,24.769,9.510170614359172,real,143
76.4,left,0.89,-7.558387508766887,28.06451041930352,-5.843,24.732,9.516770614359173,real,134
76.4,left,0.94,-15.269968922650962,26.714392981064286,-5.843,24.732,9.516770614359173,real,138
76.4,left,0.87,-21.71448305194177,24.942890331511887,-5.843,24.732,9.516770614359173,real,142
76.4,right,0.81,-6.302594499877932,21.157666790059725,-5.843,24.732,9.516770614359173,real,131
76.4,right,0.98,-12.450223746789932,20.391688564186293,-5.843,24.732,9.516770614359173,real,136
76.4,right,0.99,-18.656410439505503,18.660248777430734,-5.843,24.732,9.516770614359173,real,140
76.4,right,0.84,-23.598156786109666,16.372612432680018,-5.843,24.732,9.516770614359173,real,143
76.5,left,0.84,-7.8019653373108415,27.984793966604652,-6.257,24.692,9.523470614359173,real,134
76.5,left,0.94,-14.90928784987029,26.794700397818712,-6.257,24.692,9.523470614359173,real,138
76.5,left,0.79,-22.02453754852105,24.61902975963602,-6.257,24.692,9.523470614359173,real,142
76.5,left,0.85,-27.970994536403786,21.853653602354587,-6.257,24.692,9.523470614359173,real,146
76.5,right,0.93,-6.354704129714765,21.030555762675515,-6.257,24.692,9.523470614359173,real,131
76.5,right,0.87,-12.48865913383668,20.270463000305227,-6.257,24.692,9.523470614359173,real,136
76.5,right,0.82,-18.063463953344677,18.836184009177472,-6.257,24.692,9.523470614359173,real,140
76.5,right,0.86,-23.867667184180707,16.33913017412455,-6.257,24.692,9.523470614359173,real,143
76.6,left,0.87,-7.596162749229194,28.075739319831367,-6.671,24.65,9.530070614359172,real,134
76.6,left,0.94,-14.640773485143924,26.701754028994912,-6.671,24.65,9.530070614359172,real,138
76.6,left,0.84,-21.69106784618956,24.268303922128517,-6.671,24.65,9.530070614359172,real,142
76.6,left,0.99,-28.065465422565772,22.213989063522593,-6.671,24.65,9.530070614359172,real,146
76.6,right,0.88,-6.5399008113751,21.420895015218317,-6.671,24.65,9.530070614359172,real,131
76.6,right,0.79,-12.497314839943957,20.064268282394963,-6.671,24.65,9.530070614359172,real,136
76.6,right,0.95,-18.21003473369922,18.723445991599924,-6.671,24.65,9.530070614359172,real,140
76.6,right,0.87,-23.59524403085719,16.491107122654775,-6.671,24.65,9.530070614359172,real,143
76.7,left,0.86,-7.474825973333704,28.089036223494396,-7.083,24.605,9.536770614359172,real,134
76.7,left,0.89,-14.8915706020296,26.552524878690665,-7.083,24.605,9.536770614359172,real,138
76.7,left,0.99,-21.493805037777154,24.62760891807598,-7.083,24.605,9.536770614359172,real,142
76.7,left,0.86,-28.102021946256237,21.80741578807741,-7.083,24.605,9.536770614359172,real,146
76.7,right,0.78,-12.29125278576419,19.948762901271074,-7.083,24.605,9.536770614359172,real,136
76.7,right,0.85,-18.455193181527765,18.609498999915573,-7.083,24.605,9.536770614359172,real,140
76.7,right,0.86,-23.328273046473615,16.341682951410018,-7.083,24.605,9.536770614359172,real,143
76.7,right,0.95,-27.960639186582235,13.928860342104654,-7.083,24.605,9.536770614359172,real,147
76.8,left,0.99,-15.062734210345916,26.680815651500872,-7.495,24.557,9.543470614359173,real,138
76.8,left,0.88,-22.089775221123478,24.66754973939431,-7.495,24.557,9.543470614359173,real,142
76.8,left,0.84,-28.01218599349574,21.946105151810546,-7.495,24.557,9.543470614359173,real,146
76.8,right,0.78,-12.5057191901075,20.152672333046908,-7.495,24.557,9.543470614359173,real,136
76.8,right,0.92,-18.27893456720072,18.54472886087683,-7.495,24.557,9.543470614359173,real,140
76.8,right,0.83,-23.80751969713854,16.70109482424418,-7.495,24.557,9.543470614359173,real,143
76.8,right,0.85,-27.889535233136115,13.815423643413894,-7.495,24.557,9.543470614359173,real,147
76.9,left,0.83,-14.934875486705327,26.727371453697092,-7.906,24.507,9.550170614359173,real,138
76.9,left,0.87,-21.967821857754632,24.862156361021594,-7.906,24.507,9.550170614359173,real,142
76.9,left,0.93,-28.12033537790484,21.649472532138205,-7.906,24.507,9.550170614359173,real,146
76.9,right,0.91,-12.292242946123132,20.323592080900422,-7.906,24.507,9.550170614359173,real,136
76.9,right,0.81,-18.234492543885075,18.521278091081204,-7.906,24.507,9.550170614359173,real,140
76.9,right,0.92,-23.376910117475905,16.306758165945244,-7.906,24.507,9.550170614359173,real,143
76.9,right,0.94,-27.94697335474472,13.797505287623885,-7.906,24.507,9.550170614359173,real,147
77.0,left,0.86,-14.969296702237934,26.81022834037575,-8.316,24.454,9.556870614359173,real,138
77.0,left,0.9,-21.821145721430245,24.75386504120087,-8.316,24.454,9.556870614359173,real,142
77.0,left,0.88,-28.07790384882563,21.453039275536813,-8.316,24.454,9.556870614359173,real,146
77.0,right,0.84,-12.506463705631838,19.814662985750843,-8.316,24.454,9.556870614359173,real,136
77.0,right,0.86,-18.236097363922156,18.650881158350735,-8.316,24.454,9.556870614359173,real,140
77.0,right,0.92,-23.79584003237955,16.755098612663005,-8.316,24.454,9.556870614359173,real,143
77.0,right,0.98,-28.10482018642423,13.91885972426713,-8.316,24.454,9.556870614359173,real,147
77.1,left,0.84,-14.931796852170391,26.885362745880073,-8.726,24.398,9.563570614359172,real,138
77.1,left,0.79,-21.75236393521335,24.58664948283249,-8.726,24.398,9.563570614359172,real,142
77.1,left,0.84,-28.11851127745594,21.933394686010754,-8.726,24.398,9.563570614359172,real,146
77.1,right,0.86,-12.064278649979267,20.431010000631133,-8.726,24.398,9.563570614359172,real,136
77.1,right,0.97,-18.144998983124427,18.79199650768027,-8.726,24.398,9.563570614359172,real,140
77.1,right,0.85,-23.331041819478187,16.574193608524475,-8.726,24.398,9.563570614359172,real,143
77.1,right,0.94,-27.996016659527804,13.60424634607956,-8.726,24.398,9.563570614359172,real,147
77.2,left,0.9,-15.105359133178856,26.849240247984532,-9.134,24.339,9.570370614359172,real,138
77.2,left,0.94,-21.706866501609984,25.02722447841788,-9.134,24.339,9.570370614359172,real,142
77.2,left,0.87,-28.239969708288314,21.80127926950789,-9.134,24.339,9.570370614359172,real,146
77.2,right,0.84,-12.14975450159538,20.147128247893644,-9.134,24.339,9.570370614359172,real,136
77.2,right,0.95,-17.969713686818892,18.771218337204537,-9.134,24.339,9.570370614359172,real,140
77.2,right,0.9,-23.361034153711284,16.59502794496696,-9.134,24.339,9.570370614359172,real,143
77.2,right,0.97,-27.909105621207882,13.78244213711267,-9.134,24.339,9.570370614359172,real,147
77.3,left,0.96,-14.892060981593916,26.79029683183798,-9.541,24.278,9.577070614359172,real,138
77.3,left,0.85,-21.738850949803854,24.348343488463108,-9.541,24.278,9.577070614359172,real,142
77.3,left,0.84,-27.966109035017418,22.04902690735855,-9.541,24.278,9.577070614359172,real,146
77.3,right,0.85,-12.234541663448395,20.22648444316603,-9.541,24.278,9.577070614359172,real,136
77.3,right,0.9,-18.22159821607192,18.64289142862988,-9.541,24.278,9.577070614359172,real,140
77.3,right,0.75,-23.222715578260832,16.633946897386508,-9.541,24.278,9.577070614359172,real,143
77.3,right,0.76,-27.842359931950956,13.451288881604903,-9.541,24.278,9.577070614359172,real,147
77.4,left,0.94,-15.130232884872399,26.80168442739873,-9.948,24.215,9.583870614359173,real,138
77.4,left,0.87,-21.457691184150708,24.583257851896605,-9.948,24.215,9.583870614359173,real,142
77.4,left,0.72,-27.90802874777424,21.647303098276037,-9.948,24.215,9.583870614359173,real,146
77.4,right,0.88,-12.636023681177763,20.270341499010648,-9.948,24.215,9.583870614359173,real,136
77.4,right,0.85,-18.07181235602755,18.749991051786452,-9.948,24.215,9.583870614359173,real,140
77.4,right,0.99,-23.601091021586534,16.234259460659484,-9.948,24.215,9.583870614359173,real,143
77.4,right,0.92,-28.18079046262552,13.228777630778097,-9.948,24.215,9.583870614359173,real,147
77.5,left,0.74,-15.152923180728546,26.752126429170584,-10.353,24.148,9.590670614359173,real,138
77.5,left,0.97,-21.629613036959565,24.576747495238795,-10.353,24.148,9.590670614359173,real,142
77.5,left,0.88,-27.74715974560075,21.830842313410148,-10.353,24.148,9.590670614359173,real,146
77.5,right,0.91,-12.328831037088463,20.282659560546065,-10.353,24.148,9.590670614359173,real,136
77.5,right,0.88,-17.93579248521765,18.471907142573624,-10.353,24.148,9.590670614359173,real,140
77.5,right,0.96,-23.281672513596494,16.63997708872872,-10.353,24.148,9.590670614359173,real,143
77.5,right,0.79,-27.961968452968193,13.794035782253687,-10.353,24.148,9.590670614359173,real,147
77.6,left,0.97,-14.844276671703133,26.599796383873823,-10.757,24.079,9.597570614359173,real,138
77.6,left,0.86,-21.745873230320875,24.632886385405218,-10.757,24.079,9.597570614359173,real,142
77.6,left,0.91,-27.716770727183192,21.99804880370055,-10.757,24.079,9.597570614359173,real,146
77.6,right,0.84,-12.598829535527905,20.231024433282215,-10.757,24.079,9.597570614359173,real,136
77.6,right,0.8,-17.912115494110623,18.585992420728143,-10.757,24.079,9.597570614359173,real,140
77.6,right,0.84,-23.113976142328166,16.709674005179814,-10.757,24.079,9.597570614359173,real,143
77.6,right,0.99,-27.958483887977955,13.873503047296772,-10.757,24.079,9.597570614359173,real,147
77.7,left,0.84,-14.95558802101595,27.105838746162867,-11.16,24.007,9.604370614359173,real,138
77.7,left,0.94,-22.021717877901644,24.454989666032397,-11.16,24.007,9.604370614359173,real,142
77.7,left,0.88,-27.8295118055838,21.67483594841563,-11.16,24.007,9.604370614359173,real,146
77.7,right,0.77,-12.519452569645109,20.1867192889939,-11.16,24.007,9.604370614359173,real,136
77.7,right,0.85,-18.07886462792358,18.775958300637637,-11.16,24.007,9.604370614359173,real,140
77.7,right,0.97,-23.465220381599952,16.277618112665337,-11.16,24.007,9.604370614359173,real,143
77.7,right,0.96,-27.78021387757232,13.845722734628659,-11.16,24.007,9.604370614359173,real,147
77.8,left,0.96,-14.80598779632282,26.806154225188052,-11.561,23.933,9.611270614359173,real,138
77.8,left,0.79,-21.91351250832338,24.822935258885703,-11.561,23.933,9.611270614359173,real,142
77.8,left,0.77,-27.897477896500632,21.75523510517174,-11.561,23.933,9.611270614359173,real,146
77.8,right,0.89,-12.338245414886723,20.210339450737205,-11.561,23.933,9.611270614359173,real,136
77.8,right,0.87,-18.085139887952387,18.901085878869885,-11.561,23.933,9.611270614359173,real,140
77.8,right,0.99,-23.388309384501873,16.39434111905348,-11.561,23.933,9.611270614359173,real,143
77.8,right,0.82,-27.895076579265123,13.64708986512605,-11.561,23.933,9.611270614359173,real,147
77.9,left,0.85,-14.957525023411026,26.887811312420084,-11.962,23.856,9.618170614359173,real,138
77.9,left,0.82,-21.876681455453724,24.750172599044475,-11.962,23.856,9.618170614359173,real,142
77.9,left,0.85,-28.07255868187841,21.827913473800454,-11.962,23.856,9.618170614359173,real,146
77.9,right,0.87,-12.36073493773269,20.272564434871015,-11.962,23.856,9.618170614359173,real,136
77.9,right,0.97,-18.18750569635124,18.431397542243467,-11.962,23.856,9.618170614359173,real,140
77.9,right,0.9,-23.718809525334954,16.569632263947067,-11.962,23.856,9.618170614359173,real,143
77.9,right,0.96,-28.03361430135414,13.772222793590245,-11.962,23.856,9.618170614359173,real,147
77.9,right,0.99,-31.75255295338851,10.793961001469748,-11.962,23.856,9.618170614359173,real,148
78.0,left,0.89,-14.849033209503794,26.620672871949647,-12.361,23.776,9.625170614359172,real,138
78.0,left,0.82,-21.934137997198118,24.783590634435235,-12.361,23.776,9.625170614359172,real,142
78.0,left,0.91,-27.66813556424212,22.20766654760086,-12.361,23.776,9.625170614359172,real,146
78.0,left,0.84,-32.953078800918476,18.013750121978045,-12.361,23.776,9.625170614359172,real,149
78.0,right,0.85,-12.509260409224357,20.04482165381275,-12.361,23.776,9.625170614359172,real,136
78.0,right,0.96,-18.22649954269226,18.617212922141785,-12.361,23.776,9.625170614359172,real,140
78.0,right,0.88,-23.54427707965693,16.217668784736937,-12.361,23.776,9.625170614359172,real,143
78.0,right,0.91,-28.0937153848002,13.572143296729852,-12.361,23.776,9.625170614359172,real,147
78.0,right,0.89,-31.675906972933408,10.796549409665738,-12.361,23.776,9.625170614359172,real,148
78.1,left,0.83,-14.795302257250924,26.91873634776555,-12.758,23.694,9.632070614359172,real,138
78.1,left,0.83,-21.667104552815793,24.575272413613924,-12.758,23.694,9.632070614359172,real,142
78.1,left,0.84,-28.01612700255937,21.864539868221062,-12.758,23.694,9.632070614359172,real,146
78.1,left,0.95,-33.25223809046271,18.3516849501899,-12.758,23.694,9.632070614359172,real,149
78.1,right,0.88,-12.564298235589234,20.154082398351036,-12.758,23.694,9.632070614359172,real,136
78.1,right,0.9,-18.333385141222003,18.53405731358953,-12.758,23.694,9.632070614359172,real,140
78.1,right,0.93,-23.795925393336436,16.6760277137097,-12.758,23.694,9.632070614359172,real,143
78.1,right,0.79,-28.42697219876527,14.231574505745318,-12.758,23.694,9.632070614359172,real,147
78.1,right,0.89,-31.573655337867397,10.807651284922393,-12.758,23.694,9.632070614359172,real,148
78.2,left,0.84,-14.844021833624144,26.512224112179585,-13.155,23.609,9.639070614359174,real,138
78.2,left,0.82,-22.03156008866188,24.598987369805787,-13.155,23.609,9.639070614359174,real,142
78.2,left,0.85,-27.960099132720714,21.52800368325355,-13.155,23.609,9.639070614359174,real,146
78.2,left,0.88,-33.36801055469032,18.801616687221863,-13.155,23.609,9.639070614359174,real,149
78.2,right,0.92,-12.581411040439026,19.82134245139958,-13.155,23.609,9.639070614359174,real,136
78.2,right,0.95,-18.108548905138285,18.97357065155737,-13.155,23.609,9.639070614359174,real,140
78.2,right,0.98,-23.42749382958907,16.42619751621595,-13.155,23.609,9.639070614359174,real,143
78.2,right,0.9,-27.555022980189438,13.586500153653478,-13.155,23.609,9.639070614359174,real,147
78.2,right,0.95,-31.654336487917902,10.72531145568983,-13.155,23.609,9.639070614359174,real,148
78.3,left,0.94,-15.136480290399414,27.225083348801938,-13.55,23.522,9.646070614359171,real,138
78.3,left,0.84,-21.69917135379616,24.612933658142445,-13.55,23.522,9.646070614359171,real,142
78.3,left,0.99,-27.6175312398193,21.528696757463088,-13.55,23.522,9.646070614359171,real,146
78.3,left,0.87,-33.67621029388922,18.348316572677888,-13.55,23.522,9.646070614359171,real,149
78.3,right,0.82,-18.20001068181319,18.554223267997717,-13.55,23.522,9.646070614359171,real,140
78.3,right,0.84,-23.17863881197124,16.591600038338257,-13.55,23.522,9.646070614359171,real,143
78.3,right,0.82,-27.946455311089103,13.81950880052889,-13.55,23.522,9.646070614359171,real,147
78.3,right,0.73,-31.691721120196583,10.575346502010134,-13.55,23.522,9.646070614359171,real,148
78.4,left,0.91,-15.066683067056008,27.18401843876221,-13.943,23.432,9.653170614359173,real,138
78.4,left,0.95,-21.557019590942176,24.35198351547662,-13.943,23.432,9.653170614359173,real,142
78.4,left,0.81,-28.283806815108353,22.020409446141755,-13.943,23.432,9.653170614359173,real,146
78.4,left,0.87,-33.52085707239129,18.628597304720486,-13.943,23.432,9.653170614359173,real,149
78.4,right,0.85,-18.319183692190826,18.752663584203088,-13.943,23.432,9.653170614359173,real,140
78.4,right,0.9,-23.468824108356596,16.433497013171152,-13.943,23.432,9.653170614359173,real,143
78.4,right,0.74,-27.962628594011715,13.788354626700063,-13.943,23.432,9.653170614359173,real,147
78.4,right,0.82,-31.80969785511983,10.648801935593095,-13.943,23.432,9.653170614359173,real,148
78.5,left,0.92,-22.226052124035462,24.58829699020523,-14.335,23.34,9.660270614359172,real,142
78.5,left,0.93,-28.07316169431187,21.822705611642224,-14.335,23.34,9.660270614359172,real,146
78.5,left,0.96,-33.56664139778423,18.161915977213987,-14.335,23.34,9.660270614359172,real,149
78.5,right,0.83,-18.14511440442274,19.075308660030558,-14.335,23.34,9.660270614359172,real,140
78.5,right,0.79,-23.52353279103441,16.319338838251383,-14.335,23.34,9.660270614359172,real,143
78.5,right,0.81,-27.760650896049846,14.112824808350283,-14.335,23.34,9.660270614359172,real,147
78.5,right,0.88,-31.651510977348703,10.617529423442871,-14.335,23.34,9.660270614359172,real,148
78.6,left,0.76,-21.74610194638185,24.803040877755617,-14.725,23.244,9.667370614359172,real,142
78.6,left,0.95,-27.92921166843976,21.901779744215066,-14.725,23.244,9.667370614359172,real,146
78.6,left,0.8,-33.56246833708277,18.50200720694305,-14.725,23.244,9.667370614359172,real,149
78.6,right,0.91,-18.186508409507976,18.65716617579124,-14.725,23.244,9.667370614359172,real,140
78.6,right,0.82,-23.538778312949,16.32824864167386,-14.725,23.244,9.667370614359172,real,143
78.6,right,0.83,-27.86853810338691,13.684747146098896,-14.725,23.244,9.667370614359172,real,147
78.6,right,0.82,-31.499096044698707,10.621929809923284,-14.725,23.244,9.667370614359172,real,148
78.7,left,0.82,-21.92187451766275,24.55024928354095,-15.114,23.147,9.674470614359173,real,142
78.7,left,0.89,-27.821919732310427,21.68134244205707,-15.114,23.147,9.674470614359173,real,146
78.7,left,0.86,-33.22880517155169,18.023842907276403,-15.114,23.147,9.674470614359173,real,149
78.7,right,0.89,-18.304803052441887,18.56132383605999,-15.114,23.147,9.674470614359173,real,140
78.7,right,0.85,-23.68809710753167,16.227709661344086,-15.114,23.147,9.674470614359173,real,143
78.7,right,0.85,-28.045251788223453,13.799734560869272,-15.114,23.147,9.674470614359173,real,147
78.7,right,0.99,-31.62423643270894,10.885985444260726,-15.114,23.147,9.674470614359173,real,148
78.7,right,0.25,-24.86148090668561,28.1092238939612,-15.114,23.147,9.674470614359173,ghost,150
78.8,left,0.85,-21.749466975660088,24.477350115910518,-15.501,23.047,9.681670614359172,real,142
78.8,left,0.93,-28.145103425807182,21.60718280414106,-15.501,23.047,9.681670614359172,real,146
78.8,left,0.88,-33.16944043336425,18.235988707905648,-15.501,23.047,9.681670614359172,real,149
78.8,right,0.94,-18.47307046684024,18.452080834210896,-15.501,23.047,9.681670614359172,real,140
78.8,right,0.79,-23.54838029395902,16.32578824880513,-15.501,23.047,9.681670614359172,real,143
78.8,right,0.93,-28.01662538138675,13.836835489374371,-15.501,23.047,9.681670614359172,real,147
78.8,right,0.86,-31.65589201233734,10.620641560387885,-15.501,23.047,9.681670614359172,real,148
78.9,left,0.96,-21.660559631833806,24.69225915081129,-15.886,22.944,9.688870614359173,real,142
78.9,left,0.79,-28.127598616115986,21.791578062553825,-15.886,22.944,9.688870614359173,real,146
78.9,left,0.78,-33.06229934167084,18.334601674261826,-15.886,22.944,9.688870614359173,real,149
78.9,right,0.94,-18.352489711448047,18.38510556128781,-15.886,22.944,9.688870614359173,real,140
78.9,right,0.89,-23.089180198009693,16.295213641949303,-15.886,22.944,9.688870614359173,real,143
78.9,right,0.79,-27.576288514596953,14.029370762309705,-15.886,22.944,9.688870614359173,real,147
78.9,right,0.85,-31.62666838860046,10.807378695859619,-15.886,22.944,9.688870614359173,real,148
78.9,right,0.77,-34.35029593821318,7.5556836039128665,-15.886,22.944,9.688870614359173,real,151
79.0,left,0.87,-21.856031849947456,24.803156589397265,-16.269,22.839,9.696170614359172,real,142
79.0,left,0.91,-27.954699771588828,21.74223163416845,-16.269,22.839,9.696170614359172,real,146
79.0,left,0.77,-33.19593627030709,18.30436456802067,-16.269,22.839,9.696170614359172,real,149
79.0,right,0.9,-18.090571102919522,18.24659641178951,-16.269,22.839,9.696170614359172,real,140
79.0,right,0.92,-23.244083350895536,16.63094158789885,-16.269,22.839,9.696170614359172,real,143
79.0,right,0.88,-27.753948599199024,13.776489549040154,-16.269,22.839,9.696170614359172,real,147
79.0,right,0.86,-31.306598948795916,10.772155430885341,-16.269,22.839,9.696170614359172,real,148
79.0,right,0.87,-34.087275611776796,7.328694193125642,-16.269,22.839,9.696170614359172,real,151
79.0,unknown,0.39,-21.30217932526675,14.979052743198121,-16.269,22.839,9.696170614359172,ghost,152
79.1,left,0.91,-21.81806098258988,24.747345655436423,-16.651,22.731,9.703470614359173,real,142
79.1,left,0.78,-28.1795645265449,21.755879516525987,-16.651,22.731,9.703470614359173,real,146
79.1,left,0.89,-33.13689564905948,18.230083132480488,-16.651,22.731,9.703470614359173,real,149
79.1,right,0.89,-18.132207279622357,19.00890784708469,-16.651,22.731,9.703470614359173,real,140
79.1,right,0.85,-23.780226988126696,16.282965372939913,-16.651,22.731,9.703470614359173,real,143
79.1,right,0.85,-27.90553885847093,13.73893727317431,-16.651,22.731,9.703470614359173,real,147
79.1,right,0.86,-31.59413330033018,10.722835145678449,-16.651,22.731,9.703470614359173,real,148
79.1,right,0.8,-34.07217515406333,7.372873120349389,-16.651,22.731,9.703470614359173,real,151
79.2,left,0.87,-21.846670923287935,24.631097400276698,-17.031,22.621,9.710770614359173,real,142
79.2,left,0.99,-28.277925855186115,21.628830756399893,-17.031,22.621,9.710770614359173,real,146
79.2,left,0.95,-33.313106872638066,18.139632263695372,-17.031,22.621,9.710770614359173,real,149
79.2,right,0.94,-18.623291064738012,18.330528911045374,-17.031,22.621,9.710770614359173,real,140
79.2,right,0.85,-23.551990591644543,16.623768830228123,-17.031,22.621,9.710770614359173,real,143
79.2,right,0.94,-27.847225454171983,13.978599180521535,-17.031,22.621,9.710770614359173,real,147
79.2,right,0.82,-31.419024214760228,10.681018459165308,-17.031,22.621,9.710770614359173,real,148
79.2,right,0.86,-34.42705692359483,7.344917108399546,-17.031,22.621,9.710770614359173,real,151
79.3,left,0.99,-21.8693965986573,24.47823810304399,-17.409,22.508,9.718170614359172,real,142
79.3,left,0.72,-27.957685358200795,21.978685146930374,-17.409,22.508,9.718170614359172,real,146
79.3,left,0.91,-33.40046152257781,18.324474886902983,-17.409,22.508,9.718170614359172,real,149
79.3,left,0.91,-37.73711774842019,14.363027452080386,-17.409,22.508,9.718170614359172,real,153
79.3,right,0.87,-18.274694618598666,18.554708608345532,-17.409,22.508,9.718170614359172,real,140
79.3,right,0.9,-23.45927550282694,16.452488102571987,-17.409,22.508,9.718170614359172,real,143
79.3,right,0.83,-28.289920705282626,13.846081586314044,-17.409,22.508,9.718170614359172,real,147
79.3,right,0.82,-31.583028517200134,10.728489416210987,-17.409,22.508,9.718170614359172,real,148
79.3,right,0.95,-34.28293026106057,7.054685451177013,-17.409,22.508,9.718170614359172,real,151
79.4,left,0.95,-21.845433452705148,24.49956620502489,-17.785,22.393,9.725570614359173,real,142
79.4,left,0.94,-27.924796993225804,21.777157539488407,-17.785,22.393,9.725570614359173,real,146
79.4,left,0.93,-33.29992984720896,18.171751625859425,-17.785,22.393,9.725570614359173,real,149
79.4,left,0.99,-37.71611261228839,14.306808187021616,-17.785,22.393,9.725570614359173,real,153
79.4,right,0.89,-18.259039444774515,18.534304934981535,-17.785,22.393,9.725570614359173,real,140
79.4,right,0.86,-23.630973009371033,16.515062557860503,-17.785,22.393,9.725570614359173,real,143
79.4,right,0.67,-27.71027090067364,14.024643975771522,-17.785,22.393,9.725570614359173,real,147
79.4,right,0.89,-31.60541681086884,10.933828818197451,-17.785,22.393,9.725570614359173,real,148
79.4,right,0.81,-34.129596860008704,7.230708501555785,-17.785,22.393,9.725570614359173,real,151
79.5,left,0.89,-21.70085542451678,24.621206909603256,-18.16,22.275,9.733070614359173,real,142
79.5,left,0.96,-27.893719763653586,21.61852489562846,-18.16,22.275,9.733070614359173,real,146
79.5,left,0.88,-33.50584540373448,18.364193197730028,-18.16,22.275,9.733070614359173,real,149
79.5,left,0.88,-37.67299495105489,14.592942655765547,-18.16,22.275,9.733070614359173,real,153
79.5,right,0.94,-18.432815644188896,18.92319129061848,-18.16,22.275,9.733070614359173,real,140
79.5,right,0.86,-23.64254640157651,16.57046724485165,-18.16,22.275,9.733070614359173,real,143
79.5,right,0.96,-28.10269838271919,14.15104493671505,-18.16,22.275,9.733070614359173,real,147
79.5,right,0.79,-31.734257672033742,10.368790962139412,-18.16,22.275,9.733070614359173,real,148
79.5,right,0.89,-34.240192065365996,7.296563461397559,-18.16,22.275,9.733070614359173,real,151
79.6,left,0.88,-21.96548979376272,24.784698240507307,-18.532,22.155,9.740570614359171,real,142
79.6,left,0.9,-27.897298558226975,21.66940663588583,-18.532,22.155,9.740570614359171,real,146
79.6,left,0.8,-33.33902009997197,18.435453689087048,-18.532,22.155,9.740570614359171,real,149
79.6,left,0.94,-37.743586909949016,13.965489794775523,-18.532,22.155,9.740570614359171,real,153
79.6,right,0.99,-18.29237754915248,18.691133073998103,-18.532,22.155,9.740570614359171,real,140
79.6,right,0.86,-23.597449086991702,16.578045764299752,-18.532,22.155,9.740570614359171,real,143
79.6,right,0.88,-28.2656474163511,13.77145898357016,-18.532,22.155,9.740570614359171,real,147
79.6,right,0.86,-31.67273255790695,10.69520105579665,-18.532,22.155,9.740570614359171,real,148
79.6,right,0.88,-34.34250345498945,7.435878372003083,-18.532,22.155,9.740570614359171,real,151
79.7,left,0.78,-21.645756793879013,24.44194803929906,-18.902,22.033,9.748170614359172,real,142
79.7,left,0.98,-27.901815534661104,21.816784038349034,-18.902,22.033,9.748170614359172,real,146
79.7,left,0.8,-33.38475808468256,18.266340968369697,-18.902,22.033,9.748170614359172,real,149
79.7,left,0.86,-38.200249070514445,14.395389849410453,-18.902,22.033,9.748170614359172,real,153
79.7,right,0.93,-18.39052153345813,18.67549649616505,-18.902,22.033,9.748170614359172,real,140
79.7,right,0.79,-23.475042635385027,16.29638444246516,-18.902,22.033,9.748170614359172,real,143
79.7,right,0.9,-27.930713743060927,13.99514847450746,-18.902,22.033,9.748170614359172,real,147
79.7,right,0.99,-31.70492266076627,10.736860113187447,-18.902,22.033,9.748170614359172,real,148
79.7,right,0.93,-34.28325013408053,7.535559215059802,-18.902,22.033,9.748170614359172,real,151
79.7,right,0.84,-36.195663041347856,3.9868683476951325,-18.902,22.033,9.748170614359172,real,154
79.8,left,0.93,-21.55930885789389,24.683679187724795,-19.27,21.908,9.755770614359172,real,142
79.8,left,0.81,-28.030992504877197,21.583205712049057,-19.27,21.908,9.755770614359172,real,146
79.8,left,0.95,-33.46579017553419,17.908534124135198,-19.27,21.908,9.755770614359172,real,149
79.8,left,0.86,-37.42827436794379,14.211102444590049,-19.27,21.908,9.755770614359172,real,153
79.8,right,0.77,-17.923746050861077,18.861124501324703,-19.27,21.908,9.755770614359172,real,140
79.8,right,0.91,-23.520059942706187,16.511908499348415,-19.27,21.908,9.755770614359172,real,143
79.8,right,0.8,-28.140720096369513,13.883614043936692,-19.27,21.908,9.755770614359172,real,147
79.8,right,0.93,-31.48700736755729,10.40850275094381,-19.27,21.908,9.755770614359172,real,148
79.8,right,0.72,-34.29178284632581,7.6746059874030195,-19.27,21.908,9.755770614359172,real,151
79.8,right,0.88,-35.82384062022222,3.520215421093255,-19.27,21.908,9.755770614359172,real,154
79.9,left,0.84,-21.874254713309817,24.577367304868343,-19.636,21.78,9.763370614359172,real,142
79.9,left,0.88,-27.946105587406322,21.500867189033222,-19.636,21.78,9.763370614359172,real,146
79.9,left,0.85,-33.29917001213709,18.74958398574756,-19.636,21.78,9.763370614359172,real,149
79.9,left,0.95,-37.59494785690972,14.21525308600495,-19.636,21.78,9.763370614359172,real,153
79.9,right,0.82,-23.71508633219967,16.17272698235035,-19.636,21.78,9.763370614359172,real,143
79.9,right,0.84,-27.757285216795896,13.576674367827863,-19.636,21.78,9.763370614359172,real,147
79.9,right,0.87,-31.42597353175477,10.549191742331196,-19.636,21.78,9.763370614359172,real,148
79.9,right,0.91,-34.061622546120645,7.234538778132345,-19.636,21.78,9.763370614359172,real,151
79.9,right,0.86,-35.8264651360505,3.894703058703966,-19.636,21.78,9.763370614359172,real,154
80.0,left,0.8,-21.551291487304603,24.60375459891544,-20.0,21.651,9.771070614359171,real,142
80.0,left,0.89,-28.07736404182672,21.898107538947496,-20.0,21.651,9.771070614359171,real,146
80.0,left,0.81,-33.15513535673253,18.257532931345047,-20.0,21.651,9.771070614359171,real,149
80.0,left,0.96,-37.92997059455848,14.402019417996195,-20.0,21.651,9.771070614359171,real,153
80.0,right,0.98,-23.62083381640495,16.28553492472662,-20.0,21.651,9.771070614359171,real,143
80.0,right,0.85,-27.992675985188157,13.56412572152896,-20.0,21.651,9.771070614359171,real,147
80.0,right,0.92,-31.558058146799663,10.578770961762125,-20.0,21.651,9.771070614359171,real,148
80.0,right,0.85,-33.96294955556249,7.185060704232953,-20.0,21.651,9.771070614359171,real,151
80.0,right,0.88,-36.04779141248789,3.897266849440376,-20.0,21.651,9.771070614359171,real,154
80.0,unknown,0.36,-33.13355370867706,18.898933143745396,-20.0,21.651,9.771070614359171,ghost,155
80.1,left,0.81,-21.556871434224917,24.399385782438397,-20.362,21.519,9.778870614359173,real,142
80.1,left,0.89,-28.044945190841972,21.68427309072613,-20.362,21.519,9.778870614359173,real,146
80.1,left,0.84,-33.424436245117114,18.15930770125438,-20.362,21.519,9.778870614359173,real,149
80.1,left,0.85,-37.59373070347077,14.204285107192307,-20.362,21.519,9.778870614359173,real,153
80.1,right,0.73,-23.559381633593283,16.411478615888097,-20.362,21.519,9.778870614359173,real,143
80.1,right,0.84,-28.255724728637546,13.931198282210048,-20.362,21.519,9.778870614359173,real,147
80.1,right,0.87,-31.899899338455864,10.340881247022832,-20.362,21.519,9.778870614359173,real,148
80.1,right,0.99,-34.56573650663088,7.296672122672698,-20.362,21.519,9.778870614359173,real,151
80.1,right,0.93,-36.11227837714285,3.5809043362316064,-20.362,21.519,9.778870614359173,real,154
80.2,left,0.72,-27.817322288675616,21.860443045122626,-20.721,21.384,9.786670614359172,real,146
80.2,left,0.95,-33.37083639945073,18.374456668009017,-20.721,21.384,9.786670614359172,real,149
80.2,left,0.74,-37.56375327388516,14.217738481256042,-20.721,21.384,9.786670614359172,real,153
80.2,right,0.87,-23.44202582511075,16.8980740689262,-20.721,21.384,9.786670614359172,real,143
80.2,right,0.99,-28.019923724971452,13.650972620179804,-20.721,21.384,9.786670614359172,real,147
80.2,right,0.84,-31.631586003889176,10.34836689393229,-20.721,21.384,9.786670614359172,real,148
80.2,right,0.96,-34.2939397250999,7.0886361284923876,-20.721,21.384,9.786670614359172,real,151
80.2,right,0.7,-35.97379924860797,3.589228181241987,-20.721,21.384,9.786670614359172,real,154
80.3,left,0.88,-28.076617624777487,21.65045550207417,-21.078,21.247,9.794470614359172,real,146
80.3,left,0.88,-33.10889647104299,18.523913864189158,-21.078,21.247,9.794470614359172,real,149
80.3,left,0.93,-37.39912659471879,13.986151586821078,-21.078,21.247,9.794470614359172,real,153
80.3,right,0.94,-23.349062941062677,16.690559161172864,-21.078,21.247,9.794470614359172,real,143
80.3,right,0.83,-27.962514880122306,13.861446543056203,-21.078,21.247,9.794470614359172,real,147
80.3,right,0.81,-31.561410537217686,10.830270690463669,-21.078,21.247,9.794470614359172,real,148
80.3,right,0.88,-33.88760479595098,7.752833076045424,-21.078,21.247,9.794470614359172,real,151
80.3,right,0.93,-36.17713202765147,3.4294674825174027,-21.078,21.247,9.794470614359172,real,154
80.4,left,0.94,-27.900265146888614,21.353950238543963,-21.433,21.108,9.802370614359173,real,146
80.4,left,0.93,-33.18694606886854,18.452439454629232,-21.433,21.108,9.802370614359173,real,149
80.4,left,0.91,-37.856167806020686,14.346747141595309,-21.433,21.108,9.802370614359173,real,153
80.4,right,0.94,-23.37610074502822,16.399951200903843,-21.433,21.108,9.802370614359173,real,143
80.4,right,0.99,-27.860493353319484,14.036107099719773,-21.433,21.108,9.802370614359173,real,147
80.4,right,0.88,-31.525909349801438,10.863212747123992,-21.433,21.108,9.802370614359173,real,148
80.4,right,0.9,-33.97168699443243,7.17572895556324,-21.433,21.108,9.802370614359173,real,151
80.4,right,0.88,-35.73814041684408,3.8233042649176507,-21.433,21.108,9.802370614359173,real,154
80.5,left,0.88,-27.859601773028245,21.548353165182863,-21.786,20.967,9.810370614359172,real,146
80.5,left,0.89,-33.35534790897568,18.339769145834314,-21.786,20.967,9.810370614359172,real,149
80.5,left,0.85,-37.685329412317,14.263963804466549,-21.786,20.967,9.810370614359172,real,153
80.5,left,0.85,-41.221209409636906,9.702141181374657,-21.786,20.967,9.810370614359172,real,156
80.5,right,0.73,-23.386364171463246,16.44399087788928,-21.786,20.967,9.810370614359172,real,143
80.5,right,0.92,-28.188547426477907,14.18822138938723,-21.786,20.967,9.810370614359172,real,147
80.5,right,0.89,-31.476009035339946,10.65754196889913,-21.786,20.967,9.810370614359172,real,148
80.5,right,0.9,-34.26750347436168,7.388619241621728,-21.786,20.967,9.810370614359172,real,151
80.5,right,0.92,-36.32348979860137,3.6530651683229163,-21.786,20.967,9.810370614359172,real,154
80.6,left,0.87,-28.060158256797433,21.785639054068977,-22.136,20.823,9.818370614359171,real,146
80.6,left,0.74,-33.30618589172106,18.17138518174378,-22.136,20.823,9.818370614359171,real,149
80.6,left,0.91,-37.784281671756744,14.371441605211825,-22.136,20.823,9.818370614359171,real,153
80.6,left,0.85,-40.82646429382468,9.663776483945455,-22.136,20.823,9.818370614359171,real,156
80.6,right,0.85,-23.33209933596628,16.376276444560443,-22.136,20.823,9.818370614359171,real,143
80.6,right,0.95,-27.602946462324255,13.93900854314299,-22.136,20.823,9.818370614359171,real,147
80.6,right,0.78,-31.401274273658903,10.84363540931215,-22.136,20.823,9.818370614359171,real,148
80.6,right,0.92,-34.193215943203725,7.363825110767232,-22.136,20.823,9.818370614359171,real,151
80.6,right,0.95,-36.006909993175796,3.8333039179267345,-22.136,20.823,9.818370614359171,real,154
80.7,left,0.94,-28.197212170052303,21.62427835171408,-22.483,20.677,9.826470614359172,real,146
80.7,left,0.81,-33.5239339541804,18.22181967680042,-22.483,20.677,9.826470614359172,real,149
80.7,left,0.86,-37.994871227617836,14.3854106922176,-22.483,20.677,9.826470614359172,real,153
80.7,left,0.91,-41.00884702021019,9.433876493439676,-22.483,20.677,9.826470614359172,real,156
80.7,right,0.96,-23.070168508633213,16.296766428320353,-22.483,20.677,9.826470614359172,real,143
80.7,right,0.88,-28.18623843363427,13.60308613502278,-22.483,20.677,9.826470614359172,real,147
80.7,right,0.83,-31.362484629519866,10.629556060662967,-22.483,20.677,9.826470614359172,real,148
80.7,right,0.92,-34.10668747475114,7.751548460911959,-22.483,20.677,9.826470614359172,real,151
80.7,right,0.88,-36.07420574881531,3.8073372797981033,-22.483,20.677,9.826470614359172,real,154
80.8,left,0.96,-27.83879841234425,21.708673203761553,-22.829,20.529,9.834570614359173,real,146
80.8,left,0.94,-33.69904255681547,18.353001651420545,-22.829,20.529,9.834570614359173,real,149
80.8,left,0.74,-37.90718007960763,14.356502734960191,-22.829,20.529,9.834570614359173,real,153
80.8,left,0.99,-40.847583685911644,10.074450466242036,-22.829,20.529,9.834570614359173,real,156
80.8,right,0.86,-23.51172910966966,16.388138620672063,-22.829,20.529,9.834570614359173,real,143
80.8,right,0.96,-27.990855220289614,13.778499893728696,-22.829,20.529,9.834570614359173,real,147
80.8,right,0.99,-31.557375879427404,10.576407548410824,-22.829,20.529,9.834570614359173,real,148
80.8,right,0.94,-34.19775893053782,7.423367532266272,-22.829,20.529,9.834570614359173,real,151
80.8,right,0.93,-35.92225684393965,3.94641485115703,-22.829,20.529,9.834570614359173,real,154
80.9,left,0.82,-27.805152131359616,21.647139481465747,-23.171,20.378,9.842770614359173,real,146
80.9,left,0.77,-33.505252822669625,18.369094925800418,-23.171,20.378,9.842770614359173,real,149
80.9,left,0.9,-37.666849221597275,13.999602917290456,-23.171,20.378,9.842770614359173,real,153
80.9,left,0.83,-40.92360957870673,9.455363269520953,-23.171,20.378,9.842770614359173,real,156
80.9,right,0.84,-23.39398035366322,16.389061073182468,-23.171,20.378,9.842770614359173,real,143
80.9,right,0.98,-27.946843875433522,13.538516081056692,-23.171,20.378,9.842770614359173,real,147
80.9,right,0.83,-31.663486666085205,10.608580353656365,-23.171,20.378,9.842770614359173,real,148
80.9,right,0.87,-34.19196732790827,7.257711430110297,-23.171,20.378,9.842770614359173,real,151
80.9,right,0.86,-35.886356662726364,3.839636418930075,-23.171,20.378,9.842770614359173,real,154
81.0,left,0.73,-28.14336082801586,21.94879904834183,-23.511,20.225,9.851070614359173,real,146
81.0,left,0.89,-33.49346706647795,18.346118346812887,-23.511,20.225,9.851070614359173,real,149
81.0,left,0.8,-37.19610661432389,14.351593922212736,-23.511,20.225,9.851070614359173,real,153
81.0,left,0.85,-41.04027206752444,9.599774694967302,-23.511,20.225,9.851070614359173,real,156
81.0,right,0.87,-23.58109574627861,16.277756963860263,-23.511,20.225,9.851070614359173,real,143
81.0,right,0.82,-27.819753928553236,13.831117878535995,-23.511,20.225,9.851070614359173,real,147
81.0,right,0.78,-31.927283527868365,10.749909415813926,-23.511,20.225,9.851070614359173,real,148
81.0,right,0.87,-34.09180681075849,7.281475625494936,-23.511,20.225,9.851070614359173,real,151
81.0,right,0.79,-35.78308711601133,3.866512239298265,-23.511,20.225,9.851070614359173,real,154
81.1,left,0.93,-28.041518581541187,21.75104519375057,-23.849,20.07,9.859370614359172,real,146
81.1,left,0.8,-33.2862806690175,18.215088796144535,-23.849,20.07,9.859370614359172,real,149
81.1,left,0.93,-37.60423120378604,14.394939953587205,-23.849,20.07,9.859370614359172,real,153
81.1,left,0.82,-40.853363830468915,9.804171698248581,-23.849,20.07,9.859370614359172,real,156
81.1,right,0.73,-23.778232590822867,16.578204333899482,-23.849,20.07,9.859370614359172,real,143
81.1,right,0.84,-27.752659977248424,13.509550565545922,-23.849,20.07,9.859370614359172,real,147
81.1,right,0.77,-31.750656079700907,10.615173920260315,-23.849,20.07,9.859370614359172,real,148
81.1,right,0.7,-34.02483003314609,7.5507937497410795,-23.849,20.07,9.859370614359172,real,151
81.1,right,0.95,-35.86712194120779,3.8600256013076937,-23.849,20.07,9.859370614359172,real,154
81.2,left,0.96,-28.048525222718425,21.52620823298578,-24.184,19.913,9.867770614359173,real,146
81.2,left,0.9,-33.37620510245746,18.37538419806669,-24.184,19.913,9.867770614359173,real,149
81.2,left,0.86,-37.610147905843725,14.340001398671607,-24.184,19.913,9.867770614359173,real,153
81.2,left,0.74,-40.9539224324394,9.634500371651225,-24.184,19.913,9.867770614359173,real,156
81.2,right,0.84,-23.488365494980307,16.53844437956255,-24.184,19.913,9.867770614359173,real,143
81.2,right,0.92,-27.883635313232748,13.787934567771442,-24.184,19.913,9.867770614359173,real,147
81.2,right,0.82,-31.344458151180724,10.605254834537554,-24.184,19.913,9.867770614359173,real,148
81.2,right,0.72,-34.21551496034151,7.2596486415477814,-24.184,19.913,9.867770614359173,real,151
81.2,right,0.96,-35.64511192729749,3.687001651979651,-24.184,19.913,9.867770614359173,real,154
81.3,left,0.99,-27.897954292796076,21.735158792585338,-24.516,19.754,9.876170614359172,real,146
81.3,left,0.99,-33.57107512264788,18.394873617648695,-24.516,19.754,9.876170614359172,real,149
81.3,left,0.83,-37.86655550832494,14.115480990620451,-24.516,19.754,9.876170614359172,real,153
81.3,left,0.8,-40.7933495242286,9.626103551768765,-24.516,19.754,9.876170614359172,real,156
81.3,right,0.79,-23.339351004407565,16.464835646980937,-24.516,19.754,9.876170614359172,real,143
81.3,right,0.92,-27.934632597991445,13.998232096414046,-24.516,19.754,9.876170614359172,real,147
81.3,right,0.93,-31.404350575372412,10.715919930053367,-24.516,19.754,9.876170614359172,real,148
81.3,right,0.81,-34.127272692690994,7.059948904044369,-24.516,19.754,9.876170614359172,real,151
81.3,right,0.86,-36.131240004186424,3.4591230245470292,-24.516,19.754,9.876170614359172,real,154
81.4,left,0.87,-28.17929004180629,21.567797939363995,-24.846,19.592,9.884670614359173,real,146
81.4,left,0.91,-33.29421141799062,18.32455815244527,-24.846,19.592,9.884670614359173,real,149
81.4,left,0.89,-37.70091454131793,14.320626636690118,-24.846,19.592,9.884670614359173,real,153
81.4,left,0.97,-40.99627304616256,9.605025156014706,-24.846,19.592,9.884670614359173,real,156
81.4,right,0.85,-23.5018626312844,16.32405940475927,-24.846,19.592,9.884670614359173,real,143
81.4,right,0.84,-28.04244521863327,13.944474615880283,-24.846,19.592,9.884670614359173,real,147
81.4,right,0.99,-31.65955470784185,10.723338024073405,-24.846,19.592,9.884670614359173,real,148
81.4,right,0.94,-34.16125312950529,7.2779824535920845,-24.846,19.592,9.884670614359173,real,151
81.4,right,0.75,-36.08506392608524,3.6166873249576295,-24.846,19.592,9.884670614359173,real,154
81.5,left,0.86,-28.161576654114302,21.698019520075345,-25.173,19.429,9.893270614359173,real,146
81.5,left,0.84,-33.66960266625418,18.20672829051708,-25.173,19.429,9.893270614359173,real,149
81.5,left,0.85,-37.933750280636104,14.589534195260246,-25.173,19.429,9.893270614359173,real,153
81.5,left,0.89,-41.079160118707094,9.629842879203744,-25.173,19.429,9.893270614359173,real,156
81.5,right,0.91,-28.064625517791637,13.77958517500651,-25.173,19.429,9.893270614359173,real,147
81.5,right,0.95,-31.82477764894644,10.904980167258138,-25.173,19.429,9.893270614359173,real,148
81.5,right,0.99,-34.06650309210589,7.359748293671935,-25.173,19.429,9.893270614359173,real,151
81.5,right,0.99,-35.91921184265052,3.550753244363607,-25.173,19.429,9.893270614359173,real,154
81.6,left,0.91,-27.997951179402236,21.83124983174273,-25.497,19.263,9.901970614359172,real,146
81.6,left,0.89,-33.224942977853814,18.325977411670365,-25.497,19.263,9.901970614359172,real,149
81.6,left,0.99,-37.84531362618661,14.413869914166652,-25.497,19.263,9.901970614359172,real,153
81.6,left,0.89,-40.614953098712625,9.445817761438601,-25.497,19.263,9.901970614359172,real,156
81.6,left,0.91,-43.10634259871176,5.232922514782918,-25.497,19.263,9.901970614359172,real,157
81.6,right,0.74,-27.79489697496612,13.939956275546713,-25.497,19.263,9.901970614359172,real,147
81.6,right,0.91,-31.622193011186283,10.351222647770271,-25.497,19.263,9.901970614359172,real,148
81.6,right,0.85,-34.26955992816447,7.219465248658809,-25.497,19.263,9.901970614359172,real,151
81.6,right,0.9,-36.09627321412731,3.4977141055963354,-25.497,19.263,9.901970614359172,real,154
81.7,left,0.84,-28.05764882471205,21.70406614365484,-25.818,19.095,9.910670614359173,real,146
81.7,left,0.97,-33.75990533210808,18.758160727002835,-25.818,19.095,9.910670614359173,real,149
81.7,left,0.85,-37.85123036227699,14.359401299901448,-25.818,19.095,9.910670614359173,real,153
81.7,left,0.92,-40.82548900983164,9.815511941934378,-25.818,19.095,9.910670614359173,real,156
81.7,left,0.89,-42.98242552202676,4.98741574546526,-25.818,19.095,9.910670614359173,real,157
81.7,right,0.85,-28.090722317824504,13.740958324213151,-25.818,19.095,9.910670614359173,real,147
81.7,right,0.81,-31.496676902787165,10.806778137998986,-25.818,19.095,9.910670614359173,real,148
81.7,right,0.8,-34.499802916599194,7.17836661983218,-25.818,19.095,9.910670614359173,real,151
81.7,right,0.66,-35.81011083251896,3.704369762395782,-25.818,19.095,9.910670614359173,real,154
81.7,right,0.99,-36.178623471601895,-0.038986810899920954,-25.818,19.095,9.910670614359173,real,158
81.8,left,0.9,-27.83900517876512,21.79161967680694,-26.137,18.925,9.919470614359172,real,146
81.8,left,0.87,-33.27424949541308,18.401785282865827,-26.137,18.925,9.919470614359172,real,149
81.8,left,0.77,-37.68433897017502,14.36056271728076,-26.137,18.925,9.919470614359172,real,153
81.8,left,0.98,-40.86488986972564,9.786156419697685,-26.137,18.925,9.919470614359172,real,156
81.8,left,0.84,-42.85369134573424,4.944508075484113,-26.137,18.925,9.919470614359172,real,157
81.8,right,0.99,-28.212497049023685,13.907056795907911,-26.137,18.925,9.919470614359172,real,147
81.8,right,0.91,-31.20980788798149,10.909712348790421,-26.137,18.925,9.919470614359172,real,148
81.8,right,0.94,-34.45305705579875,7.3024905874548836,-26.137,18.925,9.919470614359172,real,151
81.8,right,0.91,-35.93013064547006,3.7617506067876327,-26.137,18.925,9.919470614359172,real,154
81.8,right,0.96,-36.28178256054607,0.07251465192877049,-26.137,18.925,9.919470614359172,real,158
81.9,left,0.94,-33.16910392868057,18.326549755183493,-26.452,18.753,9.928370614359173,real,149
81.9,left,0.82,-37.49310776023246,14.362812142181768,-26.452,18.753,9.928370614359173,real,153
81.9,left,0.82,-40.437666950382955,9.849537923202796,-26.452,18.753,9.928370614359173,real,156
81.9,left,0.9,-42.90465160000372,5.111872175333334,-26.452,18.753,9.928370614359173,real,157
81.9,right,0.78,-27.744136706146023,13.758388129931404,-26.452,18.753,9.928370614359173,real,147
81.9,right,0.77,-31.56822725227522,10.511945231156613,-26.452,18.753,9.928370614359173,real,148
81.9,right,0.78,-34.202056011869246,7.19401891112848,-26.452,18.753,9.928370614359173,real,151
81.9,right,0.91,-36.04175246857989,3.7941481860616717,-26.452,18.753,9.928370614359173,real,154
81.9,right,0.91,-36.28119024488461,0.24384755776577371,-26.452,18.753,9.928370614359173,real,158
82.0,left,0.86,-33.28241716847428,18.276764244212146,-26.765,18.579,9.937370614359173,real,149
82.0,left,0.87,-37.46297030762751,14.189097005955574,-26.765,18.579,9.937370614359173,real,153
82.0,left,0.91,-40.76029813004326,9.602468807428574,-26.765,18.579,9.937370614359173,real,156
82.0,left,0.89,-42.94733330985735,4.945305172526368,-26.765,18.579,9.937370614359173,real,157
82.0,right,0.87,-28.0200588210072,13.972413698212959,-26.765,18.579,9.937370614359173,real,147
82.0,right,0.92,-31.656922288251515,11.006574673480888,-26.765,18.579,9.937370614359173,real,148
82.0,right,0.93,-34.183388669177575,7.456188549965541,-26.765,18.579,9.937370614359173,real,151
82.0,right,0.99,-35.57279218045047,3.7183723582751886,-26.765,18.579,9.937370614359173,real,154
82.0,right,0.93,-36.55968383950927,-0.055695851664873786,-26.765,18.579,9.937370614359173,real,158
82.1,left,0.9,-33.10801375547308,18.329315570631852,-27.075,18.402,9.946370614359171,real,149
82.1,left,0.8,-37.90564394817585,14.304670178293938,-27.075,18.402,9.946370614359171,real,153
82.1,left,0.84,-41.02139324414541,9.635311943518493,-27.075,18.402,9.946370614359171,real,156
82.1,left,0.99,-42.37695737941256,4.863341818383866,-27.075,18.402,9.946370614359171,real,157
82.1,right,0.76,-27.949369451229657,13.70587627263119,-27.075,18.402,9.946370614359171,real,147
82.1,right,0.83,-31.66584304943246,10.465173109140052,-27.075,18.402,9.946370614359171,real,148
82.1,right,0.89,-34.45705506104305,7.54513175562452,-27.075,18.402,9.946370614359171,real,151
82.1,right,0.82,-35.832690302785196,3.929987957422707,-27.075,18.402,9.946370614359171,real,154
82.1,right,0.82,-36.40458920524627,-0.2889769209999393,-27.075,18.402,9.946370614359171,real,158
82.1,right,0.31,-33.80123381448044,9.097299108894479,-27.075,18.402,9.946370614359171,ghost,159
82.2,left,0.84,-33.09435674964295,18.507840386147983,-27.382,18.224,9.955470614359172,real,149
82.2,left,0.95,-37.47038059563354,14.396514407911559,-27.382,18.224,9.955470614359172,real,153
82.2,left,0.88,-40.64436412423303,9.839241038869586,-27.382,18.224,9.955470614359172,real,156
82.2,left,0.79,-43.129555415902864,5.090211954539992,-27.382,18.224,9.955470614359172,real,157
82.2,right,0.8,-27.65986553485159,13.831157669055077,-27.382,18.224,9.955470614359172,real,147
82.2,right,0.94,-31.555658866903293,10.831840527780836,-27.382,18.224,9.955470614359172,real,148
82.2,right,0.99,-34.42887562246766,7.309085572416475,-27.382,18.224,9.955470614359172,real,151
82.2,right,0.99,-35.666486638994876,3.74555235778658,-27.382,18.224,9.955470614359172,real,154
82.2,right,0.81,-36.686841154455784,-0.016297807062965575,-27.382,18.224,9.955470614359172,real,158
82.3,left,0.89,-33.2338327734313,17.986515062481455,-27.686,18.044,9.964770614359173,real,149
82.3,left,0.99,-37.40459822044987,14.157359596069048,-27.686,18.044,9.964770614359173,real,153
82.3,left,0.71,-40.90523744462231,10.116631812341792,-27.686,18.044,9.964770614359173,real,156
82.3,left,0.86,-42.94825569575564,4.997927637891378,-27.686,18.044,9.964770614359173,real,157
82.3,right,0.99,-28.26585667636331,13.979559173160851,-27.686,18.044,9.964770614359173,real,147
82.3,right,0.73,-31.766444933366063,10.460015615405897,-27.686,18.044,9.964770614359173,real,148
82.3,right,0.83,-34.09393273972414,7.459440585306749,-27.686,18.044,9.964770614359173,real,151
82.3,right,0.85,-35.964394096088284,3.61472586060371,-27.686,18.044,9.964770614359173,real,154
82.3,right,0.73,-36.6547924450447,0.12759650829137037,-27.686,18.044,9.964770614359173,real,158
82.3,unknown,0.33,-40.03974543159236,16.802992823787505,-27.686,18.044,9.964770614359173,ghost,160
82.4,left,0.91,-33.477912422017745,18.37053197906446,-27.987,17.862,9.973970614359173,real,149
82.4,left,0.79,-37.884282975169405,14.057106478569768,-27.987,17.862,9.973970614359173,real,153
82.4,left,0.72,-40.878992085078366,10.036648501295499,-27.987,17.862,9.973970614359173,real,156
82.4,left,0.94,-42.981253445287955,4.674789012893206,-27.987,17.862,9.973970614359173,real,157
82.4,right,0.87,-27.800350420406417,13.633633656548009,-27.987,17.862,9.973970614359173,real,147
82.4,right,0.9,-31.7259045096981,10.659079893032326,-27.987,17.862,9.973970614359173,real,148
82.4,right,0.89,-34.111031572760695,7.512300763025518,-27.987,17.862,9.973970614359173,real,151
82.4,right,0.78,-35.834917678366445,3.7103419659184995,-27.987,17.862,9.973970614359173,real,154
82.4,right,0.88,-36.31575947214556,0.1262956256272254,-27.987,17.862,9.973970614359173,real,158
82.5,left,0.93,-33.28686704902516,18.42034984325335,-28.284,17.678,9.983370614359172,real,149
82.5,left,0.82,-37.537381754104345,14.036226927332125,-28.284,17.678,9.983370614359172,real,153
82.5,left,0.92,-40.66461763010884,9.513342805908014,-28.284,17.678,9.983370614359172,real,156
82.5,left,0.77,-42.590133596048645,5.037514584795087,-28.284,17.678,9.983370614359172,real,157
82.5,right,0.87,-28.021251976411865,13.85755389043367,-28.284,17.678,9.983370614359172,real,147
82.5,right,0.9,-31.72214698447688,11.094058071859038,-28.284,17.678,9.983370614359172,real,148
82.5,right,0.93,-34.51092127652702,7.210774416497224,-28.284,17.678,9.983370614359172,real,151
82.5,right,0.91,-35.902085600676415,3.74225862105763,-28.284,17.678,9.983370614359172,real,154
82.5,right,0.96,-36.717460638410735,0.03926745878897542,-28.284,17.678,9.983370614359172,real,158
82.6,left,0.94,-33.017872805469366,18.266412175049258,-28.579,17.492,9.992870614359173,real,149
82.6,left,0.97,-37.50124832559221,13.991828458994181,-28.579,17.492,9.992870614359173,real,153
82.6,left,0.82,-40.65582074277675,9.63530382750884,-28.579,17.492,9.992870614359173,real,156
82.6,left,0.99,-42.84317091886813,4.939948653812923,-28.579,17.492,9.992870614359173,real,157
82.6,left,0.9,-43.37825275380628,0.023889314268777717,-28.579,17.492,9.992870614359173,real,161
82.6,right,0.87,-27.921976338506553,13.918145371138085,-28.579,17.492,9.992870614359173,real,147
82.6,right,0.85,-31.529148407058084,10.696342976846712,-28.579,17.492,9.992870614359173,real,148
82.6,right,0.73,-34.12072457667941,7.489270486700772,-28.579,17.492,9.992870614359173,real,151
82.6,right,0.87,-35.874443080154194,3.7018269675746893,-28.579,17.492,9.992870614359173,real,154
82.6,right,0.97,-36.500009046839736,-0.10225547387223521,-28.579,17.492,9.992870614359173,real,158
82.7,left,0.78,-33.734691128788526,18.264678000937995,-28.87,17.304,10.002370614359172,real,149
82.7,left,0.8,-37.97969276597922,14.40828407652515,-28.87,17.304,10.002370614359172,real,153
82.7,left,0.87,-41.21105734604431,9.55336327895278,-28.87,17.304,10.002370614359172,real,156
82.7,left,0.82,-42.85328076151684,4.736262568600777,-28.87,17.304,10.002370614359172,real,157
82.7,left,0.84,-43.563253109331775,0.24146287725321525,-28.87,17.304,10.002370614359172,real,161
82.7,right,0.96,-27.825941773175693,13.872386907152777,-28.87,17.304,10.002370614359172,real,147
82.7,right,0.92,-31.8121114644122,10.873407715383108,-28.87,17.304,10.002370614359172,real,148
82.7,right,0.99,-34.36827617552072,7.119808912942506,-28.87,17.304,10.002370614359172,real,151
82.7,right,0.95,-35.70784969950142,3.772366340791355,-28.87,17.304,10.002370614359172,real,154
82.7,right,0.92,-36.4677469179956,-0.002983208233850121,-28.87,17.304,10.002370614359172,real,158
82.7,unknown,0.48,-35.192251547464494,12.349230543145037,-28.87,17.304,10.002370614359172,ghost,162
82.8,left,0.99,-33.237701102622836,18.154593251690244,-29.159,17.114,10.011970614359173,real,149
82.8,left,0.87,-37.580866224120385,13.87443732843147,-29.159,17.114,10.011970614359173,real,153
82.8,left,0.96,-41.057175543105885,9.762762910541044,-29.159,17.114,10.011970614359173,real,156
82.8,left,0.88,-42.82104610627434,5.063383202921342,-29.159,17.114,10.011970614359173,real,157
82.8,left,0.75,-44.122774216845514,-0.2257399688481314,-29.159,17.114,10.011970614359173,real,161
82.8,right,0.99,-28.035623646848084,13.823162178231948,-29.159,17.114,10.011970614359173,real,147
82.8,right,0.73,-31.541990759437102,10.610404068483547,-29.159,17.114,10.011970614359173,real,148
82.8,right,0.91,-34.309064283057666,7.247000715497459,-29.159,17.114,10.011970614359173,real,151
82.8,right,0.83,-35.98194148458722,3.94511491059707,-29.159,17.114,10.011970614359173,real,154
82.8,right,0.89,-36.60392192251678,-0.020766370383610067,-29.159,17.114,10.011970614359173,real,158
82.8,right,0.37,-34.72845348551783,8.915047086813265,-29.159,17.114,10.011970614359173,ghost,159
82.9,left,0.78,-33.39893424962025,18.129577360329655,-29.444,16.922,10.021770614359173,real,149
82.9,left,0.88,-37.5733714338146,14.104701810052916,-29.444,16.922,10.021770614359173,real,153
82.9,left,0.85,-40.79725413295286,9.643761848318725,-29.444,16.922,10.021770614359173,real,156
82.9,left,0.89,-42.74467328011469,4.930804425928038,-29.444,16.922,10.021770614359173,real,157
82.9,left,0.9,-43.18090427411079,0.018974266010333807,-29.444,16.922,10.021770614359173,real,161
82.9,right,0.85,-28.01180440085179,14.00205740368402,-29.444,16.922,10.021770614359173,real,147
82.9,right,0.86,-31.715879981609916,10.907519943572833,-29.444,16.922,10.021770614359173,real,148
82.9,right,0.8,-33.881380107262196,7.25184473838844,-29.444,16.922,10.021770614359173,real,151
82.9,right,0.79,-35.45387386774305,3.780398876323357,-29.444,16.922,10.021770614359173,real,154
82.9,right,0.84,-36.25200850027393,-0.27347804686446864,-29.444,16.922,10.021770614359173,real,158
83.0,left,0.8,-33.341695458398185,18.35579339970364,-29.726,16.728,10.031570614359172,real,149
83.0,left,0.86,-37.492718066987116,14.371452638299877,-29.726,16.728,10.031570614359172,real,153
83.0,left,0.99,-41.43253052914004,10.0565377187372,-29.726,16.728,10.031570614359172,real,156
83.0,left,0.95,-42.96151192841996,4.902579542669413,-29.726,16.728,10.031570614359172,real,157
83.0,left,0.91,-43.70854781255314,0.22324354406690095,-29.726,16.728,10.031570614359172,real,161
83.0,right,0.85,-28.12981573281969,13.744609850320268,-29.726,16.728,10.031570614359172,real,147
83.0,right,0.84,-31.685593393469038,10.944020942960421,-29.726,16.728,10.031570614359172,real,148
83.0,right,0.99,-33.95300892650429,7.546546763433742,-29.726,16.728,10.031570614359172,real,151
83.0,right,0.9,-35.714588002514255,3.846504444896847,-29.726,16.728,10.031570614359172,real,154
83.0,right,0.85,-36.352371532822396,-0.19581199106752223,-29.726,16.728,10.031570614359172,real,158
83.1,left,0.87,-33.39160682461872,18.29423848521337,-30.004,16.533,10.041470614359172,real,149
83.1,left,0.72,-37.60195369505347,14.256446981108645,-30.004,16.533,10.041470614359172,real,153
83.1,left,0.86,-41.02995887658635,9.758319206646947,-30.004,16.533,10.041470614359172,real,156
83.1,left,0.99,-43.012903626696485,4.959548205858239,-30.004,16.533,10.041470614359172,real,157
83.1,left,0.85,-43.3256502966603,-0.18251621618341307,-30.004,16.533,10.041470614359172,real,161
83.1,right,0.74,-31.603477966400863,10.351253140495144,-30.004,16.533,10.041470614359172,real,148
83.1,right,0.87,-34.14978221626007,7.605920980783148,-30.004,16.533,10.041470614359172,real,151
83.1,right,0.93,-36.11673092254388,3.970739309002706,-30.004,16.533,10.041470614359172,real,154
83.1,right,0.87,-36.55103904579802,0.3090653128534768,-30.004,16.533,10.041470614359172,real,158
83.2,left,0.83,-33.231041829478556,17.92902514753153,-30.28,16.336,10.051470614359172,real,149
83.2,left,0.97,-37.71956481004044,14.21114154890073,-30.28,16.336,10.051470614359172,real,153
83.2,left,0.93,-41.13675700613288,9.397296568537854,-30.28,16.336,10.051470614359172,real,156
83.2,left,0.85,-42.53160776762456,5.134138542711684,-30.28,16.336,10.051470614359172,real,157
83.2,left,0.92,-43.43194539236131,-0.20928369041601425,-30.28,16.336,10.051470614359172,real,161
83.2,right,0.99,-31.560938608585644,10.198462604510283,-30.28,16.336,10.051470614359172,real,148
83.2,right,0.93,-34.25553556811165,7.353550615412339,-30.28,16.336,10.051470614359172,real,151
83.2,right,0.94,-35.593563073596556,3.400681354411435,-30.28,16.336,10.051470614359172,real,154
83.2,right,0.94,-36.62359731542219,0.39676949474133316,-30.28,16.336,10.051470614359172,real,158
83.3,left,0.93,-33.310180690228805,17.966744187495607,-30.552,16.136,10.061570614359173,real,149
83.3,left,0.97,-37.81813227799683,14.47110669451386,-30.552,16.136,10.061570614359173,real,153
83.3,left,0.79,-40.660376150056,9.94247171565521,-30.552,16.136,10.061570614359173,real,156
83.3,left,0.92,-42.800873191874096,4.866916828357863,-30.552,16.136,10.061570614359173,real,157
83.3,left,0.88,-43.815448236189546,-0.10478886279606314,-30.552,16.136,10.061570614359173,real,161
83.3,right,0.94,-31.59145045188705,10.974256907005948,-30.552,16.136,10.061570614359173,real,148
83.3,right,0.85,-34.59177281902908,7.448104940169117,-30.552,16.136,10.061570614359173,real,151
83.3,right,0.95,-36.107657138319915,3.803392094068869,-30.552,16.136,10.061570614359173,real,154
83.3,right,0.87,-36.66093652027067,-0.23138707281352477,-30.552,16.136,10.061570614359173,real,158
83.4,left,0.87,-32.89005205843171,18.123989163478537,-30.821,15.936,10.071770614359172,real,149
83.4,left,0.94,-37.59307195256633,14.226344634359194,-30.821,15.936,10.071770614359172,real,153
83.4,left,0.81,-40.758555456727535,9.547663710756545,-30.821,15.936,10.071770614359172,real,156
83.4,left,0.8,-43.00557261575419,5.137991286750449,-30.821,15.936,10.071770614359172,real,157
83.4,left,0.94,-43.47912240899634,0.13930740063399272,-30.821,15.936,10.071770614359172,real,161
83.4,right,0.83,-31.407951214448907,10.651118424046103,-30.821,15.936,10.071770614359172,real,148
83.4,right,0.99,-34.57253422983304,7.203848150519196,-30.821,15.936,10.071770614359172,real,151
83.4,right,0.92,-35.44166910481726,3.460390715328277,-30.821,15.936,10.071770614359172,real,154
83.4,right,0.9,-36.28146447877351,-0.03656277733954294,-30.821,15.936,10.071770614359172,real,158
83.5,left,0.99,-33.27518997866313,18.342056771578747,-31.086,15.733,10.082070614359171,real,149
83.5,left,0.95,-37.49819931813988,14.31103343764825,-31.086,15.733,10.082070614359171,real,153
83.5,left,0.8,-41.25382018811297,10.023031469245883,-31.086,15.733,10.082070614359171,real,156
83.5,left,0.97,-42.825173711271475,4.643049117485113,-31.086,15.733,10.082070614359171,real,157
83.5,left,0.74,-43.368398289309134,0.04392006321670383,-31.086,15.733,10.082070614359171,real,161
83.5,left,0.96,-42.944095917606795,-5.03631147652317,-31.086,15.733,10.082070614359171,real,163
83.5,right,0.91,-31.50091429706406,10.735202572523388,-31.086,15.733,10.082070614359171,real,148
83.5,right,0.92,-34.2650909645992,7.291954055402632,-31.086,15.733,10.082070614359171,real,151
83.5,right,0.95,-36.187105123268864,3.639700015241492,-31.086,15.733,10.082070614359171,real,154
83.5,right,0.78,-36.65639686422299,-0.1419316778074533,-31.086,15.733,10.082070614359171,real,158
83.5,left,0.38,-31.31882971041272,12.514082895452397,-31.086,15.733,10.082070614359171,ghost,164
83.6,left,0.76,-37.66794713571786,14.234946986506504,-31.348,15.529,10.092470614359172,real,153
83.6,left,0.84,-40.865666827478655,9.69506837877642,-31.348,15.529,10.092470614359172,real,156
83.6,left,0.79,-42.59375527385301,5.155138938630081,-31.348,15.529,10.092470614359172,real,157
83.6,left,0.83,-43.614697939614025,0.21259697388877852,-31.348,15.529,10.092470614359172,real,161
83.6,left,0.89,-42.90137033738792,-4.852430245376915,-31.348,15.529,10.092470614359172,real,163
83.6,right,0.92,-31.78249450912344,11.029773452965324,-31.348,15.529,10.092470614359172,real,148
83.6,right,0.83,-34.14912106127495,7.364254149694436,-31.348,15.529,10.092470614359172,real,151
83.6,right,0.86,-35.87739339818166,4.039075698921755,-31.348,15.529,10.092470614359172,real,154
83.6,right,0.79,-36.5024640344562,-0.00042621340200899027,-31.348,15.529,10.092470614359172,real,158
83.7,left,0.99,-37.78718008622562,14.356026504164728,-31.606,15.323,10.102970614359172,real,153
83.7,left,0.88,-40.810196090105855,9.36236980388146,-31.606,15.323,10.102970614359172,real,156
83.7,left,0.88,-42.76826619586915,4.959605846897608,-31.606,15.323,10.102970614359172,real,157
83.7,left,0.88,-43.47607688652356,0.08092026303433375,-31.606,15.323,10.102970614359172,real,161
83.7,left,0.89,-43.06627535710132,-4.9863148515506595,-31.606,15.323,10.102970614359172,real,163
83.7,right,0.89,-31.5637568853332,10.95743846461154,-31.606,15.323,10.102970614359172,real,148
83.7,right,0.86,-34.334022339772716,7.710999598416916,-31.606,15.323,10.102970614359172,real,151
83.7,right,0.92,-35.958217134571065,3.813519993781389,-31.606,15.323,10.102970614359172,real,154
83.7,right,0.99,-36.34016224271095,-0.1849334490347232,-31.606,15.323,10.102970614359172,real,158
83.8,left,0.95,-37.86183126435685,14.25662238104818,-31.861,15.115,10.113670614359172,real,153
83.8,left,0.99,-40.98730147951141,9.475476500175922,-31.861,15.115,10.113670614359172,real,156
83.8,left,0.9,-43.09163713971463,4.917295236865186,-31.861,15.115,10.113670614359172,real,157
83.8,left,0.82,-43.650803882358666,0.0951556128060842,-31.861,15.115,10.113670614359172,real,161
83.8,left,0.93,-42.893752788144816,-5.16911476785918,-31.861,15.115,10.113670614359172,real,163
83.8,right,0.94,-31.62323719178847,11.083836539281574,-31.861,15.115,10.113670614359172,real,148
83.8,right,0.8,-34.50578061923376,7.601251236824223,-31.861,15.115,10.113670614359172,real,151
83.8,right,0.85,-36.18689015663425,3.885141614751549,-31.861,15.115,10.113670614359172,real,154
83.8,right,0.83,-36.928965116644015,0.29977625628018423,-31.861,15.115,10.113670614359172,real,158
83.8,right,0.98,-36.05150186774752,-3.8160473850868737,-31.861,15.115,10.113670614359172,real,165
83.9,left,0.92,-37.445372363069424,14.185122075817711,-32.113,14.906,10.124370614359172,real,153
83.9,left,0.85,-40.94050783913588,9.979763469950468,-32.113,14.906,10.124370614359172,real,156
83.9,left,0.84,-42.714835443235266,4.698785383143921,-32.113,14.906,10.124370614359172,real,157
83.9,left,0.92,-43.39862925064341,-0.14015985615671456,-32.113,14.906,10.124370614359172,real,161
83.9,left,0.83,-42.718161435570785,-4.770693902317079,-32.113,14.906,10.124370614359172,real,163
83.9,right,0.83,-31.86791026517011,10.601770914335413,-32.113,14.906,10.124370614359172,real,148
83.9,right,0.89,-34.04011098741127,7.337258543047019,-32.113,14.906,10.124370614359172,real,151
83.9,right,0.99,-35.91253053258645,3.457184439779664,-32.113,14.906,10.124370614359172,real,154
83.9,right,0.95,-36.68511320040054,-0.10372850796186572,-32.113,14.906,10.124370614359172,real,158
83.9,right,0.87,-35.85846323845727,-3.381339503857994,-32.113,14.906,10.124370614359172,real,165
84.0,left,0.99,-37.465262014900176,14.258847179021858,-32.361,14.695,10.135170614359172,real,153
84.0,left,0.88,-40.83699364049393,9.947032033984803,-32.361,14.695,10.135170614359172,real,156
84.0,left,0.8,-42.656634338564054,4.680425941829547,-32.361,14.695,10.135170614359172,real,157
84.0,left,0.8,-43.74451498732248,0.2437880600482396,-32.361,14.695,10.135170614359172,real,161
84.0,left,0.86,-42.706011914041206,-5.129814210941432,-32.361,14.695,10.135170614359172,real,163
84.0,right,0.98,-31.652204468596675,10.718283528504617,-32.361,14.695,10.135170614359172,real,148
84.0,right,0.79,-34.664095886566415,7.109092055839273,-32.361,14.695,10.135170614359172,real,151
84.0,right,0.86,-35.914338824567274,3.9560722975791105,-32.361,14.695,10.135170614359172,real,154
84.0,right,0.84,-36.22152549537536,0.09470384206002347,-32.361,14.695,10.135170614359172,real,158
84.0,right,0.82,-35.90508561208296,-3.800055046531398,-32.361,14.695,10.135170614359172,real,165
84.1,left,0.9,-37.44063350470009,14.530472757523437,-32.605,14.482,10.146170614359173,real,153
84.1,left,0.82,-40.74443758857869,9.934659926766834,-32.605,14.482,10.146170614359173,real,156
84.1,left,0.83,-42.76468154169565,4.9575684699123,-32.605,14.482,10.146170614359173,real,157
84.1,left,0.87,-43.511927715238784,0.08665447394345982,-32.605,14.482,10.146170614359173,real,161
84.1,left,0.88,-42.59659374320647,-5.166448296766775,-32.605,14.482,10.146170614359173,real,163
84.1,right,0.93,-31.63446815448529,10.852916377810809,-32.605,14.482,10.146170614359173,real,148
84.1,right,0.82,-34.1617038075276,7.1745121104699,-32.605,14.482,10.146170614359173,real,151
84.1,right,0.84,-35.57145240778777,3.972908311736446,-32.605,14.482,10.146170614359173,real,154
84.1,right,0.89,-36.764802104114295,0.1346126610240903,-32.605,14.482,10.146170614359173,real,158
84.1,right,0.83,-36.240834103991126,-3.5303280663065593,-32.605,14.482,10.146170614359173,real,165
84.2,left,0.84,-37.54063539691976,14.469632065872538,-32.846,14.268,10.157170614359172,real,153
84.2,left,0.86,-40.81697938661506,9.772430445632303,-32.846,14.268,10.157170614359172,real,156
84.2,left,0.84,-42.95321203100296,5.009783273202727,-32.846,14.268,10.157170614359172,real,157
84.2,left,0.94,-43.408264219573326,-0.11042966237693674,-32.846,14.268,10.157170614359172,real,161
84.2,left,0.93,-42.82435838972743,-4.746899653854502,-32.846,14.268,10.157170614359172,real,163
84.2,right,0.83,-31.7229530470901,10.757838957888143,-32.846,14.268,10.157170614359172,real,148
84.2,right,0.88,-34.5051280943867,7.18012697867571,-32.846,14.268,10.157170614359172,real,151
84.2,right,0.88,-35.92777311583663,3.7087263761891958,-32.846,14.268,10.157170614359172,real,154
84.2,right,0.88,-36.46916449505173,0.070901562579893,-32.846,14.268,10.157170614359172,real,158
84.2,right,0.89,-35.616214147343,-3.752072241194279,-32.846,14.268,10.157170614359172,real,165
84.3,left,0.88,-37.70192789831484,14.298288591227529,-33.083,14.052,10.168370614359173,real,153
84.3,left,0.89,-40.93267336908611,9.730596755837261,-33.083,14.052,10.168370614359173,real,156
84.3,left,0.99,-42.95525431278957,4.809461183007791,-33.083,14.052,10.168370614359173,real,157
84.3,left,0.78,-43.40510403993273,-0.00619206686280549,-33.083,14.052,10.168370614359173,real,161
84.3,left,0.82,-42.87937562766592,-4.830806003390307,-33.083,14.052,10.168370614359173,real,163
84.3,right,0.87,-31.851607618763705,10.819266512155197,-33.083,14.052,10.168370614359173,real,148
84.3,right,0.9,-34.28109784202611,7.353957109652672,-33.083,14.052,10.168370614359173,real,151
84.3,right,0.9,-35.953711155844516,3.625561516044426,-33.083,14.052,10.168370614359173,real,154
84.3,right,0.89,-36.29389646075875,-0.0403792852125191,-33.083,14.052,10.168370614359173,real,158
84.3,right,0.91,-36.03252439965578,-3.841888281081763,-33.083,14.052,10.168370614359173,real,165
84.4,left,0.79,-37.73804472220328,14.173649618748563,-33.317,13.835,10.179670614359173,real,153
84.4,left,0.94,-40.94705510681218,9.90527799112847,-33.317,13.835,10.179670614359173,real,156
84.4,left,0.72,-42.55794701412879,4.918905435558454,-33.317,13.835,10.179670614359173,real,157
84.4,left,0.86,-43.63141551518391,-0.21403479176179951,-33.317,13.835,10.179670614359173,real,161
84.4,left,0.82,-42.74077726735932,-5.036920702864399,-33.317,13.835,10.179670614359173,real,163
84.4,left,0.97,-41.30085989307205,-9.84968528834182,-33.317,13.835,10.179670614359173,real,166
84.4,right,0.94,-31.537573106674543,10.828570734025146,-33.317,13.835,10.179670614359173,real,148
84.4,right,0.94,-34.29924971582635,7.796587998839508,-33.317,13.835,10.179670614359173,real,151
84.4,right,0.85,-36.13167486146645,3.873177354307657,-33.317,13.835,10.179670614359173,real,154
84.4,right,0.88,-36.659246196237504,0.37827170655006803,-33.317,13.835,10.179670614359173,real,158
84.4,right,0.85,-36.16414422700065,-3.6126261924267764,-33.317,13.835,10.179670614359173,real,165
84.5,left,0.82,-37.58647293810724,14.40678655925553,-33.547,13.616,10.191070614359173,real,153
84.5,left,0.99,-40.81109090305635,9.910974176590132,-33.547,13.616,10.191070614359173,real,156
84.5,left,0.92,-42.70543771815069,4.857901829577679,-33.547,13.616,10.191070614359173,real,157
84.5,left,0.99,-43.38020747049027,-0.10531625764431807,-33.547,13.616,10.191070614359173,real,161
84.5,left,0.86,-42.74580763106519,-4.953517041825745,-33.547,13.616,10.191070614359173,real,163
84.5,left,0.81,-40.88630100578118,-9.681558085484827,-33.547,13.616,10.191070614359173,real,166
84.5,right,0.94,-31.405756711515835,10.492951620688281,-33.547,13.616,10.191070614359173,real,148
84.5,right,0.95,-34.28049777704513,7.170830490121315,-33.547,13.616,10.191070614359173,real,151
84.5,right,0.79,-35.959806994287725,3.7112950367859914,-33.547,13.616,10.191070614359173,real,154
84.5,right,0.73,-36.54481361691476,-0.07043264398142579,-33.547,13.616,10.191070614359173,real,158
84.5,right,0.74,-35.85065893460816,-3.7160597885248468,-33.547,13.616,10.191070614359173,real,165
84.6,left,0.9,-38.03198471646636,13.959444926240332,-33.773,13.396,10.202570614359173,real,153
84.6,left,0.93,-41.11624897983762,9.619220628615736,-33.773,13.396,10.202570614359173,real,156
84.6,left,0.71,-42.92375495013575,4.958856890951406,-33.773,13.396,10.202570614359173,real,157
84.6,left,0.87,-43.18632051470187,0.09511138729847746,-33.773,13.396,10.202570614359173,real,161
84.6,left,0.86,-43.03916321323528,-4.822663488458348,-33.773,13.396,10.202570614359173,real,163
84.6,left,0.86,-40.76292057017029,-9.750267310793555,-33.773,13.396,10.202570614359173,real,166
84.6,right,0.85,-31.78409269069162,10.760966657710062,-33.773,13.396,10.202570614359173,real,148
84.6,right,0.84,-34.27674238000269,7.410463631838061,-33.773,13.396,10.202570614359173,real,151
84.6,right,0.83,-36.017883397541276,3.666032038519164,-33.773,13.396,10.202570614359173,real,154
84.6,right,0.99,-36.55164064004854,0.14930512190038137,-33.773,13.396,10.202570614359173,real,158
84.6,right,0.85,-35.93330707232925,-3.529630811087788,-33.773,13.396,10.202570614359173,real,165
84.7,left,0.89,-37.57869011996933,14.52795144088484,-33.996,13.174,10.214170614359173,real,153
84.7,left,0.81,-40.685917325976476,10.146291927612609,-33.996,13.174,10.214170614359173,real,156
84.7,left,0.85,-42.563485408025294,5.058896317158125,-33.996,13.174,10.214170614359173,real,157
84.7,left,0.84,-43.810825833236514,-0.0761868237105674,-33.996,13.174,10.214170614359173,real,161
84.7,left,0.89,-42.747694881276736,-4.941116276332166,-33.996,13.174,10.214170614359173,real,163
84.7,left,0.8,-41.171933520263615,-9.976533452012657,-33.996,13.174,10.214170614359173,real,166
84.7,right,0.74,-31.61416735894175,10.980151949202167,-33.996,13.174,10.214170614359173,real,148
84.7,right,0.94,-34.59180758134276,7.2601601876602615,-33.996,13.174,10.214170614359173,real,151
84.7,right,0.99,-36.327552153966124,4.019601627996739,-33.996,13.174,10.214170614359173,real,154
84.7,right,0.78,-36.36050317456368,-0.12279456626589802,-33.996,13.174,10.214170614359173,real,158
84.7,right,0.96,-35.97642075544927,-3.8703704087709188,-33.996,13.174,10.214170614359173,real,165
84.8,left,0.89,-37.48216112469657,14.423397767341232,-34.215,12.951,10.225970614359174,real,153
84.8,left,0.91,-40.66892870981023,9.731739493503628,-34.215,12.951,10.225970614359174,real,156
84.8,left,0.97,-42.95243240662222,4.581235550524263,-34.215,12.951,10.225970614359174,real,157
84.8,left,0.86,-43.557176703866624,0.10998993716880978,-34.215,12.951,10.225970614359174,real,161
84.8,left,0.88,-42.62859446450585,-4.996141281742797,-34.215,12.951,10.225970614359174,real,163
84.8,left,0.85,-40.7893069827108,-9.823396253184846,-34.215,12.951,10.225970614359174,real,166
84.8,right,0.92,-34.26976981920651,7.374609566493387,-34.215,12.951,10.225970614359174,real,151
84.8,right,0.95,-35.62312217280264,3.7790687995132903,-34.215,12.951,10.225970614359174,real,154
84.8,right,0.8,-36.353399598909974,-0.08738640919119511,-34.215,12.951,10.225970614359174,real,158
84.8,right,0.97,-35.79876051809167,-3.860704244999493,-34.215,12.951,10.225970614359174,real,165
84.9,left,0.97,-37.560838359100316,14.314650738578518,-34.43,12.726,10.237770614359173,real,153
84.9,left,0.95,-40.780136977382206,9.728296150637426,-34.43,12.726,10.237770614359173,real,156
84.9,left,0.88,-42.924567966828114,4.744354364109014,-34.43,12.726,10.237770614359173,real,157
84.9,left,0.84,-43.50176758095294,0.002443187647127143,-34.43,12.726,10.237770614359173,real,161
84.9,left,0.84,-42.87083601058734,-4.993316449636877,-34.43,12.726,10.237770614359173,real,163
84.9,left,0.96,-40.79567177570508,-9.801371503217847,-34.43,12.726,10.237770614359173,real,166
84.9,right,0.92,-34.107393373141775,7.240007021121231,-34.43,12.726,10.237770614359173,real,151
84.9,right,0.9,-35.90109564766558,3.490921245846391,-34.43,12.726,10.237770614359173,real,154
84.9,right,0.75,-36.25498343818036,0.0383540225001795,-34.43,12.726,10.237770614359173,real,158
84.9,right,0.8,-35.808208591127084,-3.7698525417555624,-34.43,12.726,10.237770614359173,real,165
84.9,unknown,0.46,-34.568699496703545,8.473670938225245,-34.43,12.726,10.237770614359173,ghost,167
85.0,left,0.85,-37.95362443242773,14.073526094376206,-34.641,12.5,10.249770614359171,real,153
85.0,left,0.99,-40.95556469762415,9.698020221429347,-34.641,12.5,10.249770614359171,real,156
85.0,left,0.68,-42.75237935947399,4.858616428505943,-34.641,12.5,10.249770614359171,real,157
85.0,left,0.89,-43.441772613823694,-0.08623320933514433,-34.641,12.5,10.249770614359171,real,161
85.0,left,0.79,-42.872078783755896,-4.659925584209377,-34.641,12.5,10.249770614359171,real,163
85.0,left,0.83,-41.078817805226095,-9.80576517196202,-34.641,12.5,10.249770614359171,real,166
85.0,right,0.85,-34.18971228730705,7.217493833380564,-34.641,12.5,10.249770614359171,real,151
85.0,right,0.95,-36.11960039255718,3.950903271156085,-34.641,12.5,10.249770614359171,real,154
85.0,right,0.83,-36.33349937633438,-0.2065892693951401,-34.641,12.5,10.249770614359171,real,158
85.0,right,0.97,-36.120000835377624,-4.006057570751179,-34.641,12.5,10.249770614359171,real,165
85.0,unknown,0.34,-37.276287201572266,-1.3273676224084463,-34.641,12.5,10.249770614359171,ghost,168
85.1,left,0.79,-37.845782767567826,14.399998364834467,-34.849,12.273,10.261870614359172,real,153
85.1,left,0.88,-40.86090954816864,9.601292758433532,-34.849,12.273,10.261870614359172,real,156
85.1,left,0.9,-43.01296538121844,5.172947165389071,-34.849,12.273,10.261870614359172,real,157
85.1,left,0.87,-43.56270250959318,0.07413847220531089,-34.849,12.273,10.261870614359172,real,161
85.1,left,0.82,-42.92585733890151,-4.871936964801964,-34.849,12.273,10.261870614359172,real,163
85.1,left,0.92,-41.02623742780053,-9.659920798666558,-34.849,12.273,10.261870614359172,real,166
85.1,right,0.95,-34.30152980549089,7.124753562024818,-34.849,12.273,10.261870614359172,real,151
85.1,right,0.89,-36.21582770509123,3.4245509254675017,-34.849,12.273,10.261870614359172,real,154
85.1,right,0.91,-36.280857577408796,-0.16297623341316214,-34.849,12.273,10.261870614359172,real,158
85.1,right,0.98,-35.849744363914525,-3.924503502641797,-34.849,12.273,10.261870614359172,real,165
85.2,left,0.83,-37.38992313133362,14.040400869558827,-35.052,12.044,10.274170614359173,real,153
85.2,left,0.87,-41.27026024883656,9.931521721356864,-35.052,12.044,10.274170614359173,real,156
85.2,left,0.9,-42.8539370636931,5.155684962621718,-35.052,12.044,10.274170614359173,real,157
85.2,left,0.99,-43.32557295164906,0.1648529088262778,-35.052,12.044,10.274170614359173,real,161
85.2,left,0.87,-42.79557297632381,-5.31942680925478,-35.052,12.044,10.274170614359173,real,163
85.2,left,0.8,-40.819743613862485,-9.549021155103528,-35.052,12.044,10.274170614359173,real,166
85.2,right,0.99,-34.31233686106967,7.500657239332726,-35.052,12.044,10.274170614359173,real,151
85.2,right,0.95,-36.06813619302768,3.7964658692904334,-35.052,12.044,10.274170614359173,real,154
85.2,right,0.9,-36.20979116405725,-0.10755037929032873,-35.052,12.044,10.274170614359173,real,158
85.2,right,0.94,-36.27051687863439,-3.7817678997413307,-35.052,12.044,10.274170614359173,real,165
85.3,left,0.85,-40.92538093994759,9.77333179810154,-35.252,11.814,10.286470614359173,real,156
85.3,left,0.87,-42.49484025137156,5.070702802551865,-35.252,11.814,10.286470614359173,real,157
85.3,left,0.69,-43.570010245072794,-0.058647495940577055,-35.252,11.814,10.286470614359173,real,161
85.3,left,0.91,-42.700010544198584,-5.057032687227737,-35.252,11.814,10.286470614359173,real,163
85.3,left,0.85,-41.131292124507894,-9.631110028039013,-35.252,11.814,10.286470614359173,real,166
85.3,right,0.99,-34.62244528094723,7.31705594256295,-35.252,11.814,10.286470614359173,real,151
85.3,right,0.94,-35.90210586823667,3.480492013558501,-35.252,11.814,10.286470614359173,real,154
85.3,right,0.88,-36.44862237189869,0.15596788050952526,-35.252,11.814,10.286470614359173,real,158
85.3,right,0.93,-35.77015845398212,-3.9046438606060043,-35.252,11.814,10.286470614359173,real,165
85.4,left,0.96,-41.08889530773007,10.090903380988028,-35.448,11.582,10.298970614359172,real,156
85.4,left,0.71,-42.90542510148493,4.563729283096691,-35.448,11.582,10.298970614359172,real,157
85.4,left,0.84,-43.58461368934532,0.12812652111267697,-35.448,11.582,10.298970614359172,real,161
85.4,left,0.82,-42.689612628354624,-5.076714792589937,-35.448,11.582,10.298970614359172,real,163
85.4,left,0.88,-40.5944870905061,-9.783553857254768,-35.448,11.582,10.298970614359172,real,166
85.4,right,0.91,-33.96806710432553,7.438007284719172,-35.448,11.582,10.298970614359172,real,151
85.4,right,0.93,-35.881948033364424,3.8096769814720686,-35.448,11.582,10.298970614359172,real,154
85.4,right,0.87,-36.654796606338806,0.16295748536992605,-35.448,11.582,10.298970614359172,real,158
85.4,right,0.75,-35.829486332680716,-3.621182172755078,-35.448,11.582,10.298970614359172,real,165
85.4,left,0.55,-40.21815882860663,2.997688102715154,-35.448,11.582,10.298970614359172,ghost,169
85.5,left,0.99,-40.743148024599634,9.770338568228984,-35.64,11.35,10.311570614359173,real,156
85.5,left,0.84,-42.802996013343105,5.118529859428776,-35.64,11.35,10.311570614359173,real,157
85.5,left,0.84,-43.831601194641735,-0.09149320971454777,-35.64,11.35,10.311570614359173,real,161
85.5,left,0.98,-42.98176831847409,-4.958295556490572,-35.64,11.35,10.311570614359173,real,163
85.5,left,0.87,-41.115681773808,-9.607268884852026,-35.64,11.35,10.311570614359173,real,166
85.5,right,0.89,-34.32016520293354,7.585070238576485,-35.64,11.35,10.311570614359173,real,151
85.5,right,0.83,-35.91899298516537,3.857952488523013,-35.64,11.35,10.311570614359173,real,154
85.5,right,0.92,-36.6542195572985,-0.19780328415726167,-35.64,11.35,10.311570614359173,real,158
85.5,right,0.9,-35.96915210365001,-3.6477720642988425,-35.64,11.35,10.311570614359173,real,165
85.6,left,0.82,-40.98488800578635,9.393579872453627,-35.828,11.116,10.324370614359172,real,156
85.6,left,0.9,-42.84977009328457,4.845890371209253,-35.828,11.116,10.324370614359172,real,157
85.6,left,0.87,-43.12079103575797,-0.0826936697441758,-35.828,11.116,10.324370614359172,real,161
85.6,left,0.91,-42.763667016107256,-4.660942290624053,-35.828,11.116,10.324370614359172,real,163
85.6,left,0.94,-40.6184588065723,-9.426991150816718,-35.828,11.116,10.324370614359172,real,166
85.6,right,0.81,-34.264327386510196,7.392859261615005,-35.828,11.116,10.324370614359172,real,151
85.6,right,0.93,-35.89018862329692,3.795713832428924,-35.828,11.116,10.324370614359172,real,154
85.6,right,0.88,-36.49502136710524,0.03382370218624198,-35.828,11.116,10.324370614359172,real,158
85.6,right,0.82,-36.01790701911072,-3.9399165886402425,-35.828,11.116,10.324370614359172,real,165
85.7,left,0.87,-41.117035894616805,9.592208866238119,-36.013,10.881,10.337270614359173,real,156
85.7,left,0.82,-42.91936273866699,5.097594539378015,-36.013,10.881,10.337270614359173,real,157
85.7,left,0.92,-43.58966293437956,-0.03864636692960116,-36.013,10.881,10.337270614359173,real,161
85.7,left,0.87,-43.18692100001013,-5.031354743582533,-36.013,10.881,10.337270614359173,real,163
85.7,left,0.84,-41.20076028846625,-9.885885784570892,-36.013,10.881,10.337270614359173,real,166
85.7,right,0.91,-34.20534967309086,7.31745270893941,-36.013,10.881,10.337270614359173,real,151
85.7,right,0.85,-36.19373054782735,4.050126815034404,-36.013,10.881,10.337270614359173,real,154
85.7,right,0.9,-36.520496579785146,-0.02568291560300162,-36.013,10.881,10.337270614359173,real,158
85.7,right,0.75,-35.614719460325304,-3.5604775079185167,-36.013,10.881,10.337270614359173,real,165
85.8,left,0.86,-40.5102060239414,10.014212617747834,-36.193,10.644,10.350170614359172,real,156
85.8,left,0.79,-43.04582218409298,5.067427834843064,-36.193,10.644,10.350170614359172,real,157
85.8,left,0.81,-43.15485231844325,-0.20437426973214035,-36.193,10.644,10.350170614359172,real,161
85.8,left,0.99,-42.7116269167772,-5.027026262496907,-36.193,10.644,10.350170614359172,real,163
85.8,left,0.81,-40.821418823976565,-9.75503106007389,-36.193,10.644,10.350170614359172,real,166
85.8,right,0.9,-34.019517791613765,7.321258798848681,-36.193,10.644,10.350170614359172,real,151
85.8,right,0.9,-36.241420087388754,3.6954795463251844,-36.193,10.644,10.350170614359172,real,154
85.8,right,0.89,-36.41079899558685,-0.3930055992339412,-36.193,10.644,10.350170614359172,real,158
85.8,right,0.8,-36.01973137583448,-3.406355083907302,-36.193,10.644,10.350170614359172,real,165
85.9,left,0.8,-40.81306884947853,9.662146953356183,-36.369,10.407,10.363370614359173,real,156
85.9,left,0.86,-42.61188168546334,5.20954126891743,-36.369,10.407,10.363370614359173,real,157
85.9,left,0.93,-43.56357583274914,-0.0631466841120269,-36.369,10.407,10.363370614359173,real,161
85.9,left,0.94,-42.69931407811957,-4.914492540622836,-36.369,10.407,10.363370614359173,real,163
85.9,left,0.89,-40.788680796927416,-9.828221314660016,-36.369,10.407,10.363370614359173,real,166
85.9,right,0.86,-34.44190942537149,7.453382232383822,-36.369,10.407,10.363370614359173,real,151
85.9,right,0.87,-36.276723865359756,4.151443260989806,-36.369,10.407,10.363370614359173,real,154
85.9,right,0.85,-36.462789162418545,0.20828961127864876,-36.369,10.407,10.363370614359173,real,158
85.9,right,0.89,-35.88652333972658,-3.65364665199618,-36.369,10.407,10.363370614359173,real,165
86.0,left,0.98,-41.17922686780801,9.785696486441127,-36.542,10.168,10.376570614359172,real,156
86.0,left,0.9,-42.963412461033755,4.945940731351236,-36.542,10.168,10.376570614359172,real,157
86.0,left,0.81,-43.51669490626787,0.14154654105046988,-36.542,10.168,10.376570614359172,real,161
86.0,left,0.89,-42.583222962064895,-4.806072596412104,-36.542,10.168,10.376570614359172,real,163
86.0,left,0.78,-40.89876966078216,-10.143813511424533,-36.542,10.168,10.376570614359172,real,166
86.0,right,0.93,-34.253761716001804,7.54086209809135,-36.542,10.168,10.376570614359172,real,151
86.0,right,0.9,-35.97901710516318,3.7334595921603566,-36.542,10.168,10.376570614359172,real,154
86.0,right,0.89,-36.521106927751696,-0.1641883683725034,-36.542,10.168,10.376570614359172,real,158
86.0,right,0.8,-36.156145884845586,-3.5710708784043463,-36.542,10.168,10.376570614359172,real,165
86.0,right,0.9,-34.5178212250486,-7.246642984771072,-36.542,10.168,10.376570614359172,real,170
86.1,left,0.81,-40.86012966508301,9.595118639337201,-36.71,9.929,10.389970614359171,real,156
86.1,left,0.99,-42.86496940946145,4.9868497019421,-36.71,9.929,10.389970614359171,real,157
86.1,left,0.97,-43.45205031366526,0.09509377876694314,-36.71,9.929,10.389970614359171,real,161
86.1,left,0.75,-42.88819597251224,-4.920944327344582,-36.71,9.929,10.389970614359171,real,163
86.1,left,0.96,-40.62328056943897,-9.790226637595387,-36.71,9.929,10.389970614359171,real,166
86.1,right,0.83,-34.145473609250224,7.4880130292957485,-36.71,9.929,10.389970614359171,real,151
86.1,right,0.85,-35.927632502825105,3.837268628758792,-36.71,9.929,10.389970614359171,real,154
86.1,right,0.87,-36.28823345648883,-0.022965684364804506,-36.71,9.929,10.389970614359171,real,158
86.1,right,0.77,-36.07644685306994,-3.62392700526403,-36.71,9.929,10.389970614359171,real,165
86.1,right,0.84,-34.24602035109339,-7.2850038715510355,-36.71,9.929,10.389970614359171,real,170
86.2,left,0.91,-40.60663819374429,10.059979019554703,-36.875,9.688,10.403470614359172,real,156
86.2,left,0.92,-43.24580523415679,4.813864520918565,-36.875,9.688,10.403470614359172,real,157
86.2,left,0.79,-43.389960716373444,0.028739528094775105,-36.875,9.688,10.403470614359172,real,161
86.2,left,0.8,-42.90194509636994,-4.735680452829724,-36.875,9.688,10.403470614359172,real,163
86.2,left,0.73,-40.37577163606384,-9.661002944651461,-36.875,9.688,10.403470614359172,real,166
86.2,right,0.8,-34.2456470978652,7.401262735678775,-36.875,9.688,10.403470614359172,real,151
86.2,right,0.92,-35.86216460781442,3.8583358185624212,-36.875,9.688,10.403470614359172,real,154
86.2,right,0.93,-36.66728859670155,-0.05679743108802526,-36.875,9.688,10.403470614359172,real,158
86.2,right,0.87,-35.699357337515096,-3.7833913286692624,-36.875,9.688,10.403470614359172,real,165
86.2,right,0.9,-34.36273138665962,-7.284345636782937,-36.875,9.688,10.403470614359172,real,170
86.3,left,0.8,-40.971721734695116,9.833130447755055,-37.035,9.446,10.417170614359172,real,156
86.3,left,0.88,-43.054855295526664,5.051090760787024,-37.035,9.446,10.417170614359172,real,157
86.3,left,0.89,-43.74029528594132,-0.28640340965853717,-37.035,9.446,10.417170614359172,real,161
86.3,left,0.87,-43.02155299056435,-5.150550869680308,-37.035,9.446,10.417170614359172,real,163
86.3,left,0.76,-41.17620812679661,-9.692127945296889,-37.035,9.446,10.417170614359172,real,166
86.3,right,0.8,-34.212434741875654,7.121889339203167,-37.035,9.446,10.417170614359172,real,151
86.3,right,0.84,-35.988207658644754,3.924600558365659,-37.035,9.446,10.417170614359172,real,154
86.3,right,0.69,-36.23017481376854,0.06388289245931889,-37.035,9.446,10.417170614359172,real,158
86.3,right,0.99,-35.92515529925063,-3.4529240535875143,-37.035,9.446,10.417170614359172,real,165
86.3,right,0.91,-34.48804384601983,-7.392381969467925,-37.035,9.446,10.417170614359172,real,170
86.4,left,0.94,-40.66225009782834,10.243184963516935,-37.191,9.203,10.430870614359172,real,156
86.4,left,0.87,-42.786224465397446,5.100436876559005,-37.191,9.203,10.430870614359172,real,157
86.4,left,0.81,-43.4058129750773,0.08068956432578073,-37.191,9.203,10.430870614359172,real,161
86.4,left,0.91,-42.668663721872484,-5.0397734009244886,-37.191,9.203,10.430870614359172,real,163
86.4,left,0.74,-40.92393094338879,-9.980566002490008,-37.191,9.203,10.430870614359172,real,166
86.4,right,0.78,-34.49167462665516,7.013486006252354,-37.191,9.203,10.430870614359172,real,151
86.4,right,0.89,-35.7868122238004,3.435034441055353,-37.191,9.203,10.430870614359172,real,154
86.4,right,0.87,-36.729248966616154,-0.016460015812692408,-37.191,9.203,10.430870614359172,real,158
86.4,right,0.98,-35.80386670885916,-3.4047312087706247,-37.191,9.203,10.430870614359172,real,165
86.4,right,0.9,-34.33239847151705,-7.2502354964412685,-37.191,9.203,10.430870614359172,real,170
86.5,left,0.99,-40.93978203113471,9.842056068721845,-37.343,8.959,10.444770614359172,real,156
86.5,left,0.82,-42.9473496163821,5.161531056432736,-37.343,8.959,10.444770614359172,real,157
86.5,left,0.94,-43.42322373140428,-0.0020872318077746477,-37.343,8.959,10.444770614359172,real,161
86.5,left,0.95,-42.645368398138565,-4.884245983887647,-37.343,8.959,10.444770614359172,real,163
86.5,left,0.8,-41.08576223316416,-9.682080142148417,-37.343,8.959,10.444770614359172,real,166
86.5,left,0.8,-37.74769495272449,-14.404568027919867,-37.343,8.959,10.444770614359172,real,171
86.5,right,0.83,-35.85181209365731,3.419247421772585,-37.343,8.959,10.444770614359172,real,154
86.5,right,0.84,-36.2811384548268,0.06249528978473595,-37.343,8.959,10.444770614359172,real,158
86.5,right,0.91,-36.358935071358836,-3.514864726548003,-37.343,8.959,10.444770614359172,real,165
86.5,right,0.89,-34.388231236499635,-7.322394029819514,-37.343,8.959,10.444770614359172,real,170
86.6,left,0.81,-40.79071133583264,9.536071833952226,-37.491,8.714,10.458770614359173,real,156
86.6,left,0.94,-42.90568135639924,4.802921528700502,-37.491,8.714,10.458770614359173,real,157
86.6,left,0.94,-43.68305231631303,0.19191357048976748,-37.491,8.714,10.458770614359173,real,161
86.6,left,0.83,-42.86210992463884,-4.685999670800227,-37.491,8.714,10.458770614359173,real,163
86.6,left,0.96,-40.94670643997815,-10.024376717333162,-37.491,8.714,10.458770614359173,real,166
86.6,left,0.9,-37.90900927740351,-14.176891250539034,-37.491,8.714,10.458770614359173,real,171
86.6,right,0.99,-36.25549347110467,3.680149027130719,-37.491,8.714,10.458770614359173,real,154
86.6,right,0.94,-36.21501712319007,0.35937507136987934,-37.491,8.714,10.458770614359173,real,158
86.6,right,0.77,-35.69710220875499,-3.525964571622186,-37.491,8.714,10.458770614359173,real,165
86.6,right,0.75,-34.32322395553558,-7.461031095244216,-37.491,8.714,10.458770614359173,real,170
86.7,left,0.83,-40.955803573636004,9.72306160220379,-37.635,8.468,10.472970614359173,real,156
86.7,left,0.77,-43.0618904115894,4.8186627367974015,-37.635,8.468,10.472970614359173,real,157
86.7,left,0.82,-43.19356168147516,0.24258104208448344,-37.635,8.468,10.472970614359173,real,161
86.7,left,0.86,-43.153644112308534,-5.00128075888547,-37.635,8.468,10.472970614359173,real,163
86.7,left,0.77,-41.03864711106875,-9.50165459721787,-37.635,8.468,10.472970614359173,real,166
86.7,left,0.9,-37.66556803278432,-14.220091470975952,-37.635,8.468,10.472970614359173,real,171
86.7,right,0.93,-35.7349894606626,3.7787192502040576,-37.635,8.468,10.472970614359173,real,154
86.7,right,0.94,-36.78207090191577,-0.3750814738778252,-37.635,8.468,10.472970614359173,real,158
86.7,right,0.91,-35.91038647467842,-3.6861215309160817,-37.635,8.468,10.472970614359173,real,165
86.7,right,0.92,-34.214484496786355,-7.355373018805918,-37.635,8.468,10.472970614359173,real,170
86.8,left,0.71,-40.819507303297634,9.745344110884785,-37.775,8.222,10.487270614359172,real,156
86.8,left,0.94,-42.82862779134514,4.575567339639459,-37.775,8.222,10.487270614359172,real,157
86.8,left,0.85,-43.11183280131709,0.16131407070180276,-37.775,8.222,10.487270614359172,real,161
86.8,left,0.9,-42.61266473906421,-5.0574274677944935,-37.775,8.222,10.487270614359172,real,163
86.8,left,0.86,-41.064619362009594,-9.805096423248301,-37.775,8.222,10.487270614359172,real,166
86.8,left,0.85,-37.59663546689898,-14.314005903738394,-37.775,8.222,10.487270614359172,real,171
86.8,right,0.83,-36.14749741017491,3.4792859752972003,-37.775,8.222,10.487270614359172,real,154
86.8,right,0.88,-36.56330527490177,0.17488741888314596,-37.775,8.222,10.487270614359172,real,158
86.8,right,0.84,-36.08861741747633,-3.918686256771517,-37.775,8.222,10.487270614359172,real,165
86.8,right,0.87,-34.19565563978044,-7.850016020119083,-37.775,8.222,10.487270614359172,real,170
86.9,left,0.89,-43.27904764319975,4.872101146017563,-37.911,7.974,10.501670614359172,real,157
86.9,left,0.92,-43.45333441001836,0.04481017458110659,-37.911,7.974,10.501670614359172,real,161
86.9,left,0.78,-42.71253424694975,-4.956034565899996,-37.911,7.974,10.501670614359172,real,163
86.9,left,0.83,-40.77653418293912,-9.804241837887329,-37.911,7.974,10.501670614359172,real,166
86.9,left,0.87,-37.7996249470474,-14.364495822180594,-37.911,7.974,10.501670614359172,real,171
86.9,right,0.82,-35.6971996720735,3.7155833801666946,-37.911,7.974,10.501670614359172,real,154
86.9,right,0.7,-36.56547931758603,0.11374656304287756,-37.911,7.974,10.501670614359172,real,158
86.9,right,0.83,-35.915953528802156,-3.719258296033702,-37.911,7.974,10.501670614359172,real,165
86.9,right,0.96,-34.35757744292701,-7.57708527180289,-37.911,7.974,10.501670614359172,real,170
87.0,left,0.79,-43.01537563608428,4.902827116847151,-38.042,7.725,10.516170614359172,real,157
87.0,left,0.89,-43.5618180339175,-0.11363086721394222,-38.042,7.725,10.516170614359172,real,161
87.0,left,0.79,-42.711323950468135,-5.094403178213277,-38.042,7.725,10.516170614359172,real,163
87.0,left,0.87,-40.88459057733651,-9.914334420823188,-38.042,7.725,10.516170614359172,real,166
87.0,left,0.82,-37.81598934516407,-13.92370275983992,-38.042,7.725,10.516170614359172,real,171
87.0,right,0.9,-36.0093285099487,3.5418658145437627,-38.042,7.725,10.516170614359172,real,154
87.0,right,0.93,-36.700728470399326,-0.05804308634371358,-38.042,7.725,10.516170614359172,real,158
87.0,right,0.96,-35.84384977234011,-3.782089796149101,-38.042,7.725,10.516170614359172,real,165
87.0,right,0.84,-34.57403225013839,-7.442422084385988,-38.042,7.725,10.516170614359172,real,170
87.1,left,0.87,-43.00967765786165,4.829616587114643,-38.17,7.476,10.530770614359172,real,157
87.1,left,0.83,-43.44856190955547,0.4295392453381204,-38.17,7.476,10.530770614359172,real,161
87.1,left,0.99,-42.71988029466522,-4.83903561928333,-38.17,7.476,10.530770614359172,real,163
87.1,left,0.93,-40.61201820806217,-9.74427836800244,-38.17,7.476,10.530770614359172,real,166
87.1,left,0.78,-37.47318574638182,-14.139547503960074,-38.17,7.476,10.530770614359172,real,171
87.1,right,0.86,-35.73579784685347,4.009067079158179,-38.17,7.476,10.530770614359172,real,154
87.1,right,0.87,-36.6482370358609,0.034390397167118,-38.17,7.476,10.530770614359172,real,158
87.1,right,0.86,-36.05441996413242,-3.9058032891031167,-38.17,7.476,10.530770614359172,real,165
87.1,right,0.9,-34.33535581976954,-7.023082626532777,-38.17,7.476,10.530770614359172,real,170
87.2,left,0.92,-42.39173151021069,4.5115886444376105,-38.293,7.226,10.545570614359173,real,157
87.2,left,0.93,-43.53627743686832,0.28461636847323735,-38.293,7.226,10.545570614359173,real,161
87.2,left,0.68,-43.17754670655674,-4.929510045714486,-38.293,7.226,10.545570614359173,real,163
87.2,left,0.92,-41.059971758262336,-9.997089481535497,-38.293,7.226,10.545570614359173,real,166
87.2,left,0.86,-37.45709433047428,-14.373966706262646,-38.293,7.226,10.545570614359173,real,171
87.2,right,0.79,-36.124761534520644,3.4932741921196895,-38.293,7.226,10.545570614359173,real,154
87.2,right,0.97,-36.67353189786431,0.21456162644461108,-38.293,7.226,10.545570614359173,real,158
87.2,right,0.81,-35.83961735642283,-4.096334282478782,-38.293,7.226,10.545570614359173,real,165
87.2,right,0.96,-34.1503696728995,-7.5354875596258,-38.293,7.226,10.545570614359173,real,170
87.3,left,0.99,-42.47105252770512,5.198373821725388,-38.412,6.975,10.560470614359172,real,157
87.3,left,0.72,-43.510860184861215,-0.0018681953464688705,-38.412,6.975,10.560470614359172,real,161
87.3,left,0.91,-42.52161557903008,-5.033670567244037,-38.412,6.975,10.560470614359172,real,163
87.3,left,0.85,-40.80823770923497,-9.729383641452934,-38.412,6.975,10.560470614359172,real,166
87.3,left,0.87,-37.992342215673915,-13.865690879720244,-38.412,6.975,10.560470614359172,real,171
87.3,right,0.92,-35.70672805620764,3.3598821996883848,-38.412,6.975,10.560470614359172,real,154
87.3,right,0.84,-36.35176054160258,-0.12272057593579166,-38.412,6.975,10.560470614359172,real,158
87.3,right,0.91,-36.10535133178611,-3.7230378538041773,-38.412,6.975,10.560470614359172,real,165
87.3,right,0.94,-34.36937022124002,-7.3143800240557315,-38.412,6.975,10.560470614359172,real,170
87.4,left,0.84,-42.85014492615312,5.158147627577428,-38.527,6.723,10.575470614359173,real,157
87.4,left,0.92,-43.37711907317889,0.07508769793205106,-38.527,6.723,10.575470614359173,real,161
87.4,left,0.99,-42.836789568306045,-4.9699733548366725,-38.527,6.723,10.575470614359173,real,163
87.4,left,0.83,-40.881054590667354,-9.901437102776082,-38.527,6.723,10.575470614359173,real,166
87.4,left,0.85,-37.64847097956156,-14.374840191835931,-38.527,6.723,10.575470614359173,real,171
87.4,right,0.93,-36.275166102684075,3.7489767823873694,-38.527,6.723,10.575470614359173,real,154
87.4,right,0.88,-36.632730108206225,-0.06481044056502738,-38.527,6.723,10.575470614359173,real,158
87.4,right,0.89,-35.75571303944172,-3.868226018844072,-38.527,6.723,10.575470614359173,real,165
87.4,right,0.84,-34.09844194630885,-7.261181297633669,-38.527,6.723,10.575470614359173,real,170
87.5,left,0.9,-42.60327763075382,4.979196607267807,-38.637,6.47,10.590570614359173,real,157
87.5,left,0.82,-43.601113973012076,-0.06141443050020112,-38.637,6.47,10.590570614359173,real,161
87.5,left,0.87,-43.13921452127639,-5.082624134992365,-38.637,6.47,10.590570614359173,real,163
87.5,left,0.99,-40.828226777045586,-9.825933701741622,-38.637,6.47,10.590570614359173,real,166
87.5,left,0.8,-37.99919450712163,-14.20597632890051,-38.637,6.47,10.590570614359173,real,171
87.5,right,0.82,-36.12178182539998,3.3375349109428623,-38.637,6.47,10.590570614359173,real,154
87.5,right,0.92,-36.50113787857783,-0.288318503760679,-38.637,6.47,10.590570614359173,real,158
87.5,right,0.86,-35.82351250153354,-4.230213460299424,-38.637,6.47,10.590570614359173,real,165
87.5,right,0.8,-34.405237133826844,-7.441864901747643,-38.637,6.47,10.590570614359173,real,170
87.6,left,0.85,-42.713651033123156,4.964950331193681,-38.743,6.217,10.605770614359173,real,157
87.6,left,0.88,-43.57549973514871,-0.1881044729799427,-38.743,6.217,10.605770614359173,real,161
87.6,left,0.95,-42.8910693647573,-5.069367021551355,-38.743,6.217,10.605770614359173,real,163
87.6,left,0.97,-40.606604977427416,-9.629568602953377,-38.743,6.217,10.605770614359173,real,166
87.6,left,0.99,-37.80713395794453,-14.344049699646355,-38.743,6.217,10.605770614359173,real,171
87.6,right,0.87,-35.90392742275044,3.6646663813071836,-38.743,6.217,10.605770614359173,real,154
87.6,right,0.9,-36.812764550793354,-0.21068380605533576,-38.743,6.217,10.605770614359173,real,158
87.6,right,0.99,-35.971647208889046,-3.578992226783436,-38.743,6.217,10.605770614359173,real,165
87.6,right,0.88,-34.32485681152721,-7.496673861010093,-38.743,6.217,10.605770614359173,real,170
87.7,left,0.85,-42.64541204367273,4.8640631054026535,-38.845,5.963,10.621070614359173,real,157
87.7,left,0.98,-43.422131268674654,-0.06439996593230568,-38.845,5.963,10.621070614359173,real,161
87.7,left,0.98,-43.051723847227365,-4.941966504908148,-38.845,5.963,10.621070614359173,real,163
87.7,left,0.84,-41.339548044741136,-9.680746835476409,-38.845,5.963,10.621070614359173,real,166
87.7,left,0.91,-37.65257514183506,-14.370533164642842,-38.845,5.963,10.621070614359173,real,171
87.7,right,0.9,-35.84880532424261,3.6517668951481537,-38.845,5.963,10.621070614359173,real,154
87.7,right,0.77,-36.41207114000046,0.1630071411956615,-38.845,5.963,10.621070614359173,real,158
87.7,right,0.89,-35.52978578387353,-3.554398210708268,-38.845,5.963,10.621070614359173,real,165
87.7,right,0.98,-34.27684283183463,-7.550726395296724,-38.845,5.963,10.621070614359173,real,170
87.8,left,0.93,-42.925864572622075,4.9008225466198905,-38.943,5.709,10.636570614359172,real,157
87.8,left,0.97,-43.30363815382876,0.028955643538251974,-38.943,5.709,10.636570614359172,real,161
87.8,left,0.88,-42.874923563355395,-5.024864080187087,-38.943,5.709,10.636570614359172,real,163
87.8,left,0.85,-41.18983934536618,-9.864440113093654,-38.943,5.709,10.636570614359172,real,166
87.8,left,0.85,-37.60832606589797,-14.153194201286738,-38.943,5.709,10.636570614359172,real,171
87.8,right,0.88,-36.01955808122272,3.6485116240231177,-38.943,5.709,10.636570614359172,real,154
87.8,right,0.89,-36.384175073353035,-0.012801726272080094,-38.943,5.709,10.636570614359172,real,158
87.8,right,0.82,-35.95338293807444,-4.187291771317356,-38.943,5.709,10.636570614359172,real,165
87.8,right,0.75,-34.565303747707944,-7.325020274752839,-38.943,5.709,10.636570614359172,real,170
87.9,left,0.9,-42.87451181671929,4.793863607623558,-39.037,5.454,10.652070614359172,real,157
87.9,left,0.85,-43.47309206882756,0.09176379139400392,-39.037,5.454,10.652070614359172,real,161
87.9,left,0.86,-42.88173984379126,-4.94461988600237,-39.037,5.454,10.652070614359172,real,163
87.9,left,0.93,-40.93894613109921,-9.753884859979603,-39.037,5.454,10.652070614359172,real,166
87.9,left,0.99,-37.8859119561183,-14.155235485230744,-39.037,5.454,10.652070614359172,real,171
87.9,right,0.97,-36.25831857515305,3.780402217015533,-39.037,5.454,10.652070614359172,real,154
87.9,right,0.9,-36.260483622233586,-0.17175166568832023,-39.037,5.454,10.652070614359172,real,158
87.9,right,0.89,-35.94055890233942,-3.814294208144157,-39.037,5.454,10.652070614359172,real,165
87.9,right,0.92,-34.35103934521739,-7.473388163965269,-39.037,5.454,10.652070614359172,real,170
88.0,left,0.9,-42.676530332083594,4.907685754820123,-39.126,5.198,10.667770614359172,real,157
88.0,left,0.83,-43.5482934542452,0.06446977173212443,-39.126,5.198,10.667770614359172,real,161
88.0,left,0.89,-42.706018635204956,-4.770147599809364,-39.126,5.198,10.667770614359172,real,163
88.0,left,0.86,-41.010235054252625,-9.71017746273251,-39.126,5.198,10.667770614359172,real,166
88.0,left,0.91,-37.612213300879034,-14.396772512830163,-39.126,5.198,10.667770614359172,real,171
88.0,right,0.74,-35.86645691083085,3.6511774989192607,-39.126,5.198,10.667770614359172,real,154
88.0,right,0.84,-36.578651275719025,-0.32525949751630834,-39.126,5.198,10.667770614359172,real,158
88.0,right,0.92,-36.069865563508436,-3.674406567898613,-39.126,5.198,10.667770614359172,real,165
88.0,right,0.92,-34.26492119368137,-7.193943586006185,-39.126,5.198,10.667770614359172,real,170
88.1,left,0.91,-42.79328326779243,5.0933403731594495,-39.211,4.941,10.683470614359173,real,157
88.1,left,0.88,-43.44427524789856,0.22609696011367353,-39.211,4.941,10.683470614359173,real,161
88.1,left,0.83,-42.628890389457744,-4.997636238722714,-39.211,4.941,10.683470614359173,real,163
88.1,left,0.77,-40.90422966804349,-9.803379718769362,-39.211,4.941,10.683470614359173,real,166
88.1,left,0.81,-37.708717093611206,-14.085466988623297,-39.211,4.941,10.683470614359173,real,171
88.1,right,0.79,-36.083700605107204,3.697661150489073,-39.211,4.941,10.683470614359173,real,154
88.1,right,0.83,-36.62210748164597,-0.055322600514356335,-39.211,4.941,10.683470614359173,real,158
88.1,right,0.85,-35.96152824713547,-3.524770982452547,-39.211,4.941,10.683470614359173,real,165
88.1,right,0.78,-34.238550209615866,-7.238229166170936,-39.211,4.941,10.683470614359173,real,170
88.2,left,0.94,-42.814915347054175,4.758814814204457,-39.291,4.685,10.699370614359172,real,157
88.2,left,0.81,-43.5898207500646,-0.14766698198976236,-39.291,4.685,10.699370614359172,real,161
88.2,left,0.99,-42.95829838694072,-5.228254891363481,-39.291,4.685,10.699370614359172,real,163
88.2,left,0.91,-40.78784639406993,-9.68905203387548,-39.291,4.685,10.699370614359172,real,166
88.2,left,0.87,-37.805771382586805,-13.837136727548927,-39.291,4.685,10.699370614359172,real,171
88.2,right,0.87,-36.38770246758402,0.10405954652679528,-39.291,4.685,10.699370614359172,real,158
88.2,right,0.92,-36.124548592313076,-4.004682357989705,-39.291,4.685,10.699370614359172,real,165
88.2,right,0.96,-34.56167707803997,-7.441541044330139,-39.291,4.685,10.699370614359172,real,170
88.2,right,0.71,-31.627704065169148,-11.068908734507922,-39.291,4.685,10.699370614359172,real,172
88.3,left,0.85,-42.60558666462928,5.116583634532244,-39.368,4.427,10.715270614359172,real,157
88.3,left,0.84,-43.709778442499974,0.20745962737141965,-39.368,4.427,10.715270614359172,real,161
88.3,left,0.89,-42.991617335039635,-4.845424462307596,-39.368,4.427,10.715270614359172,real,163
88.3,left,0.81,-41.09589840361556,-9.299714723734256,-39.368,4.427,10.715270614359172,real,166
88.3,left,0.93,-37.7714626375348,-14.220460992056069,-39.368,4.427,10.715270614359172,real,171
88.3,right,0.81,-36.599617397547604,-0.3648863474042139,-39.368,4.427,10.715270614359172,real,158
88.3,right,0.94,-36.0162771878688,-3.8076312115746465,-39.368,4.427,10.715270614359172,real,165
88.3,right,0.94,-34.22741244193697,-7.501689808939101,-39.368,4.427,10.715270614359172,real,170
88.3,right,0.99,-31.857723977405907,-10.410796300813951,-39.368,4.427,10.715270614359172,real,172
88.4,left,0.94,-42.79353648162461,5.029965775401549,-39.44,4.169,10.731270614359172,real,157
88.4,left,0.8,-43.58829388255124,-0.1192214103271223,-39.44,4.169,10.731270614359172,real,161
88.4,left,0.92,-43.05604750799405,-4.8246620694759255,-39.44,4.169,10.731270614359172,real,163
88.4,left,0.81,-40.90879861346423,-10.062488735655366,-39.44,4.169,10.731270614359172,real,166
88.4,left,0.96,-37.764743354469175,-14.369391628499082,-39.44,4.169,10.731270614359172,real,171
88.4,left,0.88,-33.466079295757424,-18.11544559371899,-39.44,4.169,10.731270614359172,real,173
88.4,right,0.85,-36.4043902217014,0.2882245267346504,-39.44,4.169,10.731270614359172,real,158
88.4,right,0.84,-35.825897177471504,-4.070248921363621,-39.44,4.169,10.731270614359172,real,165
88.4,right,0.97,-33.95208653586128,-7.25225421353211,-39.44,4.169,10.731270614359172,real,170
88.4,right,0.86,-31.59015643666891,-10.632664130469571,-39.44,4.169,10.731270614359172,real,172
88.4,right,0.27,-40.37023291802773,-0.8606447904616086,-39.44,4.169,10.731270614359172,ghost,174
88.5,left,0.77,-43.61215248336071,0.017936888088742386,-39.508,3.911,10.747370614359173,real,161
88.5,left,0.87,-43.268105799763745,-4.90545877745612,-39.508,3.911,10.747370614359173,real,163
88.5,left,0.72,-40.76418796432188,-10.029607045544784,-39.508,3.911,10.747370614359173,real,166
88.5,left,0.94,-37.69983884344734,-14.273456060931109,-39.508,3.911,10.747370614359173,real,171
88.5,left,0.93,-33.31630722743131,-18.208929421454325,-39.508,3.911,10.747370614359173,real,173
88.5,right,0.85,-36.44985761302223,-0.07646750970712213,-39.508,3.911,10.747370614359173,real,158
88.5,right,0.85,-36.14430191812369,-3.999759458736033,-39.508,3.911,10.747370614359173,real,165
88.5,right,0.85,-34.479613061551916,-7.334917027848137,-39.508,3.911,10.747370614359173,real,170
88.5,right,0.95,-31.50115527044296,-10.912240215174437,-39.508,3.911,10.747370614359173,real,172
88.6,left,0.85,-43.251725110018285,-0.2410009843924883,-39.571,3.652,10.763570614359173,real,161
88.6,left,0.99,-42.815626003427674,-5.2494607844938015,-39.571,3.652,10.763570614359173,real,163
88.6,left,0.88,-40.951403875614965,-9.56265830584307,-39.571,3.652,10.763570614359173,real,166
88.6,left,0.79,-37.530777882768206,-14.038062512957895,-39.571,3.652,10.763570614359173,real,171
88.6,left,0.9,-33.198616923984844,-18.308564289938353,-39.571,3.652,10.763570614359173,real,173
88.6,right,0.86,-36.430320417717446,0.1140807299440102,-39.571,3.652,10.763570614359173,real,158
88.6,right,0.75,-36.02824763061643,-3.6553592117280695,-39.571,3.652,10.763570614359173,real,165
88.6,right,0.79,-34.39101488811889,-7.541935333058258,-39.571,3.652,10.763570614359173,real,170
88.6,right,0.9,-31.550923248616712,-10.925608408169058,-39.571,3.652,10.763570614359173,real,172
88.7,left,0.86,-43.616886525024114,0.028685532447780937,-39.63,3.393,10.779770614359172,real,161
88.7,left,0.93,-42.75920537870113,-4.983225086392315,-39.63,3.393,10.779770614359172,real,163
88.7,left,0.99,-40.751878635861445,-9.887823066602373,-39.63,3.393,10.779770614359172,real,166
88.7,left,0.89,-37.693584982678075,-14.163888188989814,-39.63,3.393,10.779770614359172,real,171
88.7,left,0.81,-33.52384117743906,-18.137945762638044,-39.63,3.393,10.779770614359172,real,173
88.7,right,0.9,-36.50156814092853,-0.30159660898813767,-39.63,3.393,10.779770614359172,real,158
88.7,right,0.87,-35.850716835296915,-3.87996670974038,-39.63,3.393,10.779770614359172,real,165
88.7,right,0.76,-34.425321308361106,-7.492995853241911,-39.63,3.393,10.779770614359172,real,170
88.7,right,0.87,-31.482456514936132,-10.815219176201964,-39.63,3.393,10.779770614359172,real,172
88.8,left,0.78,-43.16373275925206,-0.0010166543441563203,-39.685,3.133,10.796170614359173,real,161
88.8,left,0.89,-42.77012612271148,-4.883735857377565,-39.685,3.133,10.796170614359173,real,163
88.8,left,0.86,-40.83008506465661,-9.934102249339766,-39.685,3.133,10.796170614359173,real,166
88.8,left,0.87,-37.280513409255654,-14.299723976330567,-39.685,3.133,10.796170614359173,real,171
88.8,left,0.97,-33.25657360099331,-18.48881282946816,-39.685,3.133,10.796170614359173,real,173
88.8,right,0.78,-36.55705620580653,0.04827754565072928,-39.685,3.133,10.796170614359173,real,158
88.8,right,0.94,-35.932250288426715,-3.7711698706134564,-39.685,3.133,10.796170614359173,real,165
88.8,right,0.81,-33.92660719872164,-7.209590117866298,-39.685,3.133,10.796170614359173,real,170
88.8,right,0.92,-31.600569694560257,-10.97087321399648,-39.685,3.133,10.796170614359173,real,172
88.9,left,0.99,-43.18120157967893,0.10725802501056125,-39.735,2.873,10.812470614359173,real,161
88.9,left,0.97,-42.895647395884374,-5.243177920603349,-39.735,2.873,10.812470614359173,real,163
88.9,left,0.89,-40.75577409600382,-9.883379668421895,-39.735,2.873,10.812470614359173,real,166
88.9,left,0.91,-37.48101115216036,-14.540507609721093,-39.735,2.873,10.812470614359173,real,171
88.9,left,0.82,-33.36846037885573,-18.51781752183399,-39.735,2.873,10.812470614359173,real,173
88.9,right,0.93,-36.55734245025874,0.37158969847560785,-39.735,2.873,10.812470614359173,real,158
88.9,right,0.95,-35.8840562335982,-3.7417654613002824,-39.735,2.873,10.812470614359173,real,165
88.9,right,0.84,-34.500371392126056,-7.23714101472515,-39.735,2.873,10.812470614359173,real,170
88.9,right,0.85,-31.35730456291258,-10.611851655224266,-39.735,2.873,10.812470614359173,real,172
89.0,left,0.84,-43.50654357254195,0.06250689295356615,-39.781,2.613,10.828970614359172,real,161
89.0,left,0.77,-42.64316879979117,-5.169108632080507,-39.781,2.613,10.828970614359172,real,163
89.0,left,0.97,-40.96557304268675,-9.75582014205639,-39.781,2.613,10.828970614359172,real,166
89.0,left,0.94,-37.41589661511641,-14.070215726556203,-39.781,2.613,10.828970614359172,real,171
89.0,left,0.94,-33.517988679868346,-18.58716455605717,-39.781,2.613,10.828970614359172,real,173
89.0,right,0.91,-36.84739160711198,0.062188600233838986,-39.781,2.613,10.828970614359172,real,158
89.0,right,0.78,-35.6308443781148,-4.009940307305715,-39.781,2.613,10.828970614359172,real,165
89.0,right,0.91,-34.30558504407607,-7.260724781481636,-39.781,2.613,10.828970614359172,real,170
89.0,right,0.84,-31.793496504791733,-10.828718078952395,-39.781,2.613,10.828970614359172,real,172
89.1,left,0.87,-43.41753638010733,0.10540592203024568,-39.822,2.353,10.845470614359172,real,161
89.1,left,0.75,-42.90801565416718,-5.051777672708013,-39.822,2.353,10.845470614359172,real,163
89.1,left,0.93,-41.01450509902584,-9.86505698909599,-39.822,2.353,10.845470614359172,real,166
89.1,left,0.96,-37.77059785832456,-14.30912391182857,-39.822,2.353,10.845470614359172,real,171
89.1,left,0.88,-33.28962584005394,-18.424486201041475,-39.822,2.353,10.845470614359172,real,173
89.1,right,0.98,-36.59929691167476,0.11592025075122103,-39.822,2.353,10.845470614359172,real,158
89.1,right,0.96,-36.16265431413905,-3.6507293536077063,-39.822,2.353,10.845470614359172,real,165
89.1,right,0.86,-34.31564232153053,-7.460774458217408,-39.822,2.353,10.845470614359172,real,170
89.1,right,0.9,-31.610404070717678,-10.678498965744271,-39.822,2.353,10.845470614359172,real,172
89.2,left,0.84,-43.43957037812574,-0.15015920666770816,-39.86,2.092,10.861970614359173,real,161
89.2,left,0.72,-43.10073090916398,-5.076194205962142,-39.86,2.092,10.861970614359173,real,163
89.2,left,0.76,-40.82023958874805,-9.781906515220717,-39.86,2.092,10.861970614359173,real,166
89.2,left,0.99,-37.99232308148807,-14.108157805652937,-39.86,2.092,10.861970614359173,real,171
89.2,left,0.87,-33.10751040251537,-18.467697814799273,-39.86,2.092,10.861970614359173,real,173
89.2,right,0.88,-36.197401279369224,0.342527047470062,-39.86,2.092,10.861970614359173,real,158
89.2,right,0.98,-35.65873873326534,-3.7123623050801253,-39.86,2.092,10.861970614359173,real,165
89.2,right,0.83,-34.522611524558755,-7.435884826246953,-39.86,2.092,10.861970614359173,real,170
89.2,right,0.94,-31.730906703171875,-10.56766773542908,-39.86,2.092,10.861970614359173,real,172
89.3,left,0.97,-43.53697891818453,0.09149356315455054,-39.893,1.831,10.878570614359173,real,161
89.3,left,0.94,-42.89340142614365,-5.063883630779797,-39.893,1.831,10.878570614359173,real,163
89.3,left,0.83,-41.09723066559151,-9.784840800564073,-39.893,1.831,10.878570614359173,real,166
89.3,left,0.82,-37.85909523787709,-14.205072350130308,-39.893,1.831,10.878570614359173,real,171
89.3,left,0.92,-33.488779311529704,-18.518742562827892,-39.893,1.831,10.878570614359173,real,173
89.3,right,0.99,-36.650637283821574,-0.00908424174982847,-39.893,1.831,10.878570614359173,real,158
89.3,right,0.92,-36.26854194750482,-4.133890680113329,-39.893,1.831,10.878570614359173,real,165
89.3,right,0.95,-34.23109392597701,-7.187614727824972,-39.893,1.831,10.878570614359173,real,170
89.3,right,0.89,-31.667553245430625,-10.939526797581381,-39.893,1.831,10.878570614359173,real,172
89.4,left,0.94,-43.50206645466357,-0.038492476601391434,-39.921,1.57,10.895270614359173,real,161
89.4,left,0.88,-42.43945096951841,-5.028981263356623,-39.921,1.57,10.895270614359173,real,163
89.4,left,0.95,-40.804284739802775,-9.852965861300275,-39.921,1.57,10.895270614359173,real,166
89.4,left,0.74,-37.941939280552305,-14.207475072670505,-39.921,1.57,10.895270614359173,real,171
89.4,left,0.9,-33.43787671603916,-18.397552090453274,-39.921,1.57,10.895270614359173,real,173
89.4,right,0.85,-36.464110605488884,0.2069916676276008,-39.921,1.57,10.895270614359173,real,158
89.4,right,0.95,-35.977453365528255,-4.204915145848166,-39.921,1.57,10.895270614359173,real,165
89.4,right,0.87,-34.35662750130362,-7.323894068165609,-39.921,1.57,10.895270614359173,real,170
89.4,right,0.88,-31.128601367923892,-10.731260394555763,-39.921,1.57,10.895270614359173,real,172
89.5,left,0.88,-43.299171616939866,0.1905163249000016,-39.945,1.308,10.911870614359172,real,161
89.5,left,0.98,-42.57971932796401,-5.073062534002694,-39.945,1.308,10.911870614359172,real,163
89.5,left,0.85,-40.95147382285333,-9.994423786246514,-39.945,1.308,10.911870614359172,real,166
89.5,left,0.9,-37.598454069952375,-14.320903710695033,-39.945,1.308,10.911870614359172,real,171
89.5,left,0.88,-33.18706000933361,-18.424088259546984,-39.945,1.308,10.911870614359172,real,173
89.5,right,0.99,-36.403573494418836,0.04047788754309256,-39.945,1.308,10.911870614359172,real,158
89.5,right,0.85,-36.133379889730435,-4.453847024608396,-39.945,1.308,10.911870614359172,real,165
89.5,right,0.87,-34.30506508153537,-7.433135859571305,-39.945,1.308,10.911870614359172,real,170
89.5,right,0.92,-31.89996494463253,-10.49895032419077,-39.945,1.308,10.911870614359172,real,172
89.6,left,0.92,-43.557176411922775,-0.05997498870823603,-39.965,1.047,10.928570614359172,real,161
89.6,left,0.77,-43.012553535257595,-5.027586278071862,-39.965,1.047,10.928570614359172,real,163
89.6,left,0.83,-40.93954447743892,-9.891295299611054,-39.965,1.047,10.928570614359172,real,166
89.6,left,0.89,-37.785901580982994,-14.527846871807041,-39.965,1.047,10.928570614359172,real,171
89.6,left,0.97,-33.544773841702174,-18.327331113003833,-39.965,1.047,10.928570614359172,real,173
89.6,right,0.81,-36.46699721526416,-0.2501143041306256,-39.965,1.047,10.928570614359172,real,158
89.6,right,0.79,-35.771290568486826,-3.9520010206077565,-39.965,1.047,10.928570614359172,real,165
89.6,right,0.87,-34.32262024944334,-6.9627504799155995,-39.965,1.047,10.928570614359172,real,170
89.6,right,0.99,-31.83047086509979,-10.748102702115808,-39.965,1.047,10.928570614359172,real,172
89.6,left,0.44,-47.3969837535094,-15.327144358945063,-39.965,1.047,10.928570614359172,ghost,175
89.7,left,0.82,-43.2639119950354,-0.08730385122537673,-39.98,0.785,10.945370614359172,real,161
89.7,left,0.77,-42.700893205459344,-4.883600635473024,-39.98,0.785,10.945370614359172,real,163
89.7,left,0.96,-40.65104280412882,-9.52131066652985,-39.98,0.785,10.945370614359172,real,166
89.7,left,0.85,-37.751776260739796,-14.25176344722485,-39.98,0.785,10.945370614359172,real,171
89.7,left,0.84,-33.61875417561133,-18.181119939557952,-39.98,0.785,10.945370614359172,real,173
89.7,right,0.89,-36.133081356665464,0.06904961654788652,-39.98,0.785,10.945370614359172,real,158
89.7,right,0.92,-35.76163999239362,-3.7774366128448382,-39.98,0.785,10.945370614359172,real,165
89.7,right,0.93,-34.37144660485209,-7.116407014815455,-39.98,0.785,10.945370614359172,real,170
89.7,right,0.99,-31.893834779578647,-10.753322279605825,-39.98,0.785,10.945370614359172,real,172
89.8,left,0.96,-43.538156964993554,0.011532961354835045,-39.991,0.524,10.962070614359172,real,161
89.8,left,0.86,-42.91567440189107,-4.94009742253221,-39.991,0.524,10.962070614359172,real,163
89.8,left,0.82,-40.77822166223873,-9.828439859979968,-39.991,0.524,10.962070614359172,real,166
89.8,left,0.83,-37.69036651990987,-14.00421842451057,-39.991,0.524,10.962070614359172,real,171
89.8,left,0.86,-33.39226286635607,-18.431678416798192,-39.991,0.524,10.962070614359172,real,173
89.8,right,0.89,-36.16278031031345,0.22759823297384482,-39.991,0.524,10.962070614359172,real,158
89.8,right,0.99,-36.07687265673006,-3.2992587070020027,-39.991,0.524,10.962070614359172,real,165
89.8,right,0.85,-34.42220239046365,-7.187868138396964,-39.991,0.524,10.962070614359172,real,170
89.8,right,0.86,-31.83466042860075,-10.767552984245647,-39.991,0.524,10.962070614359172,real,172
89.9,left,0.8,-43.38079885519573,-0.23322914422156998,-39.998,0.262,10.978770614359172,real,161
89.9,left,0.86,-42.72607801139677,-4.71886361625506,-39.998,0.262,10.978770614359172,real,163
89.9,left,0.96,-40.73467982226714,-9.592012829272369,-39.998,0.262,10.978770614359172,real,166
89.9,left,0.9,-37.68101184180098,-14.219976621813942,-39.998,0.262,10.978770614359172,real,171
89.9,left,0.95,-33.422640788773926,-18.340111203929098,-39.998,0.262,10.978770614359172,real,173
89.9,right,0.78,-36.200468634743814,-0.03585152323853162,-39.998,0.262,10.978770614359172,real,158
89.9,right,0.91,-35.813206567200496,-4.010919835990159,-39.998,0.262,10.978770614359172,real,165
89.9,right,0.9,-34.27089017103863,-7.2782964800473255,-39.998,0.262,10.978770614359172,real,170
89.9,right,0.92,-31.397290504073858,-11.016108935751856,-39.998,0.262,10.978770614359172,real,172
90.0,left,0.94,-43.40200029750667,-0.08098750375568954,-40.0,0.0,10.995570614359172,real,161
90.0,left,0.89,-43.019018248462594,-4.967988910560275,-40.0,0.0,10.995570614359172,real,163
90.0,left,0.91,-41.04603509379451,-9.553996157763008,-40.0,0.0,10.995570614359172,real,166
90.0,left,0.99,-37.77005189138355,-14.127008191152077,-40.0,0.0,10.995570614359172,real,171
90.0,left,0.82,-33.32006584224656,-17.92502453688917,-40.0,0.0,10.995570614359172,real,173
90.0,right,0.88,-36.35400121218228,-0.33001339250358314,-40.0,0.0,10.995570614359172,real,158
90.0,right,0.92,-35.67301414921525,-3.8520158939324984,-40.0,0.0,10.995570614359172,real,165
90.0,right,0.89,-34.305026770357216,-7.288020918853901,-40.0,0.0,10.995570614359172,real,170
90.0,right,0.86,-31.595039751482343,-10.82203087321589,-40.0,0.0,10.995570614359172,real,172
90.1,left,0.99,-43.07614315122614,-4.804339786999605,-39.998,-0.262,11.012370614359172,real,163
90.1,left,0.82,-40.826965934905516,-9.678251137197128,-39.998,-0.262,11.012370614359172,real,166
90.1,left,0.99,-37.76129603317282,-14.217401834586475,-39.998,-0.262,11.012370614359172,real,171
90.1,left,0.93,-33.39709278802829,-18.479703916216774,-39.998,-0.262,11.012370614359172,real,173
90.1,left,0.91,-28.04137273487535,-21.63319653746317,-39.998,-0.262,11.012370614359172,real,176
90.1,right,0.89,-35.77345159806927,-3.831549943584568,-39.998,-0.262,11.012370614359172,real,165
90.1,right,0.92,-34.27599091220531,-7.656938877312982,-39.998,-0.262,11.012370614359172,real,170
90.1,right,0.87,-31.868375690617913,-10.828949114493923,-39.998,-0.262,11.012370614359172,real,172
90.1,right,0.91,-27.945746903085656,-13.929503806032711,-39.998,-0.262,11.012370614359172,real,177
90.2,left,0.86,-42.88246901310665,-5.037367251425927,-39.991,-0.524,11.029070614359172,real,163
90.2,left,0.9,-40.5405388202668,-9.773592644274652,-39.991,-0.524,11.029070614359172,real,166
90.2,left,0.97,-37.786673725213745,-14.1127996038755,-39.991,-0.524,11.029070614359172,real,171
90.2,left,0.84,-33.485384182148145,-18.17002504334944,-39.991,-0.524,11.029070614359172,real,173
90.2,left,0.9,-27.868573540848736,-21.95203921833422,-39.991,-0.524,11.029070614359172,real,176
90.2,right,0.92,-35.83856276914859,-3.8117788921761533,-39.991,-0.524,11.029070614359172,real,165
90.2,right,0.9,-34.18142869966855,-7.162160762317005,-39.991,-0.524,11.029070614359172,real,170
90.2,right,0.92,-31.707740487264083,-10.366114043470027,-39.991,-0.524,11.029070614359172,real,172
90.2,right,0.82,-27.79429453700739,-13.897033158151002,-39.991,-0.524,11.029070614359172,real,177
90.3,left,0.88,-42.71806874291728,-4.818463717335182,-39.98,-0.785,11.045770614359173,real,163
90.3,left,0.93,-40.751624136890335,-9.8601472269803,-39.98,-0.785,11.045770614359173,real,166
90.3,left,0.8,-37.54438033808937,-14.268775949729896,-39.98,-0.785,11.045770614359173,real,171
90.3,left,0.9,-33.33151451240671,-18.16630356795087,-39.98,-0.785,11.045770614359173,real,173
90.3,left,0.88,-27.875386142146624,-21.499739664119943,-39.98,-0.785,11.045770614359173,real,176
90.3,right,0.97,-35.82489541590435,-3.4929274169052817,-39.98,-0.785,11.045770614359173,real,165
90.3,right,0.84,-34.372622133772346,-7.428015765850646,-39.98,-0.785,11.045770614359173,real,170
90.3,right,0.79,-31.759979233071384,-10.603926040624925,-39.98,-0.785,11.045770614359173,real,172
90.3,right,0.88,-27.70113160393185,-13.827332456736361,-39.98,-0.785,11.045770614359173,real,177
90.4,left,0.91,-42.92960399156732,-4.811915294290581,-39.965,-1.047,11.062570614359172,real,163
90.4,left,0.82,-40.77777276787613,-9.801051029540494,-39.965,-1.047,11.062570614359172,real,166
90.4,left,0.8,-37.81657812394244,-14.23074789058397,-39.965,-1.047,11.062570614359172,real,171
90.4,left,0.99,-33.64340661790334,-18.350612400635644,-39.965,-1.047,11.062570614359172,real,173
90.4,left,0.79,-27.69729759907728,-21.708075064052085,-39.965,-1.047,11.062570614359172,real,176
90.4,right,0.85,-35.84943698249106,-3.6062200079150495,-39.965,-1.047,11.062570614359172,real,165
90.4,right,0.85,-33.99844284791473,-7.2635077616697385,-39.965,-1.047,11.062570614359172,real,170
90.4,right,0.92,-31.556712425132574,-10.254753746616492,-39.965,-1.047,11.062570614359172,real,172
90.4,right,0.73,-28.004822692406716,-14.077544262268193,-39.965,-1.047,11.062570614359172,real,177
90.5,left,0.91,-42.68875879349757,-5.014348564706878,-39.945,-1.308,11.079270614359173,real,163
90.5,left,0.92,-40.59974953028404,-9.65194409452705,-39.945,-1.308,11.079270614359173,real,166
90.5,left,0.85,-37.66711310606783,-14.082288054465188,-39.945,-1.308,11.079270614359173,real,171
90.5,left,0.91,-33.039935909319354,-18.20890751715992,-39.945,-1.308,11.079270614359173,real,173
90.5,left,0.8,-27.597003412928046,-22.035279929736543,-39.945,-1.308,11.079270614359173,real,176
90.5,right,0.81,-36.38941696679723,-3.5345521089794,-39.945,-1.308,11.079270614359173,real,165
90.5,right,0.89,-34.34781811555836,-7.439546619938422,-39.945,-1.308,11.079270614359173,real,170
90.5,right,0.94,-31.42066211802075,-10.823686505652311,-39.945,-1.308,11.079270614359173,real,172
90.5,right,0.97,-27.74738199069018,-13.687630483134809,-39.945,-1.308,11.079270614359173,real,177
90.6,left,0.84,-42.671111737154824,-5.172467964210545,-39.921,-1.57,11.095870614359173,real,163
90.6,left,0.9,-40.91515080964251,-9.957694627708326,-39.921,-1.57,11.095870614359173,real,166
90.6,left,0.9,-37.73490750978343,-14.244807123748226,-39.921,-1.57,11.095870614359173,real,171
90.6,left,0.93,-33.16450975562766,-18.353830896958584,-39.921,-1.57,11.095870614359173,real,173
90.6,left,0.98,-28.120909437368717,-21.452395698549513,-39.921,-1.57,11.095870614359173,real,176
90.6,right,0.89,-36.128613352923026,-3.790433633115891,-39.921,-1.57,11.095870614359173,real,165
90.6,right,0.91,-34.22101587861896,-7.2960465432970425,-39.921,-1.57,11.095870614359173,real,170
90.6,right,0.86,-31.82116774384066,-10.969213287402345,-39.921,-1.57,11.095870614359173,real,172
90.6,right,0.92,-27.909624562457445,-13.90430748353548,-39.921,-1.57,11.095870614359173,real,177
90.7,left,0.87,-43.04687628101124,-4.775278588054255,-39.893,-1.831,11.112570614359173,real,163
90.7,left,0.87,-40.908839178120566,-9.816167234579082,-39.893,-1.831,11.112570614359173,real,166
90.7,left,0.89,-37.674306979699224,-14.351607065221263,-39.893,-1.831,11.112570614359173,real,171
90.7,left,0.82,-33.23464226305572,-18.60343340266624,-39.893,-1.831,11.112570614359173,real,173
90.7,left,0.83,-27.76058644614134,-21.85568230355095,-39.893,-1.831,11.112570614359173,real,176
90.7,right,0.91,-36.08192772758092,-3.364619292522909,-39.893,-1.831,11.112570614359173,real,165
90.7,right,0.83,-34.326323110092936,-7.4647176361062515,-39.893,-1.831,11.112570614359173,real,170
90.7,right,0.84,-31.447545547175032,-10.72093948715394,-39.893,-1.831,11.112570614359173,real,172
90.7,right,0.95,-28.16159939211836,-13.663488359486955,-39.893,-1.831,11.112570614359173,real,177
90.8,left,0.87,-42.838917647802084,-4.484105066173576,-39.86,-2.092,11.129170614359172,real,163
90.8,left,0.84,-40.95253798176111,-9.67610513893428,-39.86,-2.092,11.129170614359172,real,166
90.8,left,0.75,-37.84969694004193,-14.197094241976112,-39.86,-2.092,11.129170614359172,real,171
90.8,left,0.92,-33.40993082698313,-18.170123169801176,-39.86,-2.092,11.129170614359172,real,173
90.8,left,0.93,-27.975481439430805,-21.781437868651466,-39.86,-2.092,11.129170614359172,real,176
90.8,right,0.79,-35.70848621904054,-3.785108185115071,-39.86,-2.092,11.129170614359172,real,165
90.8,right,0.83,-34.39509692981996,-7.401389365410743,-39.86,-2.092,11.129170614359172,real,170
90.8,right,0.94,-31.925639252884437,-10.858262632081685,-39.86,-2.092,11.129170614359172,real,172
90.8,right,0.79,-28.17883231997201,-14.112185465751743,-39.86,-2.092,11.129170614359172,real,177
90.9,left,0.88,-42.64771286187829,-5.162122251205102,-39.822,-2.353,11.145670614359172,real,163
90.9,left,0.95,-40.53923870695554,-9.43386355166125,-39.822,-2.353,11.145670614359172,real,166
90.9,left,0.79,-37.55406740233696,-14.11915909005387,-39.822,-2.353,11.145670614359172,real,171
90.9,left,0.73,-33.067130007002945,-18.161663364677857,-39.822,-2.353,11.145670614359172,real,173
90.9,left,0.96,-28.02113872338461,-21.51380849364346,-39.822,-2.353,11.145670614359172,real,176
90.9,right,0.95,-35.771770372569826,-3.65499422621102,-39.822,-2.353,11.145670614359172,real,165
90.9,right,0.83,-34.502915123460525,-7.671415936739904,-39.822,-2.353,11.145670614359172,real,170
90.9,right,0.85,-31.639908913196955,-10.773175024740166,-39.822,-2.353,11.145670614359172,real,172
90.9,right,0.88,-27.768914195817196,-13.845879517205725,-39.822,-2.353,11.145670614359172,real,177
91.0,left,0.82,-42.92835717627473,-4.815408637140698,-39.781,-2.613,11.162170614359173,real,163
91.0,left,0.96,-40.63026048407271,-9.671556554295828,-39.781,-2.613,11.162170614359173,real,166
91.0,left,0.93,-37.58053032123905,-14.414496142136118,-39.781,-2.613,11.162170614359173,real,171
91.0,left,0.92,-33.4794519708055,-18.486809165910834,-39.781,-2.613,11.162170614359173,real,173
91.0,left,0.87,-28.053024068036056,-21.73898892970699,-39.781,-2.613,11.162170614359173,real,176
91.0,right,0.92,-36.22642939483868,-3.815201652354185,-39.781,-2.613,11.162170614359173,real,165
91.0,right,0.9,-33.93906758194997,-7.274794249313896,-39.781,-2.613,11.162170614359173,real,170
91.0,right,0.85,-31.752337597202988,-10.720887395734703,-39.781,-2.613,11.162170614359173,real,172
91.0,right,0.92,-28.122713299363028,-14.027782836556772,-39.781,-2.613,11.162170614359173,real,177
91.1,left,0.96,-42.90618657519742,-4.893161554254435,-39.735,-2.873,11.178670614359172,real,163
91.1,left,0.98,-41.046064930064645,-9.435405104011378,-39.735,-2.873,11.178670614359172,real,166
91.1,left,0.87,-37.69430684714777,-14.140785827566216,-39.735,-2.873,11.178670614359172,real,171
91.1,left,0.87,-33.5009674685586,-18.766605739319523,-39.735,-2.873,11.178670614359172,real,173
91.1,left,0.83,-27.87354013602228,-21.613580030918087,-39.735,-2.873,11.178670614359172,real,176
91.1,right,0.84,-36.03845649311905,-3.849270506435757,-39.735,-2.873,11.178670614359172,real,165
91.1,right,0.98,-34.254903979488205,-7.176139970529754,-39.735,-2.873,11.178670614359172,real,170
91.1,right,0.78,-31.638077087991793,-10.675168695753545,-39.735,-2.873,11.178670614359172,real,172
91.1,right,0.81,-27.46103125826827,-13.80698240930506,-39.735,-2.873,11.178670614359172,real,177
91.2,left,0.88,-42.64710256637216,-4.9180956238508555,-39.685,-3.133,11.194970614359173,real,163
91.2,left,0.91,-40.68441026068619,-9.60213820619371,-39.685,-3.133,11.194970614359173,real,166
91.2,left,0.87,-37.8292952679209,-14.23438554178438,-39.685,-3.133,11.194970614359173,real,171
91.2,left,0.95,-33.590358694919644,-18.192165061928513,-39.685,-3.133,11.194970614359173,real,173
91.2,left,0.81,-27.93037466481845,-21.94745476832927,-39.685,-3.133,11.194970614359173,real,176
91.2,right,0.78,-35.80448300406166,-3.5047214605502788,-39.685,-3.133,11.194970614359173,real,165
91.2,right,0.91,-34.45945779571154,-7.454562873683565,-39.685,-3.133,11.194970614359173,real,170
91.2,right,0.97,-31.40803788686975,-10.710660006743929,-39.685,-3.133,11.194970614359173,real,172
91.2,right,0.96,-27.656895842768822,-13.95594356368904,-39.685,-3.133,11.194970614359173,real,177
91.3,left,0.87,-43.11360954221346,-4.682845555638096,-39.63,-3.393,11.211370614359172,real,163
91.3,left,0.88,-40.708666378742286,-9.690021743917596,-39.63,-3.393,11.211370614359172,real,166
91.3,left,0.87,-37.68643016802129,-14.729775436967175,-39.63,-3.393,11.211370614359172,real,171
91.3,left,0.79,-33.506512640496666,-18.363017854298064,-39.63,-3.393,11.211370614359172,real,173
91.3,left,0.9,-27.63818604203412,-21.833964833693887,-39.63,-3.393,11.211370614359172,real,176
91.3,right,0.81,-35.473379784143134,-3.884358709223754,-39.63,-3.393,11.211370614359172,real,165
91.3,right,0.78,-34.350209424422395,-7.3174867789358045,-39.63,-3.393,11.211370614359172,real,170
91.3,right,0.94,-31.78514381629376,-10.729375907555848,-39.63,-3.393,11.211370614359172,real,172
91.3,right,0.99,-28.012766880255406,-13.619650851647823,-39.63,-3.393,11.211370614359172,real,177
91.4,left,0.99,-42.96474510784648,-5.15762948395948,-39.571,-3.652,11.227570614359173,real,163
91.4,left,0.85,-40.735713145790854,-9.79537694497269,-39.571,-3.652,11.227570614359173,real,166
91.4,left,0.91,-37.73080342093697,-14.250850718375304,-39.571,-3.652,11.227570614359173,real,171
91.4,left,0.8,-33.55558636929811,-18.297288110910145,-39.571,-3.652,11.227570614359173,real,173
91.4,left,0.88,-27.79212938826455,-21.990081718434865,-39.571,-3.652,11.227570614359173,real,176
91.4,right,0.76,-36.14245516360728,-3.837680652855502,-39.571,-3.652,11.227570614359173,real,165
91.4,right,0.85,-34.279051996619536,-7.436664625765085,-39.571,-3.652,11.227570614359173,real,170
91.4,right,0.9,-31.878550403474,-10.973493304299819,-39.571,-3.652,11.227570614359173,real,172
91.4,right,0.87,-28.075004608050314,-13.568500892364787,-39.571,-3.652,11.227570614359173,real,177
91.5,left,0.96,-42.81042069616395,-4.8789191833763885,-39.508,-3.911,11.243770614359173,real,163
91.5,left,0.88,-40.955657195647106,-9.502980207752094,-39.508,-3.911,11.243770614359173,real,166
91.5,left,0.91,-37.68665610759901,-14.203983067391766,-39.508,-3.911,11.243770614359173,real,171
91.5,left,0.95,-33.194444898886736,-18.2566295430074,-39.508,-3.911,11.243770614359173,real,173
91.5,left,0.84,-27.819115558678273,-21.869868046662265,-39.508,-3.911,11.243770614359173,real,176
91.5,right,0.92,-36.28323621616757,-3.6828256401723367,-39.508,-3.911,11.243770614359173,real,165
91.5,right,0.93,-34.07367939983377,-7.541268807486433,-39.508,-3.911,11.243770614359173,real,170
91.5,right,0.84,-31.45586228183899,-10.743306211504928,-39.508,-3.911,11.243770614359173,real,172
91.5,right,0.97,-27.83405103505632,-13.986982411848995,-39.508,-3.911,11.243770614359173,real,177
91.5,right,0.36,-38.9638486197131,-7.12067993347185,-39.508,-3.911,11.243770614359173,ghost,178
91.6,left,0.92,-40.86327256777254,-9.540312055524808,-39.44,-4.169,11.259870614359173,real,166
91.6,left,0.92,-37.29328094110732,-13.93118916443371,-39.44,-4.169,11.259870614359173,real,171
91.6,left,0.73,-33.407245660099896,-18.25725571440327,-39.44,-4.169,11.259870614359173,real,173
91.6,left,0.97,-27.641007770279238,-21.840358503606595,-39.44,-4.169,11.259870614359173,real,176
91.6,right,0.86,-36.04250044470618,-3.524076925689355,-39.44,-4.169,11.259870614359173,real,165
91.6,right,0.9,-34.289761570483,-7.144937519358608,-39.44,-4.169,11.259870614359173,real,170
91.6,right,0.77,-31.38447293227321,-10.404160115115014,-39.44,-4.169,11.259870614359173,real,172
91.6,right,0.88,-27.838769431414626,-13.939681106991479,-39.44,-4.169,11.259870614359173,real,177
91.7,left,0.79,-40.90871772475229,-9.40968139585847,-39.368,-4.427,11.275870614359173,real,166
91.7,left,0.83,-37.674595482861506,-14.343543810286672,-39.368,-4.427,11.275870614359173,real,171
91.7,left,0.86,-33.13785717589156,-18.32591666250324,-39.368,-4.427,11.275870614359173,real,173
91.7,left,0.9,-27.977052993074164,-21.844549520107794,-39.368,-4.427,11.275870614359173,real,176
91.7,right,0.84,-35.9251685468802,-3.9551593643940857,-39.368,-4.427,11.275870614359173,real,165
91.7,right,0.86,-34.312013008211935,-7.458623251472684,-39.368,-4.427,11.275870614359173,real,170
91.7,right,0.86,-31.509711015825797,-10.624964443364158,-39.368,-4.427,11.275870614359173,real,172
91.7,right,0.99,-28.01272715999528,-13.609014361187366,-39.368,-4.427,11.275870614359173,real,177
91.7,right,0.78,-23.41471660853649,-16.70171608761907,-39.368,-4.427,11.275870614359173,real,179
91.8,left,0.94,-40.83147310640077,-9.558879625971073,-39.291,-4.685,11.291770614359173,real,166
91.8,left,0.89,-37.48412870907048,-14.326452854109423,-39.291,-4.685,11.291770614359173,real,171
91.8,left,0.87,-33.442167177806034,-18.142858359264544,-39.291,-4.685,11.291770614359173,real,173
91.8,left,0.95,-27.731457754353027,-21.596380312413977,-39.291,-4.685,11.291770614359173,real,176
91.8,right,0.89,-36.314112275186396,-3.7608498640079495,-39.291,-4.685,11.291770614359173,real,165
91.8,right,0.89,-34.18186919017512,-7.702109107754999,-39.291,-4.685,11.291770614359173,real,170
91.8,right,0.88,-31.69702351769923,-10.880216718264416,-39.291,-4.685,11.291770614359173,real,172
91.8,right,0.81,-28.0253554440989,-14.010841824741396,-39.291,-4.685,11.291770614359173,real,177
91.8,right,0.81,-23.717886830568883,-16.57313808853561,-39.291,-4.685,11.291770614359173,real,179
91.9,left,0.92,-40.68611202908813,-9.575839533537218,-39.211,-4.941,11.307670614359173,real,166
91.9,left,0.91,-37.70730134377306,-13.985189701198298,-39.211,-4.941,11.307670614359173,real,171
91.9,left,0.72,-33.50010584634037,-17.925710738622417,-39.211,-4.941,11.307670614359173,real,173
91.9,left,0.88,-27.681324704735456,-21.96306519743613,-39.211,-4.941,11.307670614359173,real,176
91.9,right,0.99,-34.61582020461232,-7.641485076437351,-39.211,-4.941,11.307670614359173,real,170
91.9,right,0.86,-31.52539283440074,-10.742352643659007,-39.211,-4.941,11.307670614359173,real,172
91.9,right,0.75,-27.983488293319652,-13.822595851892604,-39.211,-4.941,11.307670614359173,real,177
91.9,right,0.84,-23.689533389708117,-16.638131198101277,-39.211,-4.941,11.307670614359173,real,179
92.0,left,0.77,-40.922779894413054,-9.549168465025575,-39.126,-5.198,11.323370614359172,real,166
92.0,left,0.84,-37.64301541776114,-14.326602397346585,-39.126,-5.198,11.323370614359172,real,171
92.0,left,0.83,-33.46164347935151,-18.3759916985475,-39.126,-5.198,11.323370614359172,real,173
92.0,left,0.89,-28.08095431613622,-22.137947191221176,-39.126,-5.198,11.323370614359172,real,176
92.0,right,0.87,-34.296463797591294,-7.345436860451008,-39.126,-5.198,11.323370614359172,real,170
92.0,right,0.86,-31.534381715564926,-10.709274337522235,-39.126,-5.198,11.323370614359172,real,172
92.0,right,0.9,-27.902433727962524,-13.900881427273548,-39.126,-5.198,11.323370614359172,real,177
92.0,right,0.94,-23.526399658382093,-16.410617632907787,-39.126,-5.198,11.323370614359172,real,179
92.1,left,0.87,-40.935813411914346,-9.741975702675354,-39.037,-5.454,11.339070614359173,real,166
92.1,left,0.79,-37.6329879892063,-14.017404128823248,-39.037,-5.454,11.339070614359173,real,171
92.1,left,0.76,-33.30307641553407,-18.3970152718563,-39.037,-5.454,11.339070614359173,real,173
92.1,left,0.81,-28.097975810778017,-21.583160386939436,-39.037,-5.454,11.339070614359173,real,176
92.1,right,0.86,-34.08813958574589,-7.460532481727796,-39.037,-5.454,11.339070614359173,real,170
92.1,right,0.95,-31.78517195708359,-10.745855160146695,-39.037,-5.454,11.339070614359173,real,172
92.1,right,0.89,-27.858878787180053,-13.670396482126744,-39.037,-5.454,11.339070614359173,real,177
92.1,right,0.9,-23.298702513021993,-16.217403421380332,-39.037,-5.454,11.339070614359173,real,179
92.2,left,0.87,-40.94164544930967,-9.63337260819532,-38.943,-5.709,11.354570614359172,real,166
92.2,left,0.89,-37.35878663379361,-14.279800021604345,-38.943,-5.709,11.354570614359172,real,171
92.2,left,0.97,-32.91485196016862,-18.42579925177232,-38.943,-5.709,11.354570614359172,real,173
92.2,left,0.87,-27.926231913969467,-21.42748128600913,-38.943,-5.709,11.354570614359172,real,176
92.2,right,0.83,-34.41676151134113,-7.367505093083251,-38.943,-5.709,11.354570614359172,real,170
92.2,right,0.85,-31.62947339880649,-10.79044680712442,-38.943,-5.709,11.354570614359172,real,172
92.2,right,0.87,-27.90429644647362,-13.86357496485035,-38.943,-5.709,11.354570614359172,real,177
92.2,right,0.81,-23.333722593804616,-16.97513593280493,-38.943,-5.709,11.354570614359172,real,179
92.3,left,0.78,-40.653456979171914,-9.598510466837412,-38.845,-5.963,11.370070614359172,real,166
92.3,left,0.99,-37.76840279258516,-14.44290179500839,-38.845,-5.963,11.370070614359172,real,171
92.3,left,0.9,-33.38144698888957,-18.272562847428265,-38.845,-5.963,11.370070614359172,real,173
92.3,left,0.86,-27.981114752937884,-21.82103854008011,-38.845,-5.963,11.370070614359172,real,176
92.3,right,0.89,-34.20725773294378,-7.027257799764834,-38.845,-5.963,11.370070614359172,real,170
92.3,right,0.88,-31.692750021328507,-10.803140208980896,-38.845,-5.963,11.370070614359172,real,172
92.3,right,0.89,-27.83286366562134,-13.62258950290793,-38.845,-5.963,11.370070614359172,real,177
92.3,right,0.89,-23.559955144165254,-16.65361783785763,-38.845,-5.963,11.370070614359172,real,179
92.4,left,0.89,-41.115983441019,-9.488111369037997,-38.743,-6.217,11.385370614359172,real,166
92.4,left,0.88,-37.72963023721457,-14.43108709010759,-38.743,-6.217,11.385370614359172,real,171
92.4,left,0.9,-33.34855029749475,-18.24540178108218,-38.743,-6.217,11.385370614359172,real,173
92.4,left,0.93,-28.08677152092549,-22.029807296674466,-38.743,-6.217,11.385370614359172,real,176
92.4,right,0.99,-34.41995750252776,-7.4821468551314165,-38.743,-6.217,11.385370614359172,real,170
92.4,right,0.79,-31.20111701854643,-10.525262189567965,-38.743,-6.217,11.385370614359172,real,172
92.4,right,0.94,-27.914756801449826,-13.680100778701297,-38.743,-6.217,11.385370614359172,real,177
92.4,right,0.89,-23.457694713109234,-16.158316778302012,-38.743,-6.217,11.385370614359172,real,179
92.5,left,0.91,-40.85216199493397,-10.023252360331323,-38.637,-6.47,11.400570614359172,real,166
92.5,left,0.97,-37.92832140972593,-14.176169194592548,-38.637,-6.47,11.400570614359172,real,171
92.5,left,0.81,-33.150298646819415,-18.367627589608205,-38.637,-6.47,11.400570614359172,real,173
92.5,left,0.86,-27.923644427125527,-22.15133260820519,-38.637,-6.47,11.400570614359172,real,176
92.5,right,0.88,-34.56049340641882,-7.410909662236052,-38.637,-6.47,11.400570614359172,real,170
92.5,right,0.91,-31.25700988373485,-10.652520159404936,-38.637,-6.47,11.400570614359172,real,172
92.5,right,0.78,-28.059892999366703,-13.81351962598004,-38.637,-6.47,11.400570614359172,real,177
92.5,right,0.93,-23.28178483711848,-16.309811954585996,-38.637,-6.47,11.400570614359172,real,179
92.6,left,0.99,-40.83945629110491,-9.813885132406144,-38.527,-6.723,11.415670614359172,real,166
92.6,left,0.99,-37.71065842806992,-14.317391314512225,-38.527,-6.723,11.415670614359172,real,171
92.6,left,0.93,-33.357632074840225,-18.23681136958259,-38.527,-6.723,11.415670614359172,real,173
92.6,left,0.92,-27.75424322710582,-21.7017563072527,-38.527,-6.723,11.415670614359172,real,176
92.6,right,0.85,-34.817911534860265,-7.4943207878485945,-38.527,-6.723,11.415670614359172,real,170
92.6,right,0.84,-31.605612302852286,-10.934296753468264,-38.527,-6.723,11.415670614359172,real,172
92.6,right,0.98,-28.224976299561828,-13.664940123309204,-38.527,-6.723,11.415670614359172,real,177
92.6,right,0.89,-23.49538617579149,-16.267256641554837,-38.527,-6.723,11.415670614359172,real,179
92.7,left,0.84,-41.06254269863862,-9.628418248730016,-38.412,-6.975,11.430670614359173,real,166
92.7,left,0.85,-37.89063305838672,-14.269916415709833,-38.412,-6.975,11.430670614359173,real,171
92.7,left,0.83,-33.637910387588924,-18.41345957166736,-38.412,-6.975,11.430670614359173,real,173
92.7,left,0.87,-27.73156158550189,-22.06959056331483,-38.412,-6.975,11.430670614359173,real,176
92.7,right,0.79,-34.72576476218934,-7.252075389601822,-38.412,-6.975,11.430670614359173,real,170
92.7,right,0.91,-31.261916409642254,-11.008013966117266,-38.412,-6.975,11.430670614359173,real,172
92.7,right,0.86,-27.93766467816295,-14.121979191638712,-38.412,-6.975,11.430670614359173,real,177
92.7,right,0.86,-23.483685681446588,-16.435157113202358,-38.412,-6.975,11.430670614359173,real,179
92.8,left,0.83,-40.68868988456176,-9.697028728487075,-38.293,-7.226,11.445570614359173,real,166
92.8,left,0.9,-37.731854450440636,-14.346808638926461,-38.293,-7.226,11.445570614359173,real,171
92.8,left,0.89,-33.32705173682942,-18.359338396344246,-38.293,-7.226,11.445570614359173,real,173
92.8,left,0.87,-27.75132991325173,-21.650777009789678,-38.293,-7.226,11.445570614359173,real,176
92.8,right,0.96,-34.29938079296343,-7.2858884729194076,-38.293,-7.226,11.445570614359173,real,170
92.8,right,0.83,-31.988677935043995,-10.614153081150395,-38.293,-7.226,11.445570614359173,real,172
92.8,right,0.9,-28.069842668577124,-14.317256530190873,-38.293,-7.226,11.445570614359173,real,177
92.8,right,0.77,-23.365418922439872,-16.03945722023252,-38.293,-7.226,11.445570614359173,real,179
92.9,left,0.99,-40.729550054714146,-10.07501683669283,-38.17,-7.476,11.460370614359173,real,166
92.9,left,0.73,-37.71776904640531,-14.568740032216805,-38.17,-7.476,11.460370614359173,real,171
92.9,left,0.98,-33.61922115245048,-18.316156497057403,-38.17,-7.476,11.460370614359173,real,173
92.9,left,0.88,-28.063393648376138,-21.89777146030668,-38.17,-7.476,11.460370614359173,real,176
92.9,right,0.91,-34.328369662839215,-7.1415431976982955,-38.17,-7.476,11.460370614359173,real,170
92.9,right,0.86,-31.68697421457295,-10.776146764234579,-38.17,-7.476,11.460370614359173,real,172
92.9,right,0.82,-27.7817631898423,-13.62264932919429,-38.17,-7.476,11.460370614359173,real,177
92.9,right,0.96,-23.787977731797525,-16.49185805550021,-38.17,-7.476,11.460370614359173,real,179
93.0,left,0.91,-40.94937946434103,-9.789763824346041,-38.042,-7.725,11.474970614359172,real,166
93.0,left,0.85,-37.77956533315334,-14.107421565960454,-38.042,-7.725,11.474970614359172,real,171
93.0,left,0.96,-33.40189658987219,-18.155584899387005,-38.042,-7.725,11.474970614359172,real,173
93.0,left,0.83,-28.421272665828642,-21.89368686793268,-38.042,-7.725,11.474970614359172,real,176
93.0,right,0.73,-34.287059084679356,-7.221274159436968,-38.042,-7.725,11.474970614359172,real,170
93.0,right,0.87,-31.677609798577517,-10.66261218748109,-38.042,-7.725,11.474970614359172,real,172
93.0,right,0.9,-28.13151602934949,-13.88077066397695,-38.042,-7.725,11.474970614359172,real,177
93.0,right,0.9,-23.736154276621086,-16.326090287799634,-38.042,-7.725,11.474970614359172,real,179
93.1,left,0.76,-40.685917751820725,-9.732649899960261,-37.911,-7.974,11.489470614359172,real,166
93.1,left,0.87,-37.82202607006053,-14.46334693476864,-37.911,-7.974,11.489470614359172,real,171
93.1,left,0.74,-33.51825472510617,-18.339306843017138,-37.911,-7.974,11.489470614359172,real,173
93.1,left,0.88,-27.69559287156248,-21.99034093478993,-37.911,-7.974,11.489470614359172,real,176
93.1,right,0.76,-33.89974709949201,-7.313488707010838,-37.911,-7.974,11.489470614359172,real,170
93.1,right,0.86,-31.92906503082321,-10.663634552228217,-37.911,-7.974,11.489470614359172,real,172
93.1,right,0.88,-28.024443033633997,-13.591512292002559,-37.911,-7.974,11.489470614359172,real,177
93.1,right,0.87,-23.471461732547247,-16.654131313682274,-37.911,-7.974,11.489470614359172,real,179
93.2,left,0.71,-37.743722412864365,-14.062114357830929,-37.775,-8.222,11.503870614359172,real,171
93.2,left,0.82,-33.148655320802455,-18.44711691420986,-37.775,-8.222,11.503870614359172,real,173
93.2,left,0.94,-27.74945849085594,-22.103662632711888,-37.775,-8.222,11.503870614359172,real,176
93.2,right,0.86,-34.34525874892238,-7.275063914164988,-37.775,-8.222,11.503870614359172,real,170
93.2,right,0.84,-31.565191604092686,-10.804205972830019,-37.775,-8.222,11.503870614359172,real,172
93.2,right,0.93,-28.039520804837434,-13.397105973847966,-37.775,-8.222,11.503870614359172,real,177
93.2,right,0.84,-23.515198388003146,-16.779825540783825,-37.775,-8.222,11.503870614359172,real,179
93.2,right,0.9,-18.130316917239853,-18.78335581153847,-37.775,-8.222,11.503870614359172,real,180
93.3,left,0.84,-38.061536476123834,-14.0464786128958,-37.635,-8.468,11.518170614359173,real,171
93.3,left,0.8,-33.18975142117078,-18.409114327499555,-37.635,-8.468,11.518170614359173,real,173
93.3,left,0.91,-28.00109220480343,-21.57483076085332,-37.635,-8.468,11.518170614359173,real,176
93.3,left,0.89,-21.862195984754905,-24.59710857724841,-37.635,-8.468,11.518170614359173,real,181
93.3,right,0.98,-34.607399511625076,-7.323001623236111,-37.635,-8.468,11.518170614359173,real,170
93.3,right,0.97,-31.622271722261548,-10.764361395356657,-37.635,-8.468,11.518170614359173,real,172
93.3,right,0.75,-28.17657659018065,-13.781171143543313,-37.635,-8.468,11.518170614359173,real,177
93.3,right,0.89,-23.628689044499488,-16.693957416485112,-37.635,-8.468,11.518170614359173,real,179
93.3,right,0.8,-18.133940282390398,-18.844379710198744,-37.635,-8.468,11.518170614359173,real,180
93.4,left,0.88,-37.72435026004936,-13.998604115365207,-37.491,-8.714,11.532370614359172,real,171
93.4,left,0.98,-33.360821100053066,-18.478208480692796,-37.491,-8.714,11.532370614359172,real,173
93.4,left,0.94,-28.117792694253065,-21.95035164248413,-37.491,-8.714,11.532370614359172,real,176
93.4,left,0.88,-21.80173885892838,-24.583804499339625,-37.491,-8.714,11.532370614359172,real,181
93.4,right,0.8,-34.42886004350544,-7.38516747223758,-37.491,-8.714,11.532370614359172,real,170
93.4,right,0.89,-31.496438657059382,-10.760273516840297,-37.491,-8.714,11.532370614359172,real,172
93.4,right,0.8,-28.128796485903393,-14.053264589869773,-37.491,-8.714,11.532370614359172,real,177
93.4,right,0.89,-23.492286864234146,-16.463170506740482,-37.491,-8.714,11.532370614359172,real,179
93.4,right,0.8,-18.188816166016515,-18.636765352415967,-37.491,-8.714,11.532370614359172,real,180
93.5,left,0.91,-37.61419431791808,-14.57440761137862,-37.343,-8.959,11.546370614359173,real,171
93.5,left,0.82,-33.61576063755609,-18.05208400571823,-37.343,-8.959,11.546370614359173,real,173
93.5,left,0.83,-27.693529014403005,-21.644944927285536,-37.343,-8.959,11.546370614359173,real,176
93.5,left,0.84,-21.492822521815775,-24.57152381615674,-37.343,-8.959,11.546370614359173,real,181
93.5,right,0.91,-34.27025305222881,-7.324029910070882,-37.343,-8.959,11.546370614359173,real,170
93.5,right,0.85,-31.699069232073082,-10.574005104279202,-37.343,-8.959,11.546370614359173,real,172
93.5,right,0.8,-28.104565089668277,-13.801012536906937,-37.343,-8.959,11.546370614359173,real,177
93.5,right,0.79,-23.643447881937814,-16.77857299118678,-37.343,-8.959,11.546370614359173,real,179
93.5,right,0.88,-18.641633471705838,-18.658875255610187,-37.343,-8.959,11.546370614359173,real,180
93.6,left,0.88,-37.62210729577967,-14.55808127851721,-37.191,-9.203,11.560270614359172,real,171
93.6,left,0.84,-33.45988372378986,-18.30657843561529,-37.191,-9.203,11.560270614359172,real,173
93.6,left,0.82,-27.926985508763686,-21.927784497435056,-37.191,-9.203,11.560270614359172,real,176
93.6,left,0.98,-22.133065312450842,-24.6698105291784,-37.191,-9.203,11.560270614359172,real,181
93.6,right,0.96,-31.936065287342263,-10.90737500735746,-37.191,-9.203,11.560270614359172,real,172
93.6,right,0.94,-28.12282869157044,-13.607946551432253,-37.191,-9.203,11.560270614359172,real,177
93.6,right,0.79,-23.499297598151134,-16.311315787808383,-37.191,-9.203,11.560270614359172,real,179
93.6,right,0.97,-18.33805760483503,-18.8693642102184,-37.191,-9.203,11.560270614359172,real,180
93.7,left,0.78,-37.938538211371934,-14.28506878444508,-37.035,-9.446,11.573970614359173,real,171
93.7,left,0.99,-33.38079685997629,-18.43077291930302,-37.035,-9.446,11.573970614359173,real,173
93.7,left,0.87,-28.098144785805577,-21.866735239128396,-37.035,-9.446,11.573970614359173,real,176
93.7,left,0.82,-21.567409398084237,-24.874789809039704,-37.035,-9.446,11.573970614359173,real,181
93.7,right,0.91,-31.924038900949107,-11.005617146606333,-37.035,-9.446,11.573970614359173,real,172
93.7,right,0.96,-27.967921847840074,-13.970077782556809,-37.035,-9.446,11.573970614359173,real,177
93.7,right,0.95,-23.518987575891757,-16.88269067202285,-37.035,-9.446,11.573970614359173,real,179
93.7,right,0.84,-18.466536400436137,-18.46975939127767,-37.035,-9.446,11.573970614359173,real,180
93.8,left,0.64,-37.80815054023986,-14.193804597322222,-36.875,-9.688,11.587670614359173,real,171
93.8,left,0.9,-33.67586550048435,-18.397082526535662,-36.875,-9.688,11.587670614359173,real,173
93.8,left,0.82,-27.977661274452934,-21.852032250979953,-36.875,-9.688,11.587670614359173,real,176
93.8,left,0.86,-21.855454833146077,-24.81571919295288,-36.875,-9.688,11.587670614359173,real,181
93.8,right,0.87,-31.891745907234657,-10.651923569033073,-36.875,-9.688,11.587670614359173,real,172
93.8,right,0.92,-27.627047443620825,-13.799610817545837,-36.875,-9.688,11.587670614359173,real,177
93.8,right,0.99,-23.23660090102951,-16.363788494043302,-36.875,-9.688,11.587670614359173,real,179
93.8,right,0.96,-18.363315300909385,-18.581517841745995,-36.875,-9.688,11.587670614359173,real,180
93.9,left,0.73,-37.6622514964827,-14.313863405791162,-36.71,-9.929,11.601170614359173,real,171
93.9,left,0.86,-33.41028740777764,-18.54363283075542,-36.71,-9.929,11.601170614359173,real,173
93.9,left,0.96,-27.89926186891218,-22.172883925674693,-36.71,-9.929,11.601170614359173,real,176
93.9,left,0.9,-21.88125319578966,-24.709162421862004,-36.71,-9.929,11.601170614359173,real,181
93.9,right,0.95,-31.503842251245743,-10.641002454410081,-36.71,-9.929,11.601170614359173,real,172
93.9,right,0.83,-27.905899688434957,-13.660918233817611,-36.71,-9.929,11.601170614359173,real,177
93.9,right,0.84,-23.683994920531575,-16.32422334791075,-36.71,-9.929,11.601170614359173,real,179
93.9,right,0.91,-18.152749092219626,-18.375307106995603,-36.71,-9.929,11.601170614359173,real,180
94.0,left,0.91,-37.676201063383566,-14.22722812217047,-36.542,-10.168,11.614570614359172,real,171
94.0,left,0.89,-33.3118798825707,-18.561065293858885,-36.542,-10.168,11.614570614359172,real,173
94.0,left,0.76,-28.227984747925692,-21.688571530452634,-36.542,-10.168,11.614570614359172,real,176
94.0,left,0.91,-21.95361086220868,-24.827450684264132,-36.542,-10.168,11.614570614359172,real,181
94.0,right,0.93,-31.484927527204032,-10.488206191210049,-36.542,-10.168,11.614570614359172,real,172
94.0,right,0.88,-27.9592330272552,-13.90682028072506,-36.542,-10.168,11.614570614359172,real,177
94.0,right,0.92,-22.905428943176933,-16.278562315549642,-36.542,-10.168,11.614570614359172,real,179
94.0,right,0.98,-18.08173614967039,-18.603051901216364,-36.542,-10.168,11.614570614359172,real,180
94.1,left,0.92,-38.00079714480227,-14.21899686230395,-36.369,-10.407,11.627770614359173,real,171
94.1,left,0.82,-33.30872811407515,-18.64472134659931,-36.369,-10.407,11.627770614359173,real,173
94.1,left,0.87,-27.993708120501203,-22.140628591923367,-36.369,-10.407,11.627770614359173,real,176
94.1,left,0.85,-21.91607496454583,-24.525085809327773,-36.369,-10.407,11.627770614359173,real,181
94.1,right,0.9,-31.729887410749424,-10.653258774984403,-36.369,-10.407,11.627770614359173,real,172
94.1,right,0.97,-28.151025735416177,-13.799517205061456,-36.369,-10.407,11.627770614359173,real,177
94.1,right,0.86,-23.374666060824648,-16.48388328645495,-36.369,-10.407,11.627770614359173,real,179
94.1,right,0.73,-18.18064036006486,-18.580933362120003,-36.369,-10.407,11.627770614359173,real,180
94.2,left,0.83,-37.578167138483394,-14.250631669364884,-36.193,-10.644,11.640970614359173,real,171
94.2,left,0.83,-33.59013074209848,-18.381680894575013,-36.193,-10.644,11.640970614359173,real,173
94.2,left,0.92,-28.334967447573323,-21.628727051911792,-36.193,-10.644,11.640970614359173,real,176
94.2,left,0.83,-21.81746999098807,-24.628780368672132,-36.193,-10.644,11.640970614359173,real,181
94.2,right,0.91,-31.587536117452157,-10.778871889388993,-36.193,-10.644,11.640970614359173,real,172
94.2,right,0.81,-28.076146055243317,-14.147223093022756,-36.193,-10.644,11.640970614359173,real,177
94.2,right,0.93,-23.744832487971312,-16.31361820517691,-36.193,-10.644,11.640970614359173,real,179
94.2,right,0.92,-18.57354390322787,-18.78262192597245,-36.193,-10.644,11.640970614359173,real,180
94.3,left,0.95,-37.50303862831182,-14.326975897498214,-36.013,-10.881,11.653970614359173,real,171
94.3,left,0.76,-33.47194215002197,-18.157158945698274,-36.013,-10.881,11.653970614359173,real,173
94.3,left,0.89,-28.05216126157675,-21.875245566696233,-36.013,-10.881,11.653970614359173,real,176
94.3,left,0.83,-22.14246394504387,-24.53671783349971,-36.013,-10.881,11.653970614359173,real,181
94.3,right,0.83,-31.693764948569285,-10.891467592479785,-36.013,-10.881,11.653970614359173,real,172
94.3,right,0.96,-27.71565841118924,-14.06476703899506,-36.013,-10.881,11.653970614359173,real,177
94.3,right,0.86,-23.386353868569167,-16.268527955530516,-36.013,-10.881,11.653970614359173,real,179
94.3,right,0.82,-18.28654090304118,-18.567823003285937,-36.013,-10.881,11.653970614359173,real,180
94.4,left,0.8,-37.44301779591174,-14.380574477460787,-35.828,-11.116,11.666770614359173,real,171
94.4,left,0.83,-33.308211257557595,-18.4114205288976,-35.828,-11.116,11.666770614359173,real,173
94.4,left,0.92,-28.318834876105925,-21.786550648494803,-35.828,-11.116,11.666770614359173,real,176
94.4,left,0.88,-21.643052865124943,-24.712409076693742,-35.828,-11.116,11.666770614359173,real,181
94.4,right,0.99,-31.668210819742583,-10.610214496240431,-35.828,-11.116,11.666770614359173,real,172
94.4,right,0.96,-27.92404700863038,-14.038246928344558,-35.828,-11.116,11.666770614359173,real,177
94.4,right,0.86,-23.393645520559787,-16.481729557070977,-35.828,-11.116,11.666770614359173,real,179
94.4,right,0.94,-18.1881307192756,-18.537168355384182,-35.828,-11.116,11.666770614359173,real,180
94.5,left,0.9,-37.56141690826951,-14.411897134884846,-35.64,-11.35,11.679570614359172,real,171
94.5,left,0.89,-33.54433271626497,-18.373716867576782,-35.64,-11.35,11.679570614359172,real,173
94.5,left,0.92,-28.039918418345064,-21.73062738721458,-35.64,-11.35,11.679570614359172,real,176
94.5,left,0.85,-21.717767893804176,-24.511160024147202,-35.64,-11.35,11.679570614359172,real,181
94.5,right,0.86,-31.611389622491426,-10.853698250829009,-35.64,-11.35,11.679570614359172,real,172
94.5,right,0.88,-27.872505428870767,-13.59598087424579,-35.64,-11.35,11.679570614359172,real,177
94.5,right,0.91,-23.601488887643505,-16.25665366595903,-35.64,-11.35,11.679570614359172,real,179
94.5,right,0.86,-18.2801093506484,-18.737055613879917,-35.64,-11.35,11.679570614359172,real,180
94.6,left,0.99,-37.51537817380585,-14.358228644487193,-35.448,-11.582,11.692170614359172,real,171
94.6,left,0.94,-33.326971634069416,-18.592315518642355,-35.448,-11.582,11.692170614359172,real,173
94.6,left,0.84,-28.231565067245818,-21.78479980502044,-35.448,-11.582,11.692170614359172,real,176
94.6,left,0.92,-21.83312400055155,-24.702143959562434,-35.448,-11.582,11.692170614359172,real,181
94.6,right,0.79,-31.893491575120425,-10.999740730035025,-35.448,-11.582,11.692170614359172,real,172
94.6,right,0.79,-27.88972903658155,-14.054564871453433,-35.448,-11.582,11.692170614359172,real,177
94.6,right,0.9,-23.359827138530335,-16.645813372472197,-35.448,-11.582,11.692170614359172,real,179
94.6,right,0.75,-18.38649770893717,-18.29119611965978,-35.448,-11.582,11.692170614359172,real,180
94.7,left,0.8,-37.85439343461878,-14.380100818645499,-35.252,-11.814,11.704670614359172,real,171
94.7,left,0.9,-33.49598066343118,-18.43573678800331,-35.252,-11.814,11.704670614359172,real,173
94.7,left,0.93,-27.881724029778635,-21.639221835804907,-35.252,-11.814,11.704670614359172,real,176
94.7,left,0.9,-21.773231281513585,-24.29613514722349,-35.252,-11.814,11.704670614359172,real,181
94.7,right,0.81,-31.795971872294764,-10.660583084695645,-35.252,-11.814,11.704670614359172,real,172
94.7,right,0.82,-28.13824276789417,-13.566274534044808,-35.252,-11.814,11.704670614359172,real,177
94.7,right,0.81,-23.409329913473872,-16.662361292405834,-35.252,-11.814,11.704670614359172,real,179
94.7,right,0.95,-18.300305765746753,-18.47837953513942,-35.252,-11.814,11.704670614359172,real,180
94.7,right,0.86,-12.608855553393088,-19.99497687138245,-35.252,-11.814,11.704670614359172,real,182
94.8,left,0.99,-33.19613444693276,-18.38761884486595,-35.052,-12.044,11.716970614359173,real,173
94.8,left,0.91,-27.861446399680524,-21.881887929882744,-35.052,-12.044,11.716970614359173,real,176
94.8,left,0.79,-22.04645806050837,-24.703341565031113,-35.052,-12.044,11.716970614359173,real,181
94.8,right,0.87,-31.663426965896935,-10.757612502956606,-35.052,-12.044,11.716970614359173,real,172
94.8,right,0.79,-27.584158834745367,-13.619456229327978,-35.052,-12.044,11.716970614359173,real,177
94.8,right,0.93,-23.59157266575816,-16.208618387867315,-35.052,-12.044,11.716970614359173,real,179
94.8,right,0.98,-18.277936870995,-18.31772545973722,-35.052,-12.044,11.716970614359173,real,180
94.8,right,0.88,-12.417074370068708,-20.24650246738638,-35.052,-12.044,11.716970614359173,real,182
94.9,left,0.85,-33.403582524887454,-18.438468540398148,-34.849,-12.273,11.729270614359173,real,173
94.9,left,0.96,-28.191766925240316,-21.793863920271406,-34.849,-12.273,11.729270614359173,real,176
94.9,left,0.88,-21.987095777263576,-24.516658430598063,-34.849,-12.273,11.729270614359173,real,181
94.9,right,0.88,-31.52513285903993,-10.926937880613995,-34.849,-12.273,11.729270614359173,real,172
94.9,right,0.84,-27.949639611276623,-14.159422070087938,-34.849,-12.273,11.729270614359173,real,177
94.9,right,0.94,-23.331454738580618,-16.124636684729754,-34.849,-12.273,11.729270614359173,real,179
94.9,right,0.88,-18.193421992167213,-18.497684829370638,-34.849,-12.273,11.729270614359173,real,180
94.9,right,0.87,-12.517657490358623,-20.317248051687873,-34.849,-12.273,11.729270614359173,real,182
94.9,left,0.36,-27.185976252453713,-24.537220645623663,-34.849,-12.273,11.729270614359173,ghost,183
95.0,left,0.84,-33.28672255772158,-18.291380371667522,-34.641,-12.5,11.741370614359173,real,173
95.0,left,0.74,-28.017750575324012,-21.834652058782332,-34.641,-12.5,11.741370614359173,real,176
95.0,left,0.86,-21.961254043710735,-24.737556597783975,-34.641,-12.5,11.741370614359173,real,181
95.0,right,0.99,-31.73768849628224,-10.523188852626507,-34.641,-12.5,11.741370614359173,real,172
95.0,right,0.87,-27.77867930968417,-13.675586552859157,-34.641,-12.5,11.741370614359173,real,177
95.0,right,0.85,-23.367459322651758,-16.291802947962168,-34.641,-12.5,11.741370614359173,real,179
95.0,right,0.99,-18.117245757804582,-18.50463518821327,-34.641,-12.5,11.741370614359173,real,180
95.0,right,0.85,-12.56207356103827,-20.30778434019003,-34.641,-12.5,11.741370614359173,real,182
95.1,left,0.92,-33.3565996574319,-18.27458465778208,-34.43,-12.726,11.753370614359172,real,173
95.1,left,0.99,-27.961143282301343,-21.850784806552152,-34.43,-12.726,11.753370614359172,real,176
95.1,left,0.95,-22.022997807442522,-25.063521695781287,-34.43,-12.726,11.753370614359172,real,181
95.1,right,0.9,-31.775540524983533,-10.764872544811196,-34.43,-12.726,11.753370614359172,real,172
95.1,right,0.91,-27.932217759310642,-13.501007066149732,-34.43,-12.726,11.753370614359172,real,177
95.1,right,0.83,-23.57926949828129,-16.225746216380724,-34.43,-12.726,11.753370614359172,real,179
95.1,right,0.85,-18.06101452527131,-18.55681765519393,-34.43,-12.726,11.753370614359172,real,180
95.1,right,0.96,-12.318092369054822,-20.02684864385973,-34.43,-12.726,11.753370614359172,real,182
95.2,left,0.86,-33.64497445016834,-18.308459087341603,-34.215,-12.951,11.765270614359173,real,173
95.2,left,0.95,-27.984473176933513,-22.038688347817004,-34.215,-12.951,11.765270614359173,real,176
95.2,left,0.81,-21.57045596963732,-24.665505293191828,-34.215,-12.951,11.765270614359173,real,181
95.2,right,0.83,-31.52705917488073,-11.066105541241868,-34.215,-12.951,11.765270614359173,real,172
95.2,right,0.78,-28.052636754485317,-13.724552991287421,-34.215,-12.951,11.765270614359173,real,177
95.2,right,0.96,-23.237305456567412,-16.37859792144446,-34.215,-12.951,11.765270614359173,real,179
95.2,right,0.93,-18.38085798411108,-18.485920380697543,-34.215,-12.951,11.765270614359173,real,180
95.2,right,0.84,-12.494798172422827,-20.41705421687474,-34.215,-12.951,11.765270614359173,real,182
95.3,left,0.95,-33.37814680544237,-17.985544287437758,-33.996,-13.174,11.776970614359172,real,173
95.3,left,0.9,-28.01920976327101,-21.76317129100014,-33.996,-13.174,11.776970614359172,real,176
95.3,left,0.95,-21.740634974291535,-24.559470920723555,-33.996,-13.174,11.776970614359172,real,181
95.3,right,0.82,-27.78167975028871,-13.826784676618717,-33.996,-13.174,11.776970614359172,real,177
95.3,right,0.9,-23.16229112036808,-15.991357079140757,-33.996,-13.174,11.776970614359172,real,179
95.3,right,0.73,-18.302200792446843,-18.7918797097307,-33.996,-13.174,11.776970614359172,real,180
95.3,right,0.86,-12.582100591737039,-20.31526334291034,-33.996,-13.174,11.776970614359172,real,182
95.4,left,0.92,-33.38598651963128,-18.449725909268615,-33.773,-13.396,11.788570614359173,real,173
95.4,left,0.89,-28.04477372058835,-21.743953563111003,-33.773,-13.396,11.788570614359173,real,176
95.4,left,0.86,-21.665129259675854,-24.807545825855602,-33.773,-13.396,11.788570614359173,real,181
95.4,right,0.86,-28.117643786398197,-13.549610212145726,-33.773,-13.396,11.788570614359173,real,177
95.4,right,0.82,-23.592556767037713,-16.458290577399914,-33.773,-13.396,11.788570614359173,real,179
95.4,right,0.71,-18.189389500948508,-18.506796495053592,-33.773,-13.396,11.788570614359173,real,180
95.4,right,0.83,-12.722683053570698,-19.98346085034828,-33.773,-13.396,11.788570614359173,real,182
95.5,left,0.88,-33.296083123810874,-18.286019563261323,-33.547,-13.616,11.800170614359173,real,173
95.5,left,0.86,-28.00480896266708,-22.10251792584607,-33.547,-13.616,11.800170614359173,real,176
95.5,left,0.92,-22.131123732705557,-24.611468068701008,-33.547,-13.616,11.800170614359173,real,181
95.5,right,0.84,-28.207166833453236,-13.994393648793398,-33.547,-13.616,11.800170614359173,real,177
95.5,right,0.8,-23.42876240733767,-16.441627013325512,-33.547,-13.616,11.800170614359173,real,179
95.5,right,0.82,-18.430633166782677,-18.72975661951245,-33.547,-13.616,11.800170614359173,real,180
95.5,right,0.95,-12.507152514452631,-20.075052855094633,-33.547,-13.616,11.800170614359173,real,182
95.6,left,0.99,-33.38211337226537,-18.008027707642526,-33.317,-13.835,11.811470614359173,real,173
95.6,left,0.91,-28.11301305290938,-22.069964046947046,-33.317,-13.835,11.811470614359173,real,176
95.6,left,0.82,-21.858682288490392,-24.75630052796393,-33.317,-13.835,11.811470614359173,real,181
95.6,right,0.88,-27.811712640763403,-13.882107241797078,-33.317,-13.835,11.811470614359173,real,177
95.6,right,0.87,-23.382440555390748,-16.47980502901917,-33.317,-13.835,11.811470614359173,real,179
95.6,right,0.85,-18.446267108826223,-18.811606200952863,-33.317,-13.835,11.811470614359173,real,180
95.6,right,0.89,-12.571841595624328,-20.245344981150488,-33.317,-13.835,11.811470614359173,real,182
95.7,left,0.97,-33.46283841618001,-18.152166310967623,-33.083,-14.052,11.822770614359172,real,173
95.7,left,0.91,-28.09235454369435,-22.01679371543644,-33.083,-14.052,11.822770614359172,real,176
95.7,left,0.99,-21.624940170492692,-24.81429766097514,-33.083,-14.052,11.822770614359172,real,181
95.7,right,0.95,-27.946302841056745,-13.968099479713688,-33.083,-14.052,11.822770614359172,real,177
95.7,right,0.87,-23.77978032947241,-16.45913704676501,-33.083,-14.052,11.822770614359172,real,179
95.7,right,0.81,-18.372833376391984,-18.3696264203482,-33.083,-14.052,11.822770614359172,real,180
95.7,right,0.86,-12.359524609526122,-19.988651643849717,-33.083,-14.052,11.822770614359172,real,182
95.8,left,0.86,-33.31678581178791,-18.247718296490245,-32.846,-14.268,11.833970614359172,real,173
95.8,left,0.96,-27.81551808099288,-21.825659932978102,-32.846,-14.268,11.833970614359172,real,176
95.8,left,0.87,-21.825733095692325,-24.38776157613513,-32.846,-14.268,11.833970614359172,real,181
95.8,left,0.85,-15.043452341247301,-26.938979475077645,-32.846,-14.268,11.833970614359172,real,184
95.8,right,0.81,-27.680357466080338,-13.481308693476226,-32.846,-14.268,11.833970614359172,real,177
95.8,right,0.81,-23.546777838168808,-16.278541515340503,-32.846,-14.268,11.833970614359172,real,179
95.8,right,0.85,-18.21749257825936,-18.28300069888899,-32.846,-14.268,11.833970614359172,real,180
95.8,right,0.93,-12.517244143065628,-20.072345209337282,-32.846,-14.268,11.833970614359172,real,182
95.9,left,0.77,-33.60191178989625,-18.628595095155283,-32.605,-14.482,11.844970614359173,real,173
95.9,left,0.93,-27.962829082227934,-21.66403447291861,-32.605,-14.482,11.844970614359173,real,176
95.9,left,0.85,-21.95231341278745,-24.502782328472264,-32.605,-14.482,11.844970614359173,real,181
95.9,left,0.91,-15.123549748823653,-26.753422864348156,-32.605,-14.482,11.844970614359173,real,184
95.9,right,0.88,-27.71827327804547,-14.136237155067876,-32.605,-14.482,11.844970614359173,real,177
95.9,right,0.95,-23.482391697209167,-16.59272351430779,-32.605,-14.482,11.844970614359173,real,179
95.9,right,0.76,-18.567759318825882,-18.639387528098684,-32.605,-14.482,11.844970614359173,real,180
95.9,right,0.98,-12.27930275645302,-20.286952417002816,-32.605,-14.482,11.844970614359173,real,182
96.0,left,0.99,-33.33341432071569,-18.193019781085727,-32.361,-14.695,11.855970614359173,real,173
96.0,left,0.83,-28.104891840454354,-21.708003945118598,-32.361,-14.695,11.855970614359173,real,176
96.0,left,0.84,-21.776071579876806,-24.719816374421452,-32.361,-14.695,11.855970614359173,real,181
96.0,left,0.85,-14.930763309352356,-26.461113500557477,-32.361,-14.695,11.855970614359173,real,184
96.0,right,0.97,-27.931893924567717,-13.516244566261156,-32.361,-14.695,11.855970614359173,real,177
96.0,right,0.83,-23.219964019372284,-16.526165257662342,-32.361,-14.695,11.855970614359173,real,179
96.0,right,0.91,-18.047116424564415,-18.34703805961486,-32.361,-14.695,11.855970614359173,real,180
96.0,right,0.95,-12.405351556219372,-19.972420220925763,-32.361,-14.695,11.855970614359173,real,182
96.1,left,0.93,-33.329503221354045,-18.437146260413925,-32.113,-14.906,11.866770614359172,real,173
96.1,left,0.9,-28.095093604908765,-21.740633655162867,-32.113,-14.906,11.866770614359172,real,176
96.1,left,0.81,-21.36455294402327,-24.648586098406586,-32.113,-14.906,11.866770614359172,real,181
96.1,left,0.78,-14.704580139342806,-26.612296423509708,-32.113,-14.906,11.866770614359172,real,184
96.1,right,0.94,-27.986281721202527,-13.607139635126687,-32.113,-14.906,11.866770614359172,real,177
96.1,right,0.85,-23.316861586824203,-16.216856977802394,-32.113,-14.906,11.866770614359172,real,179
96.1,right,0.82,-18.128882452513754,-18.378144210439316,-32.113,-14.906,11.866770614359172,real,180
96.1,right,0.89,-12.468624341063178,-20.287315264001037,-32.113,-14.906,11.866770614359172,real,182
96.2,left,0.82,-33.37908239638543,-18.2861718398385,-31.861,-15.115,11.877470614359172,real,173
96.2,left,0.87,-27.952824227951194,-21.898355153224006,-31.861,-15.115,11.877470614359172,real,176
96.2,left,0.86,-22.05871602742293,-24.25968222088437,-31.861,-15.115,11.877470614359172,real,181
96.2,left,0.95,-15.018835454386505,-26.656444728389936,-31.861,-15.115,11.877470614359172,real,184
96.2,right,0.68,-27.51896790205125,-13.881985295958401,-31.861,-15.115,11.877470614359172,real,177
96.2,right,0.99,-23.612390322962653,-16.57565409864411,-31.861,-15.115,11.877470614359172,real,179
96.2,right,0.94,-18.317893512792214,-18.804632458138666,-31.861,-15.115,11.877470614359172,real,180
96.2,right,0.93,-12.403559722333696,-20.09056939867679,-31.861,-15.115,11.877470614359172,real,182
96.3,left,0.91,-33.54403020054127,-18.18428833601054,-31.606,-15.323,11.888170614359172,real,173
96.3,left,0.87,-28.022480445461483,-21.52725383122258,-31.606,-15.323,11.888170614359172,real,176
96.3,left,0.8,-21.742882627459444,-24.65138574971515,-31.606,-15.323,11.888170614359172,real,181
96.3,left,0.79,-14.946394161620683,-26.525096915749202,-31.606,-15.323,11.888170614359172,real,184
96.3,right,0.91,-27.51580341404533,-13.883630385118284,-31.606,-15.323,11.888170614359172,real,177
96.3,right,0.95,-23.59317560614614,-16.55091947344298,-31.606,-15.323,11.888170614359172,real,179
96.3,right,0.9,-18.52950268547713,-18.712088960661273,-31.606,-15.323,11.888170614359172,real,180
96.3,right,0.98,-12.467265204628319,-20.245922956174432,-31.606,-15.323,11.888170614359172,real,182
96.4,left,0.81,-33.377489374671335,-18.35151977461561,-31.348,-15.529,11.898670614359173,real,173
96.4,left,0.8,-28.334341170154755,-21.902786194821395,-31.348,-15.529,11.898670614359173,real,176
96.4,left,0.85,-21.345695873383164,-24.787531749616882,-31.348,-15.529,11.898670614359173,real,181
96.4,left,0.93,-14.932711473801676,-26.74207596521408,-31.348,-15.529,11.898670614359173,real,184
96.4,right,0.91,-27.867739490783435,-14.419685442271831,-31.348,-15.529,11.898670614359173,real,177
96.4,right,0.93,-23.578815071794196,-16.30141345880287,-31.348,-15.529,11.898670614359173,real,179
96.4,right,0.94,-18.114617169017166,-18.69852990972616,-31.348,-15.529,11.898670614359173,real,180
96.4,right,0.85,-12.150179920733617,-20.430555692238585,-31.348,-15.529,11.898670614359173,real,182
96.5,left,0.71,-27.792355143130816,-22.014045180288004,-31.086,-15.733,11.909070614359173,real,176
96.5,left,0.98,-21.501389355327508,-24.697906290086404,-31.086,-15.733,11.909070614359173,real,181
96.5,left,0.99,-15.039065024816173,-26.603257766135172,-31.086,-15.733,11.909070614359173,real,184
96.5,right,0.9,-28.10078321102045,-13.44777381364675,-31.086,-15.733,11.909070614359173,real,177
96.5,right,0.99,-23.457680757821244,-16.661147369443764,-31.086,-15.733,11.909070614359173,real,179
96.5,right,0.84,-18.02459829163432,-18.634903412021515,-31.086,-15.733,11.909070614359173,real,180
96.5,right,0.94,-12.593446310831474,-20.13978817884633,-31.086,-15.733,11.909070614359173,real,182
96.6,left,0.83,-27.94371181370285,-21.97490426261212,-30.821,-15.936,11.919370614359172,real,176
96.6,left,0.93,-21.888631761613805,-24.477705605666205,-30.821,-15.936,11.919370614359172,real,181
96.6,left,0.97,-14.96206354815592,-27.071156739640937,-30.821,-15.936,11.919370614359172,real,184
96.6,right,0.9,-28.04604016841148,-13.951697116599835,-30.821,-15.936,11.919370614359172,real,177
96.6,right,0.84,-23.442489225563328,-16.546020287795336,-30.821,-15.936,11.919370614359172,real,179
96.6,right,0.72,-18.568090693962343,-18.727088593723913,-30.821,-15.936,11.919370614359172,real,180
96.6,right,0.81,-12.540352443928638,-20.069987171085817,-30.821,-15.936,11.919370614359172,real,182
96.7,left,0.88,-28.154560440073467,-21.834462560770163,-30.552,-16.136,11.929570614359172,real,176
96.7,left,0.94,-22.010265014993493,-24.57395078475313,-30.552,-16.136,11.929570614359172,real,181
96.7,left,0.99,-15.061231043791105,-26.824035420289118,-30.552,-16.136,11.929570614359172,real,184
96.7,right,0.99,-27.62473150818254,-13.748730602380046,-30.552,-16.136,11.929570614359172,real,177
96.7,right,0.82,-23.566251813625858,-16.582398114434188,-30.552,-16.136,11.929570614359172,real,179
96.7,right,0.99,-18.279508878498653,-18.794621009597012,-30.552,-16.136,11.929570614359172,real,180
96.7,right,0.86,-12.336072874613432,-20.302227545706778,-30.552,-16.136,11.929570614359172,real,182
96.8,left,0.92,-28.01283043311029,-21.588852192377882,-30.28,-16.336,11.939670614359173,real,176
96.8,left,0.88,-21.547875587915833,-24.76988784914073,-30.28,-16.336,11.939670614359173,real,181
96.8,left,0.83,-14.794962159186154,-26.886535487289887,-30.28,-16.336,11.939670614359173,real,184
96.8,right,0.8,-28.079591159059213,-14.187129149364804,-30.28,-16.336,11.939670614359173,real,177
96.8,right,0.91,-23.51145181519362,-16.371291216388954,-30.28,-16.336,11.939670614359173,real,179
96.8,right,0.95,-18.121355138961807,-18.688862967354776,-30.28,-16.336,11.939670614359173,real,180
96.8,right,0.99,-12.56218324186812,-20.188078701851907,-30.28,-16.336,11.939670614359173,real,182
96.9,left,0.98,-27.795423051843827,-21.831317550324172,-30.004,-16.533,11.949670614359173,real,176
96.9,left,0.89,-21.7741332610219,-25.000497768447417,-30.004,-16.533,11.949670614359173,real,181
96.9,left,0.98,-15.02824716139123,-26.734344858247923,-30.004,-16.533,11.949670614359173,real,184
96.9,right,0.84,-27.949073078610127,-13.815956506099482,-30.004,-16.533,11.949670614359173,real,177
96.9,right,0.82,-23.422818269093074,-16.50382767104094,-30.004,-16.533,11.949670614359173,real,179
96.9,right,0.84,-17.977961100746338,-18.440612485186072,-30.004,-16.533,11.949670614359173,real,180
96.9,right,0.93,-12.636243174832181,-20.075052633973208,-30.004,-16.533,11.949670614359173,real,182
96.9,right,0.99,-6.2046677557199335,-21.062654592391244,-30.004,-16.533,11.949670614359173,real,185
97.0,left,0.85,-27.98707539006656,-21.675925848369985,-29.726,-16.728,11.959570614359173,real,176
97.0,left,0.93,-21.571507427570456,-24.75139129584189,-29.726,-16.728,11.959570614359173,real,181
97.0,left,0.93,-15.095967164204628,-26.554999706092865,-29.726,-16.728,11.959570614359173,real,184
97.0,right,0.85,-23.634570491840154,-16.43168842898143,-29.726,-16.728,11.959570614359173,real,179
97.0,right,0.89,-18.3145386599084,-18.596939293715792,-29.726,-16.728,11.959570614359173,real,180
97.0,right,0.93,-12.407336557854366,-20.05837123721791,-29.726,-16.728,11.959570614359173,real,182
97.0,right,0.99,-6.666619803368392,-21.28615466468549,-29.726,-16.728,11.959570614359173,real,185
97.1,left,0.95,-28.370491789396766,-21.933315807426972,-29.444,-16.922,11.969370614359173,real,176
97.1,left,0.79,-22.328919186600086,-24.63619898750275,-29.444,-16.922,11.969370614359173,real,181
97.1,left,0.92,-14.718843348214122,-27.08970173541524,-29.444,-16.922,11.969370614359173,real,184
97.1,right,0.95,-23.74224817921796,-16.7023202917685,-29.444,-16.922,11.969370614359173,real,179
97.1,right,0.85,-18.215890512041284,-18.8059050736201,-29.444,-16.922,11.969370614359173,real,180
97.1,right,0.96,-12.201866120082984,-20.03908008671863,-29.444,-16.922,11.969370614359173,real,182
97.1,right,0.76,-6.358744112832389,-21.12343851841167,-29.444,-16.922,11.969370614359173,real,185
97.2,left,0.88,-27.721478940238953,-21.6250564397648,-29.159,-17.114,11.979170614359173,real,176
97.2,left,0.93,-21.795808409550435,-24.839504100208146,-29.159,-17.114,11.979170614359173,real,181
97.2,left,0.93,-14.966378881981937,-27.20675362824179,-29.159,-17.114,11.979170614359173,real,184
97.2,right,0.83,-23.231840234631356,-16.654943232491735,-29.159,-17.114,11.979170614359173,real,179
97.2,right,0.99,-18.530949605551257,-18.830865403302745,-29.159,-17.114,11.979170614359173,real,180
97.2,right,0.84,-12.607755264359858,-19.996806566688882,-29.159,-17.114,11.979170614359173,real,182
97.2,right,0.89,-6.258769014580847,-20.891157504585756,-29.159,-17.114,11.979170614359173,real,185
97.3,left,0.98,-27.941793309098315,-22.090263922828047,-28.87,-17.304,11.988770614359172,real,176
97.3,left,0.89,-21.996590164400125,-24.58516764206668,-28.87,-17.304,11.988770614359172,real,181
97.3,left,0.9,-14.870589043719677,-27.03200744639818,-28.87,-17.304,11.988770614359172,real,184
97.3,right,0.87,-23.428624064503694,-16.346788984287336,-28.87,-17.304,11.988770614359172,real,179
97.3,right,0.99,-18.54110261467654,-18.486573804655855,-28.87,-17.304,11.988770614359172,real,180
97.3,right,0.9,-12.673540570969713,-20.263632234548066,-28.87,-17.304,11.988770614359172,real,182
97.3,right,0.82,-6.4669317314369295,-21.064444143196717,-28.87,-17.304,11.988770614359172,real,185
97.4,left,0.93,-27.767192425958317,-21.651064012819297,-28.579,-17.492,11.998270614359173,real,176
97.4,left,0.95,-21.76795738676686,-24.651067503573515,-28.579,-17.492,11.998270614359173,real,181
97.4,left,0.97,-14.811973337117484,-26.8974581421365,-28.579,-17.492,11.998270614359173,real,184
97.4,right,0.87,-23.538060603246397,-16.555005337124395,-28.579,-17.492,11.998270614359173,real,179
97.4,right,0.86,-18.019009348637585,-18.48213253816768,-28.579,-17.492,11.998270614359173,real,180
97.4,right,0.87,-12.66764650200069,-20.263076300231567,-28.579,-17.492,11.998270614359173,real,182
97.4,right,0.86,-6.1223707978596655,-20.829632525844936,-28.579,-17.492,11.998270614359173,real,185
97.5,left,0.89,-27.849721872956653,-22.066179520982672,-28.284,-17.678,12.007770614359172,real,176
97.5,left,0.76,-21.94829145023117,-24.657878378051162,-28.284,-17.678,12.007770614359172,real,181
97.5,left,0.99,-14.77274316823849,-26.654389297828942,-28.284,-17.678,12.007770614359172,real,184
97.5,right,0.83,-23.381827012414387,-16.521333669641088,-28.284,-17.678,12.007770614359172,real,179
97.5,right,0.99,-18.053431022403977,-18.49780936482203,-28.284,-17.678,12.007770614359172,real,180
97.5,right,0.87,-12.413925585086423,-20.37273747610142,-28.284,-17.678,12.007770614359172,real,182
97.5,right,0.87,-6.327842171927954,-20.97842443161339,-28.284,-17.678,12.007770614359172,real,185
97.6,left,0.93,-27.747363516454033,-21.5681019084415,-27.987,-17.862,12.017170614359172,real,176
97.6,left,0.99,-21.719437466524504,-24.90432695129772,-27.987,-17.862,12.017170614359172,real,181
97.6,left,0.9,-15.342787704699976,-26.613285644485828,-27.987,-17.862,12.017170614359172,real,184
97.6,right,0.76,-23.545163372387655,-16.140501706767786,-27.987,-17.862,12.017170614359172,real,179
97.6,right,0.79,-18.38376820289086,-18.783440204783794,-27.987,-17.862,12.017170614359172,real,180
97.6,right,0.77,-12.347530056435414,-19.981582950568328,-27.987,-17.862,12.017170614359172,real,182
97.6,right,0.93,-6.553016644642561,-21.26627136436864,-27.987,-17.862,12.017170614359172,real,185
97.6,right,0.32,-16.4154833760915,-21.624727736976094,-27.987,-17.862,12.017170614359172,ghost,186
97.7,left,0.9,-28.011565132238644,-21.888481934496564,-27.686,-18.044,12.026470614359173,real,176
97.7,left,0.95,-21.974720195777802,-24.3801360463522,-27.686,-18.044,12.026470614359173,real,181
97.7,left,0.97,-14.919645271068056,-26.623960194259475,-27.686,-18.044,12.026470614359173,real,184
97.7,right,0.99,-23.46542808389476,-16.3763844264988,-27.686,-18.044,12.026470614359173,real,179
97.7,right,0.78,-18.450462277073978,-18.693983821652846,-27.686,-18.044,12.026470614359173,real,180
97.7,right,0.83,-12.148819482188673,-20.202984844074663,-27.686,-18.044,12.026470614359173,real,182
97.7,right,0.73,-6.354154603212717,-20.997786039571128,-27.686,-18.044,12.026470614359173,real,185
97.8,left,0.89,-27.935344126328566,-21.90528120059548,-27.382,-18.224,12.035670614359173,real,176
97.8,left,0.88,-21.6042483104497,-24.56212514975041,-27.382,-18.224,12.035670614359173,real,181
97.8,left,0.97,-14.613523992023609,-26.867486185199304,-27.382,-18.224,12.035670614359173,real,184
97.8,right,0.8,-23.5924887045826,-16.184483110659805,-27.382,-18.224,12.035670614359173,real,179
97.8,right,0.91,-18.07173513569299,-18.72057341496536,-27.382,-18.224,12.035670614359173,real,180
97.8,right,0.9,-12.023201672277054,-20.2387868195754,-27.382,-18.224,12.035670614359173,real,182
97.8,right,0.85,-6.213554732047762,-21.28287658098695,-27.382,-18.224,12.035670614359173,real,185
97.9,left,0.98,-27.991220638210446,-21.87881243988186,-27.075,-18.402,12.044770614359173,real,176
97.9,left,0.84,-21.892686896606218,-24.466637820875466,-27.075,-18.402,12.044770614359173,real,181
97.9,left,0.91,-14.835914824196369,-26.976563899081036,-27.075,-18.402,12.044770614359173,real,184
97.9,left,0.9,-7.658035279417802,-28.10168711040033,-27.075,-18.402,12.044770614359173,real,187
97.9,right,0.77,-23.368055258738384,-16.316763638041756,-27.075,-18.402,12.044770614359173,real,179
97.9,right,0.87,-18.499744227152963,-18.921911944711397,-27.075,-18.402,12.044770614359173,real,180
97.9,right,0.8,-12.853169154694216,-20.134691376878475,-27.075,-18.402,12.044770614359173,real,182
97.9,right,0.7,-6.2758343255528555,-21.094614574516687,-27.075,-18.402,12.044770614359173,real,185
98.0,left,0.78,-28.228200140498412,-21.886484595405616,-26.765,-18.579,12.053770614359173,real,176
98.0,left,0.79,-21.978003211275922,-24.380397654423057,-26.765,-18.579,12.053770614359173,real,181
98.0,left,0.92,-14.720124153187657,-26.723086617594177,-26.765,-18.579,12.053770614359173,real,184
98.0,left,0.74,-7.2695388296145556,-28.13001637282616,-26.765,-18.579,12.053770614359173,real,187
98.0,right,0.9,-23.354175222515874,-16.91838615647696,-26.765,-18.579,12.053770614359173,real,179
98.0,right,0.9,-18.534577969600086,-18.718496241912444,-26.765,-18.579,12.053770614359173,real,180
98.0,right,0.98,-12.43971660842812,-20.069305254353893,-26.765,-18.579,12.053770614359173,real,182
98.0,right,0.89,-6.1155447506311535,-21.528510282116915,-26.765,-18.579,12.053770614359173,real,185
98.1,left,0.87,-28.1270396870297,-21.849025039768808,-26.452,-18.753,12.062770614359172,real,176
98.1,left,0.76,-21.68572824648098,-24.70734148933421,-26.452,-18.753,12.062770614359172,real,181
98.1,left,0.86,-14.987833291282728,-26.834737354971303,-26.452,-18.753,12.062770614359172,real,184
98.1,left,0.9,-7.455777629395991,-27.800463768734513,-26.452,-18.753,12.062770614359172,real,187
98.1,right,0.95,-23.60606851510826,-16.46196464817719,-26.452,-18.753,12.062770614359172,real,179
98.1,right,0.95,-18.32770409359379,-18.84278321196785,-26.452,-18.753,12.062770614359172,real,180
98.1,right,0.87,-12.213963138483177,-20.076303189026664,-26.452,-18.753,12.062770614359172,real,182
98.1,right,0.85,-6.696752750181609,-21.486936922926887,-26.452,-18.753,12.062770614359172,real,185
98.2,left,0.86,-21.900875739795303,-24.76309731437437,-26.137,-18.925,12.071670614359173,real,181
98.2,left,0.98,-14.754583001915444,-26.752423859847873,-26.137,-18.925,12.071670614359173,real,184
98.2,left,0.98,-7.4298290892243966,-28.21082610837782,-26.137,-18.925,12.071670614359173,real,187
98.2,right,0.82,-23.289230144073777,-16.264005477706142,-26.137,-18.925,12.071670614359173,real,179
98.2,right,0.75,-18.240399498637707,-18.668271501611486,-26.137,-18.925,12.071670614359173,real,180
98.2,right,0.87,-12.449758003858264,-20.29557635287276,-26.137,-18.925,12.071670614359173,real,182
98.2,right,0.81,-6.203626255029398,-21.188033173269154,-26.137,-18.925,12.071670614359173,real,185
98.3,left,0.85,-21.284976821482793,-24.89077344821429,-25.818,-19.095,12.080470614359172,real,181
98.3,left,0.79,-15.180434050108582,-26.824433075052184,-25.818,-19.095,12.080470614359172,real,184
98.3,left,0.92,-7.615413939253776,-28.176868183426095,-25.818,-19.095,12.080470614359172,real,187
98.3,right,0.85,-23.235234257813207,-16.465852206324964,-25.818,-19.095,12.080470614359172,real,179
98.3,right,0.99,-18.32961584110207,-18.464082660908346,-25.818,-19.095,12.080470614359172,real,180
98.3,right,0.83,-12.51953339032579,-20.342877730941673,-25.818,-19.095,12.080470614359172,real,182
98.3,right,0.95,-6.308386877403176,-21.265272979741916,-25.818,-19.095,12.080470614359172,real,185
98.4,left,0.81,-22.030557791140662,-24.5598567483592,-25.497,-19.263,12.089170614359173,real,181
98.4,left,0.88,-14.64556153670475,-26.578222503609613,-25.497,-19.263,12.089170614359173,real,184
98.4,left,0.81,-7.656672960161614,-28.221787368366954,-25.497,-19.263,12.089170614359173,real,187
98.4,right,0.8,-23.687376648349186,-16.224726259014826,-25.497,-19.263,12.089170614359173,real,179
98.4,right,0.87,-18.025728471059942,-18.512686904785944,-25.497,-19.263,12.089170614359173,real,180
98.4,right,0.93,-12.787177509310457,-20.17322923220598,-25.497,-19.263,12.089170614359173,real,182
98.4,right,0.78,-6.510453540761296,-21.19977013379756,-25.497,-19.263,12.089170614359173,real,185
98.5,left,0.92,-21.757204083541623,-24.60290280707961,-25.173,-19.429,12.097870614359172,real,181
98.5,left,0.84,-14.71753124625779,-26.538189696408466,-25.173,-19.429,12.097870614359172,real,184
98.5,left,0.91,-7.659343289670291,-28.16006600780931,-25.173,-19.429,12.097870614359172,real,187
98.5,right,0.83,-23.326189386886156,-16.521647328016417,-25.173,-19.429,12.097870614359172,real,179
98.5,right,0.87,-18.285539421002312,-18.72406257529275,-25.173,-19.429,12.097870614359172,real,180
98.5,right,0.85,-12.364057745942098,-20.13604408081116,-25.173,-19.429,12.097870614359172,real,182
98.5,right,0.92,-6.180927540361728,-21.081951508015145,-25.173,-19.429,12.097870614359172,real,185
98.5,left,0.31,-15.676586526755436,-23.35738760118947,-25.173,-19.429,12.097870614359172,ghost,188
98.6,left,0.77,-21.827409756005114,-24.690585876383654,-24.846,-19.592,12.106470614359173,real,181
98.6,left,0.93,-14.835001174001352,-26.885259251243824,-24.846,-19.592,12.106470614359173,real,184
98.6,left,0.91,-7.53122290490281,-27.91510778177825,-24.846,-19.592,12.106470614359173,real,187
98.6,right,0.84,-18.2258383007138,-18.759963897836144,-24.846,-19.592,12.106470614359173,real,180
98.6,right,0.91,-12.124368177959507,-20.33589769756783,-24.846,-19.592,12.106470614359173,real,182
98.6,right,0.76,-6.431686936285859,-21.187083506129596,-24.846,-19.592,12.106470614359173,real,185
98.7,left,0.99,-21.653109887205694,-24.542495087401118,-24.516,-19.754,12.114970614359173,real,181
98.7,left,0.77,-14.754432910482475,-26.98002518379561,-24.516,-19.754,12.114970614359173,real,184
98.7,left,0.94,-7.631971879521793,-27.933531797535924,-24.516,-19.754,12.114970614359173,real,187
98.7,right,0.92,-18.4070331058973,-18.586998506103257,-24.516,-19.754,12.114970614359173,real,180
98.7,right,0.97,-12.160833935791128,-20.444837553858733,-24.516,-19.754,12.114970614359173,real,182
98.7,right,0.88,-6.151950920581022,-21.075206421680967,-24.516,-19.754,12.114970614359173,real,185
98.8,left,0.83,-21.609172143252934,-24.27253111103927,-24.184,-19.913,12.123370614359173,real,181
98.8,left,0.82,-14.77984530579197,-26.754521430749527,-24.184,-19.913,12.123370614359173,real,184
98.8,left,0.89,-7.246763590702174,-28.355094101320834,-24.184,-19.913,12.123370614359173,real,187
98.8,right,0.91,-18.38326237205799,-18.506751098923914,-24.184,-19.913,12.123370614359173,real,180
98.8,right,0.97,-12.643672216222196,-20.182828914251367,-24.184,-19.913,12.123370614359173,real,182
98.8,right,0.91,-6.449790329318837,-20.875733793069866,-24.184,-19.913,12.123370614359173,real,185
98.9,left,0.92,-21.619389609266868,-24.973619836970933,-23.849,-20.07,12.131770614359173,real,181
98.9,left,0.88,-14.621459770036227,-26.347830143003243,-23.849,-20.07,12.131770614359173,real,184
98.9,left,0.98,-7.577335908871,-27.741278752950066,-23.849,-20.07,12.131770614359173,real,187
98.9,right,0.93,-18.55598135048899,-18.307795818887985,-23.849,-20.07,12.131770614359173,real,180
98.9,right,0.72,-12.526401638765815,-20.307424409395797,-23.849,-20.07,12.131770614359173,real,182
98.9,right,0.91,-6.386126545715771,-21.0354510446704,-23.849,-20.07,12.131770614359173,real,185
99.0,left,0.97,-21.689829351530356,-24.733184276308222,-23.511,-20.225,12.140170614359173,real,181
99.0,left,0.66,-15.0792063196273,-26.75716528661263,-23.511,-20.225,12.140170614359173,real,184
99.0,left,0.88,-7.501234702502825,-28.106730464755515,-23.511,-20.225,12.140170614359173,real,187
99.0,right,0.99,-18.095050550151992,-18.70725543760122,-23.511,-20.225,12.140170614359173,real,180
99.0,right,0.91,-12.38820942075416,-20.259390845293883,-23.511,-20.225,12.140170614359173,real,182
99.0,right,0.84,-6.431990930260304,-21.276786192982826,-23.511,-20.225,12.140170614359173,real,185
99.0,right,0.99,-0.27360475246414495,-21.287726262872088,-23.511,-20.225,12.140170614359173,real,189
99.1,left,0.85,-21.796680064162636,-24.669356978155044,-23.171,-20.378,12.148370614359173,real,181
99.1,left,0.83,-14.722085649340785,-26.784259071816,-23.171,-20.378,12.148370614359173,real,184
99.1,left,0.9,-7.509196068986568,-28.01628662898246,-23.171,-20.378,12.148370614359173,real,187
99.1,right,0.88,-18.29253991534033,-18.684526586455412,-23.171,-20.378,12.148370614359173,real,180
99.1,right,0.83,-12.379699935879291,-20.367659491869354,-23.171,-20.378,12.148370614359173,real,182
99.1,right,0.87,-6.2480507740556765,-21.60744316505906,-23.171,-20.378,12.148370614359173,real,185
99.1,right,0.9,0.1007581311412693,-21.38771950840831,-23.171,-20.378,12.148370614359173,real,189
99.1,unknown,0.28,-10.49201635787123,-18.79558166004337,-23.171,-20.378,12.148370614359173,ghost,190
99.2,left,0.88,-21.008066463435302,-24.765267821492635,-22.829,-20.529,12.156570614359172,real,181
99.2,left,0.85,-15.135512366594645,-26.945573621072143,-22.829,-20.529,12.156570614359172,real,184
99.2,left,0.87,-7.5513593882146,-27.868733737481584,-22.829,-20.529,12.156570614359172,real,187
99.2,right,0.99,-18.49906471329095,-18.484908658373655,-22.829,-20.529,12.156570614359172,real,180
99.2,right,0.95,-12.508562055655622,-19.828967402947004,-22.829,-20.529,12.156570614359172,real,182
99.2,right,0.86,-6.098810374930048,-21.01606992229219,-22.829,-20.529,12.156570614359172,real,185
99.2,right,0.77,0.1791989235356546,-21.462342538949525,-22.829,-20.529,12.156570614359172,real,189
99.3,left,0.94,-21.94312861407394,-24.483051482397247,-22.483,-20.677,12.164670614359173,real,181
99.3,left,0.99,-15.18384568061901,-27.070811947646085,-22.483,-20.677,12.164670614359173,real,184
99.3,left,0.91,-7.516553021244798,-27.567103470348563,-22.483,-20.677,12.164670614359173,real,187
99.3,right,0.95,-18.06809190560093,-18.857304553500903,-22.483,-20.677,12.164670614359173,real,180
99.3,right,0.87,-12.511292451238358,-20.219343401697188,-22.483,-20.677,12.164670614359173,real,182
99.3,right,0.95,-6.1537725915591714,-21.502143165411205,-22.483,-20.677,12.164670614359173,real,185
99.3,right,0.85,-0.24281412176072115,-21.472903324133128,-22.483,-20.677,12.164670614359173,real,189
99.4,left,0.81,-21.757447082287293,-24.774321132038143,-22.136,-20.823,12.172770614359173,real,181
99.4,left,0.88,-14.95250725188776,-26.8509094168558,-22.136,-20.823,12.172770614359173,real,184
99.4,left,0.72,-7.7349165040318635,-28.246698009897365,-22.136,-20.823,12.172770614359173,real,187
99.4,right,0.94,-18.329770838731772,-18.81738798071228,-22.136,-20.823,12.172770614359173,real,180
99.4,right,0.91,-12.58807901463117,-19.976011300457007,-22.136,-20.823,12.172770614359173,real,182
99.4,right,0.89,-6.700284882666228,-20.897537349789957,-22.136,-20.823,12.172770614359173,real,185
99.4,right,0.91,0.060628883397188194,-21.273176868283638,-22.136,-20.823,12.172770614359173,real,189
99.4,unknown,0.49,-8.95949856502089,-21.62361347352733,-22.136,-20.823,12.172770614359173,ghost,191
99.5,left,0.76,-21.8858639004156,-24.932623809868225,-21.786,-20.967,12.180770614359172,real,181
99.5,left,0.89,-15.067273683590123,-26.87372850952042,-21.786,-20.967,12.180770614359172,real,184
99.5,left,0.91,-7.866709474960986,-28.232759442725797,-21.786,-20.967,12.180770614359172,real,187
99.5,right,0.98,-18.213346799509768,-18.594525108873253,-21.786,-20.967,12.180770614359172,real,180
99.5,right,0.85,-12.499497911326127,-20.06668674504049,-21.786,-20.967,12.180770614359172,real,182
99.5,right,0.97,-6.375501728279234,-20.967131496275723,-21.786,-20.967,12.180770614359172,real,185
99.5,right,0.82,0.0674275519794274,-21.95926419384475,-21.786,-20.967,12.180770614359172,real,189
99.6,left,0.92,-21.786815469031033,-24.53605026419893,-21.433,-21.108,12.188770614359173,real,181
99.6,left,0.91,-14.537264092617459,-26.635815689369096,-21.433,-21.108,12.188770614359173,real,184
99.6,left,0.81,-7.9453338552466795,-27.94438427589286,-21.433,-21.108,12.188770614359173,real,187
99.6,right,0.96,-18.398620376557265,-18.396745253423145,-21.433,-21.108,12.188770614359173,real,180
99.6,right,0.84,-12.51462986095621,-20.193709530284774,-21.433,-21.108,12.188770614359173,real,182
99.6,right,0.9,-6.127919290300892,-20.918488866827694,-21.433,-21.108,12.188770614359173,real,185
99.6,right,0.82,0.019601583345354445,-21.638763889359844,-21.433,-21.108,12.188770614359173,real,189
99.7,left,0.89,-21.742421831454795,-24.89327860014649,-21.078,-21.247,12.196670614359173,real,181
99.7,left,0.83,-14.885048184716103,-27.05730324626623,-21.078,-21.247,12.196670614359173,real,184
99.7,left,0.87,-7.6523482397721425,-28.03692332895524,-21.078,-21.247,12.196670614359173,real,187
99.7,right,0.97,-18.153522958754447,-18.856184441403386,-21.078,-21.247,12.196670614359173,real,180
99.7,right,0.94,-12.553698003787789,-20.269061107546847,-21.078,-21.247,12.196670614359173,real,182
99.7,right,0.94,-6.421733742919786,-21.260762324364457,-21.078,-21.247,12.196670614359173,real,185
99.7,right,0.83,0.05056953455210911,-21.645426183371942,-21.078,-21.247,12.196670614359173,real,189
99.8,left,0.72,-21.62950878402223,-24.485193284746124,-20.721,-21.384,12.204570614359172,real,181
99.8,left,0.93,-15.074599406702541,-27.077158380021594,-20.721,-21.384,12.204570614359172,real,184
99.8,left,0.96,-7.622744382705861,-27.796364679587594,-20.721,-21.384,12.204570614359172,real,187
99.8,left,0.86,-0.11044294042544378,-28.42083328593348,-20.721,-21.384,12.204570614359172,real,192
99.8,right,0.85,-18.473940733253563,-18.223776170628263,-20.721,-21.384,12.204570614359172,real,180
99.8,right,0.82,-12.329382264443696,-19.92802445752104,-20.721,-21.384,12.204570614359172,real,182
99.8,right,0.97,-6.262952022112838,-21.188916251028136,-20.721,-21.384,12.204570614359172,real,185
99.8,right,0.94,0.17760931870068752,-21.50079702186576,-20.721,-21.384,12.204570614359172,real,189
99.9,left,0.84,-15.092971851953173,-26.67310975582498,-20.362,-21.519,12.212370614359173,real,184
99.9,left,0.8,-7.634919304781666,-27.79929322383922,-20.362,-21.519,12.212370614359173,real,187
99.9,left,0.94,-0.11618161633206689,-28.54491616627565,-20.362,-21.519,12.212370614359173,real,192
99.9,right,0.77,-18.228034665988776,-18.60932614314965,-20.362,-21.519,12.212370614359173,real,180
99.9,right,0.92,-12.416123412624902,-20.41073908387767,-20.362,-21.519,12.212370614359173,real,182
99.9,right,0.79,-6.623336236001444,-21.09846702888705,-20.362,-21.519,12.212370614359173,real,185
99.9,right,0.85,0.1839943140382485,-21.64301067497643,-20.362,-21.519,12.212370614359173,real,189
100.0,left,0.99,-14.673309432601108,-26.876176800758387,-20.0,-21.651,12.220070614359173,real,184
100.0,left,0.89,-7.756826593370905,-28.470409573798165,-20.0,-21.651,12.220070614359173,real,187
100.0,left,0.85,0.10549322334803707,-28.775125998738794,-20.0,-21.651,12.220070614359173,real,192
100.0,right,0.84,-18.038397920321408,-19.019593098549628,-20.0,-21.651,12.220070614359173,real,180
100.0,right,0.91,-12.346736048303084,-20.0219613615213,-20.0,-21.651,12.220070614359173,real,182
100.0,right,0.87,-6.381448289318019,-21.255954048899522,-20.0,-21.651,12.220070614359173,real,185
100.0,right,0.83,-0.1795881019041623,-21.383563671463698,-20.0,-21.651,12.220070614359173,real,189
100.1,left,0.76,-15.200089407835666,-26.705107229119413,-19.636,-21.78,12.227770614359173,real,184
100.1,left,0.83,-7.578684359803641,-27.97053604728026,-19.636,-21.78,12.227770614359173,real,187
100.1,left,0.93,-0.06728976432692321,-28.57594766844653,-19.636,-21.78,12.227770614359173,real,192
100.1,right,0.79,-18.39798065904003,-18.713091929742752,-19.636,-21.78,12.227770614359173,real,180
100.1,right,0.96,-12.76602528434455,-20.434586529629343,-19.636,-21.78,12.227770614359173,real,182
100.1,right,0.73,-6.054455177168899,-21.357341478933986,-19.636,-21.78,12.227770614359173,real,185
100.1,right,0.89,-0.023152736351082837,-21.58358662779928,-19.636,-21.78,12.227770614359173,real,189
100.2,left,0.91,-14.817098863312243,-27.012211150303727,-19.27,-21.908,12.235370614359173,real,184
100.2,left,0.83,-7.609822353482072,-27.852086326059176,-19.27,-21.908,12.235370614359173,real,187
100.2,left,0.95,0.2755078408199863,-28.961978540117947,-19.27,-21.908,12.235370614359173,real,192
100.2,right,0.83,-12.666364529843872,-20.313558537513572,-19.27,-21.908,12.235370614359173,real,182
100.2,right,0.96,-6.481278981505734,-21.23252630612067,-19.27,-21.908,12.235370614359173,real,185
100.2,right,0.87,-0.12704321350172787,-21.43772085921251,-19.27,-21.908,12.235370614359173,real,189
100.3,left,0.9,-14.741452965338572,-26.866769788929755,-18.902,-22.033,12.242970614359173,real,184
100.3,left,0.94,-7.595858247948943,-27.954996849250076,-18.902,-22.033,12.242970614359173,real,187
100.3,left,0.98,-0.11378018596984812,-28.64975858859041,-18.902,-22.033,12.242970614359173,real,192
100.3,right,0.98,-12.529103310158897,-19.954508291906777,-18.902,-22.033,12.242970614359173,real,182
100.3,right,0.89,-6.530966397716565,-21.344737977820863,-18.902,-22.033,12.242970614359173,real,185
100.3,right,0.9,-0.119564091591704,-21.420140026976263,-18.902,-22.033,12.242970614359173,real,189
100.4,left,0.87,-14.837177711620019,-26.610877944613218,-18.532,-22.155,12.250570614359173,real,184
100.4,left,0.82,-7.339271037892772,-28.42002070074841,-18.532,-22.155,12.250570614359173,real,187
100.4,left,0.96,0.13301182722489904,-28.31452291087181,-18.532,-22.155,12.250570614359173,real,192
100.4,right,0.83,-12.256558134482521,-20.100404567193213,-18.532,-22.155,12.250570614359173,real,182
100.4,right,0.98,-6.319752342359164,-21.136475504248462,-18.532,-22.155,12.250570614359173,real,185
100.4,right,0.89,-0.053575254345643586,-21.351225828239834,-18.532,-22.155,12.250570614359173,real,189
100.5,left,0.82,-15.117921135322682,-26.50765226318954,-18.16,-22.275,12.258070614359173,real,184
100.5,left,0.89,-7.742882894886575,-27.913828266435615,-18.16,-22.275,12.258070614359173,real,187
100.5,left,0.87,0.28865405814566875,-28.540456682706004,-18.16,-22.275,12.258070614359173,real,192
100.5,right,0.84,-12.345363894502203,-20.29608439779727,-18.16,-22.275,12.258070614359173,real,182
100.5,right,0.82,-6.313235267173507,-21.084649058025985,-18.16,-22.275,12.258070614359173,real,185
100.5,right,0.88,0.03055860127585741,-21.46136692941546,-18.16,-22.275,12.258070614359173,real,189
100.6,left,0.85,-15.051537392049767,-26.80184022969056,-17.785,-22.393,12.265570614359172,real,184
100.6,left,0.86,-7.543703100423862,-27.973920964745176,-17.785,-22.393,12.265570614359172,real,187
100.6,left,0.82,0.21013903017952973,-28.568981645415516,-17.785,-22.393,12.265570614359172,real,192
100.6,right,0.81,-12.565236257683774,-20.275456263875313,-17.785,-22.393,12.265570614359172,real,182
100.6,right,0.84,-6.248437463120774,-21.408917771385564,-17.785,-22.393,12.265570614359172,real,185
100.6,right,0.91,0.07126838404073732,-21.24708141776689,-17.785,-22.393,12.265570614359172,real,189
100.7,left,0.88,-14.869101482132452,-26.832357122039557,-17.409,-22.508,12.272970614359172,real,184
100.7,left,0.96,-7.435937699742862,-28.096096487641372,-17.409,-22.508,12.272970614359172,real,187
100.7,left,0.94,-0.024771626865244964,-28.160209202665506,-17.409,-22.508,12.272970614359172,real,192
100.7,right,0.89,-12.397332433726488,-20.376322443435186,-17.409,-22.508,12.272970614359172,real,182
100.7,right,0.87,-6.083187254447143,-21.436743423510272,-17.409,-22.508,12.272970614359172,real,185
100.7,right,0.85,-0.025681342326311363,-21.579736866091345,-17.409,-22.508,12.272970614359172,real,189
100.8,left,0.89,-14.728878090966584,-26.68452811186884,-17.031,-22.621,12.280370614359173,real,184
100.8,left,0.82,-7.413820138723529,-27.953787405837428,-17.031,-22.621,12.280370614359173,real,187
100.8,left,0.75,-0.04994273434263141,-28.216951942294102,-17.031,-22.621,12.280370614359173,real,192
100.8,right,0.85,-12.450652734538577,-20.383298293386698,-17.031,-22.621,12.280370614359173,real,182
100.8,right,0.9,-6.486247340929381,-20.967696531479127,-17.031,-22.621,12.280370614359173,real,185
100.8,right,0.92,0.2179211694347567,-21.152565632850575,-17.031,-22.621,12.280370614359173,real,189
100.9,left,0.95,-14.934693607141343,-26.54014640908334,-16.651,-22.731,12.287670614359172,real,184
100.9,left,0.84,-7.721792415967564,-28.355506815824622,-16.651,-22.731,12.287670614359172,real,187
100.9,left,0.8,0.09964448360838779,-28.727588562154313,-16.651,-22.731,12.287670614359172,real,192
100.9,right,0.99,-12.47443229959452,-20.374053618783478,-16.651,-22.731,12.287670614359172,real,182
100.9,right,0.76,-6.1208934534789705,-20.903375005939417,-16.651,-22.731,12.287670614359172,real,185
100.9,right,0.94,0.2572912700079266,-21.630093406063125,-16.651,-22.731,12.287670614359172,real,189
100.9,right,0.81,6.100767291429501,-21.237521136192836,-16.651,-22.731,12.287670614359172,real,193
101.0,left,0.94,-15.012765321711859,-26.926384424429184,-16.269,-22.839,12.294970614359173,real,184
101.0,left,0.9,-7.684705725516624,-27.937919670780463,-16.269,-22.839,12.294970614359173,real,187
101.0,left,0.94,0.08992907293499941,-28.392797402379927,-16.269,-22.839,12.294970614359173,real,192
101.0,right,0.89,-12.599992679227407,-20.393059223914623,-16.269,-22.839,12.294970614359173,real,182
101.0,right,0.79,-6.33247294184698,-20.993226985083776,-16.269,-22.839,12.294970614359173,real,185
101.0,right,0.77,0.12533990029837883,-21.360898436004952,-16.269,-22.839,12.294970614359173,real,189
101.0,right,0.9,6.3552318576372135,-21.245797611138663,-16.269,-22.839,12.294970614359173,real,193
101.1,left,0.93,-15.051687568066829,-26.554990274969143,-15.886,-22.944,12.302270614359173,real,184
101.1,left,0.96,-7.703248214071481,-27.97755453033774,-15.886,-22.944,12.302270614359173,real,187
101.1,left,0.83,0.07906402809543189,-28.58097574758072,-15.886,-22.944,12.302270614359173,real,192
101.1,right,0.9,-12.48241467082981,-20.447929707108102,-15.886,-22.944,12.302270614359173,real,182
101.1,right,0.97,-6.15146474013652,-20.88678045059001,-15.886,-22.944,12.302270614359173,real,185
101.1,right,0.89,-0.09945750244347695,-21.552688398365834,-15.886,-22.944,12.302270614359173,real,189
101.1,right,0.87,5.977325144280405,-21.341658389894263,-15.886,-22.944,12.302270614359173,real,193
101.2,left,0.82,-15.055614041782462,-26.70418571421013,-15.501,-23.047,12.309470614359173,real,184
101.2,left,0.99,-7.527151989759057,-28.241494769424317,-15.501,-23.047,12.309470614359173,real,187
101.2,left,0.85,-0.15928345845390635,-28.43799745491045,-15.501,-23.047,12.309470614359173,real,192
101.2,right,0.79,-12.300788551106368,-20.425075385833885,-15.501,-23.047,12.309470614359173,real,182
101.2,right,0.95,-6.46378244947296,-21.261615743195296,-15.501,-23.047,12.309470614359173,real,185
101.2,right,0.89,-0.07113370957393972,-21.69510863617909,-15.501,-23.047,12.309470614359173,real,189
101.2,right,0.72,6.285303930967401,-20.995205412933743,-15.501,-23.047,12.309470614359173,real,193
101.3,left,0.83,-15.028536350856639,-26.672455568387594,-15.114,-23.147,12.316670614359172,real,184
101.3,left,0.71,-7.898989243488302,-28.23677620170283,-15.114,-23.147,12.316670614359172,real,187
101.3,left,0.82,0.02200317044078204,-28.559156688826242,-15.114,-23.147,12.316670614359172,real,192
101.3,right,0.81,-12.372983800175376,-20.14834293519599,-15.114,-23.147,12.316670614359172,real,182
101.3,right,0.88,-6.381897501948455,-20.88775146043603,-15.114,-23.147,12.316670614359172,real,185
101.3,right,0.83,0.397470240595291,-21.312186392265783,-15.114,-23.147,12.316670614359172,real,189
101.3,right,0.79,6.232974233174966,-20.94585573208753,-15.114,-23.147,12.316670614359172,real,193
101.4,left,0.92,-14.834841160309256,-26.518501476484918,-14.725,-23.244,12.323770614359173,real,184
101.4,left,0.8,-7.803641390691225,-28.07826261195514,-14.725,-23.244,12.323770614359173,real,187
101.4,left,0.8,0.28615337796915713,-28.1785900805523,-14.725,-23.244,12.323770614359173,real,192
101.4,right,0.9,-12.459486501480058,-20.279425563757265,-14.725,-23.244,12.323770614359173,real,182
101.4,right,0.87,-6.424369862184846,-20.92719415677645,-14.725,-23.244,12.323770614359173,real,185
101.4,right,0.93,-0.15665401844428528,-21.271966693564885,-14.725,-23.244,12.323770614359173,real,189
101.4,right,0.9,6.428324184537419,-21.321302950575856,-14.725,-23.244,12.323770614359173,real,193
101.5,left,0.81,-14.59272585686455,-26.70268246831357,-14.335,-23.34,12.330870614359172,real,184
101.5,left,0.99,-7.403607406865907,-28.13978090331692,-14.335,-23.34,12.330870614359172,real,187
101.5,left,0.76,0.033460678805460276,-28.50926471769645,-14.335,-23.34,12.330870614359172,real,192
101.5,right,0.77,-12.42054046762838,-20.401592829624963,-14.335,-23.34,12.330870614359172,real,182
101.5,right,0.94,-6.561440440971293,-21.261425300299887,-14.335,-23.34,12.330870614359172,real,185
101.5,right,0.96,-0.13635564509554654,-21.62255320811971,-14.335,-23.34,12.330870614359172,real,189
101.5,right,0.85,6.556975197061506,-21.624352493847653,-14.335,-23.34,12.330870614359172,real,193
101.6,left,0.9,-7.450907328745549,-28.00982194365882,-13.943,-23.432,12.337970614359172,real,187
101.6,left,0.76,0.09954201852208344,-28.551456187725577,-13.943,-23.432,12.337970614359172,real,192
101.6,left,0.86,7.397431499840829,-28.183278080748515,-13.943,-23.432,12.337970614359172,real,194
101.6,right,0.99,-12.298751607708017,-20.24964360505533,-13.943,-23.432,12.337970614359172,real,182
101.6,right,0.87,-6.148816393823017,-21.22031649795863,-13.943,-23.432,12.337970614359172,real,185
101.6,right,0.87,-0.070916548960676,-21.211234877930366,-13.943,-23.432,12.337970614359172,real,189
101.6,right,0.9,6.024571387632712,-21.077908905800044,-13.943,-23.432,12.337970614359172,real,193
101.7,left,0.84,-7.7320041562899045,-28.300574511564307,-13.55,-23.522,12.345070614359173,real,187
101.7,left,0.83,-0.5670969249145414,-28.632349082297267,-13.55,-23.522,12.345070614359173,real,192
101.7,left,0.85,7.574941363239084,-27.905792467682566,-13.55,-23.522,12.345070614359173,real,194
101.7,right,0.84,-12.490364301872038,-20.251838354568253,-13.55,-23.522,12.345070614359173,real,182
101.7,right,0.85,-6.303009972027562,-21.142675824006314,-13.55,-23.522,12.345070614359173,real,185
101.7,right,0.83,0.15984821086914924,-21.45589955836411,-13.55,-23.522,12.345070614359173,real,189
101.7,right,0.89,6.123622689683127,-21.039789037171644,-13.55,-23.522,12.345070614359173,real,193
101.8,left,0.89,-7.3887133490520345,-28.177787394823632,-13.155,-23.609,12.352070614359173,real,187
101.8,left,0.9,-0.08816205951404321,-28.255117006391117,-13.155,-23.609,12.352070614359173,real,192
101.8,left,0.82,7.497680011883898,-28.164270609605037,-13.155,-23.609,12.352070614359173,real,194
101.8,right,0.97,-6.298513874171104,-20.855130902472695,-13.155,-23.609,12.352070614359173,real,185
101.8,right,0.8,0.21570688155420337,-21.291448385135933,-13.155,-23.609,12.352070614359173,real,189
101.8,right,0.97,6.5826264482409815,-21.205493563624582,-13.155,-23.609,12.352070614359173,real,193
101.9,left,0.85,-7.73855960315183,-28.130068879367034,-12.758,-23.694,12.359070614359172,real,187
101.9,left,0.95,-0.1341943119768878,-28.409162982446666,-12.758,-23.694,12.359070614359172,real,192
101.9,left,0.85,7.723294289238735,-28.101798570442707,-12.758,-23.694,12.359070614359172,real,194
101.9,right,0.87,-6.521807484257397,-21.31969001463668,-12.758,-23.694,12.359070614359172,real,185
101.9,right,0.94,-0.19015353428896586,-21.44555604599209,-12.758,-23.694,12.359070614359172,real,189
101.9,right,0.91,6.498240879908175,-21.21624150189062,-12.758,-23.694,12.359070614359172,real,193
102.0,left,0.88,-7.515107199786925,-28.39813251312022,-12.361,-23.776,12.365970614359172,real,187
102.0,left,0.9,-0.2223477422199227,-28.348852760005574,-12.361,-23.776,12.365970614359172,real,192
102.0,left,0.85,7.196891415585983,-28.239548966478132,-12.361,-23.776,12.365970614359172,real,194
102.0,right,0.97,-6.16528690148408,-21.300790675341123,-12.361,-23.776,12.365970614359172,real,185
102.0,right,0.93,-0.2852864128558148,-21.294138327532877,-12.361,-23.776,12.365970614359172,real,189
102.0,right,0.77,6.253066583072911,-21.22631428585239,-12.361,-23.776,12.365970614359172,real,193
102.1,left,0.93,-7.582418004223337,-28.440206751693136,-11.962,-23.856,12.372970614359172,real,187
102.1,left,0.87,-0.020370273101983694,-28.377436438308695,-11.962,-23.856,12.372970614359172,real,192
102.1,left,0.83,7.513983473665574,-28.54972578379964,-11.962,-23.856,12.372970614359172,real,194
102.1,right,0.83,-6.520751435952404,-20.901711072990665,-11.962,-23.856,12.372970614359172,real,185
102.1,right,0.79,0.05505198027372038,-21.337686337367913,-11.962,-23.856,12.372970614359172,real,189
102.1,right,0.86,6.073038203808676,-21.219112253591064,-11.962,-23.856,12.372970614359172,real,193
102.2,left,0.79,-8.038359804087412,-28.018007717268222,-11.561,-23.933,12.379870614359172,real,187
102.2,left,0.83,0.34846397795847683,-28.630723678305213,-11.561,-23.933,12.379870614359172,real,192
102.2,left,0.98,7.452406488105861,-28.378569335648017,-11.561,-23.933,12.379870614359172,real,194
102.2,right,0.84,-6.424405357278736,-21.12575126211317,-11.561,-23.933,12.379870614359172,real,185
102.2,right,0.75,-0.30240903379814865,-21.455616409241784,-11.561,-23.933,12.379870614359172,real,189
102.2,right,0.96,6.652839473308783,-20.966786986654725,-11.561,-23.933,12.379870614359172,real,193
102.3,left,0.91,-7.264509890007412,-28.20642160338182,-11.16,-24.007,12.386770614359172,real,187
102.3,left,0.83,0.10441980604076906,-28.607224715519497,-11.16,-24.007,12.386770614359172,real,192
102.3,left,0.96,7.6736089849852815,-27.938599877998996,-11.16,-24.007,12.386770614359172,real,194
102.3,right,0.79,-6.437356766491199,-21.097841034079863,-11.16,-24.007,12.386770614359172,real,185
102.3,right,0.83,0.016957062637197984,-21.598872964321764,-11.16,-24.007,12.386770614359172,real,189
102.3,right,0.99,6.519834422002289,-21.37898424460908,-11.16,-24.007,12.386770614359172,real,193
102.4,left,0.83,-7.67978898326453,-28.002532127876854,-10.757,-24.079,12.393570614359172,real,187
102.4,left,0.91,-0.140090059187778,-28.564283971911106,-10.757,-24.079,12.393570614359172,real,192
102.4,left,0.85,7.362938880718033,-27.79490647878052,-10.757,-24.079,12.393570614359172,real,194
102.4,right,0.9,-5.931765129044023,-21.180490307052526,-10.757,-24.079,12.393570614359172,real,185
102.4,right,0.97,-0.006687931805154812,-21.722325343535033,-10.757,-24.079,12.393570614359172,real,189
102.4,right,0.92,6.015082360566126,-21.186740106700896,-10.757,-24.079,12.393570614359172,real,193
102.5,left,0.86,-7.305714969484292,-27.669579609038376,-10.353,-24.148,12.400470614359172,real,187
102.5,left,0.99,-0.07598931629223787,-28.393435243524095,-10.353,-24.148,12.400470614359172,real,192
102.5,left,0.82,7.492817621211798,-28.121616291295194,-10.353,-24.148,12.400470614359172,real,194
102.5,right,0.86,-6.4150681528950075,-20.97575572069926,-10.353,-24.148,12.400470614359172,real,185
102.5,right,0.89,-0.013208875068181247,-21.418031411759248,-10.353,-24.148,12.400470614359172,real,189
102.5,right,0.88,6.18428893758404,-21.22179211352636,-10.353,-24.148,12.400470614359172,real,193
102.5,right,0.91,12.423891042994196,-20.126157335801068,-10.353,-24.148,12.400470614359172,real,195
102.6,left,0.93,-7.541383305176642,-28.063889850878756,-9.948,-24.215,12.407270614359172,real,187
102.6,left,0.92,0.002813991687599493,-28.436824357174785,-9.948,-24.215,12.407270614359172,real,192
102.6,left,0.92,7.628372758703957,-28.01865753546366,-9.948,-24.215,12.407270614359172,real,194
102.6,right,0.74,-6.416348915604182,-21.083974190766572,-9.948,-24.215,12.407270614359172,real,185
102.6,right,0.92,-0.03763818982959788,-21.613235446564,-9.948,-24.215,12.407270614359172,real,189
102.6,right,0.69,6.378180280453195,-21.210606142640216,-9.948,-24.215,12.407270614359172,real,193
102.6,right,0.81,12.223733426761612,-20.271858885023033,-9.948,-24.215,12.407270614359172,real,195
102.7,left,0.8,-7.862016450200106,-28.104008787169906,-9.541,-24.278,12.414070614359172,real,187
102.7,left,0.94,0.18261645639264235,-28.67407404498266,-9.541,-24.278,12.414070614359172,real,192
102.7,left,0.95,7.365504051500574,-28.267092723489213,-9.541,-24.278,12.414070614359172,real,194
102.7,right,0.86,-6.232626651343937,-20.981764907367456,-9.541,-24.278,12.414070614359172,real,185
102.7,right,0.92,0.22541438895167476,-21.474227009318035,-9.541,-24.278,12.414070614359172,real,189
102.7,right,0.9,6.212730959622708,-21.006156199965382,-9.541,-24.278,12.414070614359172,real,193
102.7,right,0.89,12.15779359670931,-20.154231766041278,-9.541,-24.278,12.414070614359172,real,195
102.8,left,0.99,-7.4019082261385405,-27.904023855028385,-9.134,-24.339,12.420770614359173,real,187
102.8,left,0.88,-0.2184685170250134,-28.735034050832844,-9.134,-24.339,12.420770614359173,real,192
102.8,left,0.97,7.732136990438007,-28.166541249912108,-9.134,-24.339,12.420770614359173,real,194
102.8,right,0.86,-6.291923474086039,-21.154652339827066,-9.134,-24.339,12.420770614359173,real,185
102.8,right,0.99,-0.2598619192205808,-21.42872057642903,-9.134,-24.339,12.420770614359173,real,189
102.8,right,0.91,6.078762801293841,-20.873492107703353,-9.134,-24.339,12.420770614359173,real,193
102.8,right,0.86,12.303698311392093,-19.894282786302757,-9.134,-24.339,12.420770614359173,real,195
102.9,left,0.97,-7.64676172946688,-28.157473600840504,-8.726,-24.398,12.427570614359173,real,187
102.9,left,0.88,0.2779820880090401,-28.2548359517631,-8.726,-24.398,12.427570614359173,real,192
102.9,left,0.9,7.309706245581138,-28.189075995733933,-8.726,-24.398,12.427570614359173,real,194
102.9,right,0.81,-6.270453817487997,-21.030348897888807,-8.726,-24.398,12.427570614359173,real,185
102.9,right,0.79,0.1592162940842603,-21.41461996934022,-8.726,-24.398,12.427570614359173,real,189
102.9,right,0.88,6.269083237131705,-21.18978683509157,-8.726,-24.398,12.427570614359173,real,193
102.9,right,0.85,12.480822053700518,-20.11285328341242,-8.726,-24.398,12.427570614359173,real,195
103.0,left,0.83,-7.452799565782851,-28.19932869189973,-8.316,-24.454,12.434270614359173,real,187
103.0,left,0.95,0.27140200327334457,-28.253200025554975,-8.316,-24.454,12.434270614359173,real,192
103.0,left,0.88,7.516480905300196,-27.94985088115964,-8.316,-24.454,12.434270614359173,real,194
103.0,right,0.88,-6.577555731888699,-21.004931063798384,-8.316,-24.454,12.434270614359173,real,185
103.0,right,0.88,-0.24722029768506237,-21.64128261008852,-8.316,-24.454,12.434270614359173,real,189
103.0,right,0.99,6.338209454051242,-21.14738688734301,-8.316,-24.454,12.434270614359173,real,193
103.0,right,0.99,12.181368712949933,-20.12814507347032,-8.316,-24.454,12.434270614359173,real,195
103.1,left,0.85,-7.502298512557767,-27.86082678578321,-7.906,-24.507,12.440970614359172,real,187
103.1,left,0.86,0.2518472246713788,-28.586347209900314,-7.906,-24.507,12.440970614359172,real,192
103.1,left,0.93,7.403748375958952,-27.940777754139347,-7.906,-24.507,12.440970614359172,real,194
103.1,right,0.91,-6.425108769850838,-21.026890639007547,-7.906,-24.507,12.440970614359172,real,185
103.1,right,0.9,0.14118600577346724,-21.604684650406906,-7.906,-24.507,12.440970614359172,real,189
103.1,right,0.89,6.603665649907618,-21.23102324063632,-7.906,-24.507,12.440970614359172,real,193
103.1,right,0.99,12.530934462882415,-20.145835045558453,-7.906,-24.507,12.440970614359172,real,195
103.2,left,0.85,-7.446208208812966,-27.96475693985248,-7.495,-24.557,12.447670614359172,real,187
103.2,left,0.78,0.14674389860810955,-28.433221767144616,-7.495,-24.557,12.447670614359172,real,192
103.2,left,0.79,7.525940688231429,-28.126921685504254,-7.495,-24.557,12.447670614359172,real,194
103.2,right,0.93,-6.210852961459681,-21.178296049753968,-7.495,-24.557,12.447670614359172,real,185
103.2,right,0.9,-0.355704093574434,-21.660061277745907,-7.495,-24.557,12.447670614359172,real,189
103.2,right,0.87,5.988423367518874,-21.11551030914721,-7.495,-24.557,12.447670614359172,real,193
103.2,right,0.95,12.359723817656915,-20.30933627454253,-7.495,-24.557,12.447670614359172,real,195
103.3,left,0.99,0.10867494087321766,-28.607864417491083,-7.083,-24.605,12.454370614359172,real,192
103.3,left,0.87,7.839343459843846,-28.10473794254022,-7.083,-24.605,12.454370614359172,real,194
103.3,right,0.83,-6.177601371530371,-21.091177106972335,-7.083,-24.605,12.454370614359172,real,185
103.3,right,0.81,-0.04939328688158168,-21.647588529613184,-7.083,-24.605,12.454370614359172,real,189
103.3,right,0.84,6.295377478169394,-21.047961196218136,-7.083,-24.605,12.454370614359172,real,193
103.3,right,0.8,12.576865375560686,-20.205741037989448,-7.083,-24.605,12.454370614359172,real,195
103.4,left,0.86,-0.3357408535241642,-28.368466961933944,-6.671,-24.65,12.461070614359173,real,192
103.4,left,0.91,7.568203302778941,-28.167099700339648,-6.671,-24.65,12.461070614359173,real,194
103.4,left,0.97,14.718467041948797,-26.36263704893543,-6.671,-24.65,12.461070614359173,real,196
103.4,right,0.81,-0.3397034300874593,-21.403471893882067,-6.671,-24.65,12.461070614359173,real,189
103.4,right,0.94,6.083544826399065,-21.406608060783146,-6.671,-24.65,12.461070614359173,real,193
103.4,right,0.89,12.25706193796213,-20.309401392357337,-6.671,-24.65,12.461070614359173,real,195
103.5,left,0.76,0.12567986609513665,-28.298500620677025,-6.257,-24.692,12.467670614359173,real,192
103.5,left,0.82,7.713354252954554,-28.108262877319987,-6.257,-24.692,12.467670614359173,real,194
103.5,left,0.99,14.864106593370247,-26.99246631609591,-6.257,-24.692,12.467670614359173,real,196
103.5,right,0.98,-0.08821577610208514,-21.660115074909967,-6.257,-24.692,12.467670614359173,real,189
103.5,right,0.86,6.304888826707358,-21.031028802975246,-6.257,-24.692,12.467670614359173,real,193
103.5,right,0.99,12.46169431462123,-20.32226989897925,-6.257,-24.692,12.467670614359173,real,195
103.6,left,0.67,0.08087044682711536,-28.837590204734063,-5.843,-24.732,12.474370614359172,real,192
103.6,left,0.97,7.3881651652842,-28.321731796244663,-5.843,-24.732,12.474370614359172,real,194
103.6,left,0.97,14.93001887901885,-26.874483524306893,-5.843,-24.732,12.474370614359172,real,196
103.6,right,0.76,0.09651030662886062,-21.28810012958426,-5.843,-24.732,12.474370614359172,real,189
103.6,right,0.98,6.204926852830972,-20.976966238655855,-5.843,-24.732,12.474370614359172,real,193
103.6,right,0.9,12.27042982973442,-20.26017433218967,-5.843,-24.732,12.474370614359172,real,195
103.7,left,0.82,-0.559585913574286,-28.395559175708954,-5.429,-24.769,12.480970614359173,real,192
103.7,left,0.9,7.567850425887544,-28.210123073519277,-5.429,-24.769,12.480970614359173,real,194
103.7,left,0.8,14.853433279462635,-26.967025537646617,-5.429,-24.769,12.480970614359173,real,196
103.7,right,0.84,0.05363458887952727,-21.478656862146163,-5.429,-24.769,12.480970614359173,real,189
103.7,right,0.86,6.172348773271755,-21.00483334044493,-5.429,-24.769,12.480970614359173,real,193
103.7,right,0.84,12.661900263387874,-19.96256923901399,-5.429,-24.769,12.480970614359173,real,195
103.8,left,0.87,-0.2241720948552588,-28.60175720399541,-5.013,-24.803,12.487570614359173,real,192
103.8,left,0.87,7.814269262110907,-28.252447097333818,-5.013,-24.803,12.487570614359173,real,194
103.8,left,0.81,14.592495082073887,-26.585847045255587,-5.013,-24.803,12.487570614359173,real,196
103.8,right,0.79,0.1398040940430289,-21.845443243416387,-5.013,-24.803,12.487570614359173,real,189
103.8,right,0.84,6.6056421414517255,-21.27665915021221,-5.013,-24.803,12.487570614359173,real,193
103.8,right,0.93,12.562940953908093,-20.084910494200408,-5.013,-24.803,12.487570614359173,real,195
103.9,left,0.81,0.3044152064801534,-28.457013797059723,-4.597,-24.834,12.494170614359172,real,192
103.9,left,0.91,7.605453376624594,-28.304293012312215,-4.597,-24.834,12.494170614359172,real,194
103.9,left,0.91,14.586391824984995,-26.69969855257994,-4.597,-24.834,12.494170614359172,real,196
103.9,right,0.85,0.226223423940711,-21.470170515208945,-4.597,-24.834,12.494170614359172,real,189
103.9,right,0.93,6.386900359128313,-20.976298365510768,-4.597,-24.834,12.494170614359172,real,193
103.9,right,0.8,12.75664402211588,-20.211802670408613,-4.597,-24.834,12.494170614359172,real,195
104.0,left,0.89,0.3883960319906187,-28.3019342684658,-4.181,-24.863,12.500770614359173,real,192
104.0,left,0.94,7.030102156194409,-27.868385240426438,-4.181,-24.863,12.500770614359173,real,194
104.0,left,0.9,14.780186200829776,-26.71795171297328,-4.181,-24.863,12.500770614359173,real,196
104.0,right,0.86,-0.1603787258724032,-21.232755301631503,-4.181,-24.863,12.500770614359173,real,189
104.0,right,0.89,6.404296131997506,-21.071742847297397,-4.181,-24.863,12.500770614359173,real,193
104.0,right,0.86,12.75536629984266,-20.211223397716335,-4.181,-24.863,12.500770614359173,real,195
104.0,right,0.93,18.417943165655768,-18.435602875544376,-4.181,-24.863,12.500770614359173,real,197
104.1,left,0.76,-0.05374771696485467,-28.41992169216941,-3.764,-24.889,12.507370614359173,real,192
104.1,left,0.95,7.803992988379527,-28.30005089683548,-3.764,-24.889,12.507370614359173,real,194
104.1,left,0.87,14.834129309941908,-26.639699337601908,-3.764,-24.889,12.507370614359173,real,196
104.1,right,0.83,0.08274643929926795,-21.106244412899716,-3.764,-24.889,12.507370614359173,real,189
104.1,right,0.93,6.443173487055962,-21.066222291952894,-3.764,-24.889,12.507370614359173,real,193
104.1,right,0.9,12.307416567824271,-20.234564856670193,-3.764,-24.889,12.507370614359173,real,195
104.1,right,0.92,18.022039733104254,-18.425384081057825,-3.764,-24.889,12.507370614359173,real,197
104.2,left,0.91,-0.015206856736143581,-28.55450565552065,-3.347,-24.912,12.513970614359172,real,192
104.2,left,0.97,7.204133138284472,-28.068959533822895,-3.347,-24.912,12.513970614359172,real,194
104.2,left,0.76,14.947522396714604,-26.927961377632947,-3.347,-24.912,12.513970614359172,real,196
104.2,right,0.91,-0.06400370374163328,-21.54232519094886,-3.347,-24.912,12.513970614359172,real,189
104.2,right,0.89,6.5816386966978,-21.24599077600246,-3.347,-24.912,12.513970614359172,real,193
104.2,right,0.88,12.272391125768966,-20.082452727195875,-3.347,-24.912,12.513970614359172,real,195
104.2,right,0.96,18.164943315952844,-18.48889391561748,-3.347,-24.912,12.513970614359172,real,197
104.3,left,0.87,0.26153894267275457,-28.329016957761443,-2.93,-24.933,12.520470614359173,real,192
104.3,left,0.8,8.02980560466593,-28.109223718180644,-2.93,-24.933,12.520470614359173,real,194
104.3,left,0.9,15.10341656893641,-27.146774796859383,-2.93,-24.933,12.520470614359173,real,196
104.3,right,0.83,0.2132192615542417,-21.5786902835614,-2.93,-24.933,12.520470614359173,real,189
104.3,right,0.94,6.17851802790444,-21.3821944103711,-2.93,-24.933,12.520470614359173,real,193
104.3,right,0.92,12.765400823447408,-20.141119054971583,-2.93,-24.933,12.520470614359173,real,195
104.3,right,0.91,18.216999071983548,-18.618656071330363,-2.93,-24.933,12.520470614359173,real,197
104.4,left,0.99,0.06262554081593275,-28.548934869418606,-2.512,-24.951,12.527070614359172,real,192
104.4,left,0.81,7.461395042941618,-28.4965912507546,-2.512,-24.951,12.527070614359172,real,194
104.4,left,0.9,15.260066480883427,-27.00384753429467,-2.512,-24.951,12.527070614359172,real,196
104.4,right,0.86,-0.2700096588860441,-21.686566923591215,-2.512,-24.951,12.527070614359172,real,189
104.4,right,0.95,6.132179400723921,-21.196729966012008,-2.512,-24.951,12.527070614359172,real,193
104.4,right,0.99,12.381881839162661,-20.10543741542216,-2.512,-24.951,12.527070614359172,real,195
104.4,right,0.91,18.54241427256691,-18.482230670434234,-2.512,-24.951,12.527070614359172,real,197
104.5,left,0.99,-0.21331371989767145,-28.34025865760097,-2.093,-24.966,12.533670614359172,real,192
104.5,left,0.83,7.293349449275961,-28.014508654420528,-2.093,-24.966,12.533670614359172,real,194
104.5,left,0.9,14.96982942119304,-26.90189001321593,-2.093,-24.966,12.533670614359172,real,196
104.5,right,0.8,0.007086870688848404,-21.72492793422295,-2.093,-24.966,12.533670614359172,real,189
104.5,right,0.88,6.331887230216294,-21.100378166693176,-2.093,-24.966,12.533670614359172,real,193
104.5,right,0.84,12.699263394576858,-20.1530478222341,-2.093,-24.966,12.533670614359172,real,195
104.5,right,0.89,18.503946008929116,-18.60600007034128,-2.093,-24.966,12.533670614359172,real,197
104.6,left,0.99,-0.038519848535964726,-28.760168916622348,-1.675,-24.978,12.540170614359173,real,192
104.6,left,0.88,7.556291358044315,-28.217944114162517,-1.675,-24.978,12.540170614359173,real,194
104.6,left,0.87,14.940842937600834,-26.80491227840322,-1.675,-24.978,12.540170614359173,real,196
104.6,right,0.99,0.21475472988614777,-21.271233746124135,-1.675,-24.978,12.540170614359173,real,189
104.6,right,0.87,6.671256348002069,-21.031292388149947,-1.675,-24.978,12.540170614359173,real,193
104.6,right,0.84,12.671813195900732,-20.096168056771248,-1.675,-24.978,12.540170614359173,real,195
104.6,right,0.84,18.221211635941835,-18.932146169661987,-1.675,-24.978,12.540170614359173,real,197
104.7,left,0.9,0.14269179919147845,-28.640114079663245,-1.256,-24.988,12.546770614359172,real,192
104.7,left,0.88,7.611057756962103,-28.18439714908805,-1.256,-24.988,12.546770614359172,real,194
104.7,left,0.85,14.813098895182469,-27.07933586418957,-1.256,-24.988,12.546770614359172,real,196
104.7,right,0.92,-0.055132938820615485,-21.281823627864643,-1.256,-24.988,12.546770614359172,real,189
104.7,right,0.9,6.303445677072619,-20.702332484269448,-1.256,-24.988,12.546770614359172,real,193
104.7,right,0.97,12.27425615143279,-20.209258170123107,-1.256,-24.988,12.546770614359172,real,195
104.7,right,0.96,18.092501604367826,-18.569973615995657,-1.256,-24.988,12.546770614359172,real,197
104.8,left,0.92,-0.2849480693043859,-28.3535329478738,-0.838,-24.995,12.553270614359173,real,192
104.8,left,0.87,7.432835227656942,-27.962599473808574,-0.838,-24.995,12.553270614359173,real,194
104.8,left,0.87,15.016970899021862,-26.62783428160052,-0.838,-24.995,12.553270614359173,real,196
104.8,right,0.97,0.26180623566774275,-21.658120732782447,-0.838,-24.995,12.553270614359173,real,189
104.8,right,0.9,6.19087837450385,-21.30975946559358,-0.838,-24.995,12.553270614359173,real,193
104.8,right,0.93,12.515864422984254,-20.05450670756903,-0.838,-24.995,12.553270614359173,real,195
104.8,right,0.84,17.97726953885462,-18.83794468270348,-0.838,-24.995,12.553270614359173,real,197
104.9,left,0.95,0.009350118001782964,-28.638861147957137,-0.419,-24.999,12.559870614359172,real,192
104.9,left,0.94,7.889870205086878,-27.9690700185382,-0.419,-24.999,12.559870614359172,real,194
104.9,left,0.92,15.116218651429383,-26.86201756628343,-0.419,-24.999,12.559870614359172,real,196
104.9,right,0.87,-0.13621319522732772,-21.955773813360818,-0.419,-24.999,12.559870614359172,real,189
104.9,right,0.98,6.342811005662228,-21.203871290232023,-0.419,-24.999,12.559870614359172,real,193
104.9,right,0.86,12.550707474596509,-20.009197095736607,-0.419,-24.999,12.559870614359172,real,195
104.9,right,0.85,18.340764300849436,-18.48079991281528,-0.419,-24.999,12.559870614359172,real,197
105.0,left,0.86,-0.11800000000000177,-28.628,0.0,-25.0,12.566370614359172,real,192
105.0,left,0.9,7.636999999999998,-28.179000000000002,0.0,-25.0,12.566370614359172,real,194
105.0,left,0.87,14.723999999999998,-26.900000000000006,0.0,-25.0,12.566370614359172,real,196
105.0,left,0.89,21.856,-24.36800000000001,0.0,-25.0,12.566370614359172,real,198
105.0,right,0.83,-0.2129999999999981,-21.134999999999998,0.0,-25.0,12.566370614359172,real,189
105.0,right,0.87,6.675000000000002,-20.711000000000006,0.0,-25.0,12.566370614359172,real,193
105.0,right,0.93,12.614000000000003,-20.28000000000001,0.0,-25.0,12.566370614359172,real,195
105.0,right,0.86,17.937000000000005,-18.712000000000007,0.0,-25.0,12.566370614359172,real,197
105.1,left,0.78,7.379939244535912,-28.19782178839019,0.419,-24.999,12.572870614359173,real,194
105.1,left,0.97,14.799149375295693,-26.667564935560762,0.419,-24.999,12.572870614359173,real,196
105.1,left,0.98,22.20229281635953,-24.81940579981689,0.419,-24.999,12.572870614359173,real,198
105.1,right,0.99,6.190021734958388,-21.137407047002768,0.419,-24.999,12.572870614359173,real,193
105.1,right,0.74,12.192264841966473,-20.078370369463258,0.419,-24.999,12.572870614359173,real,195
105.1,right,0.93,18.2969577487995,-18.626659477700517,0.419,-24.999,12.572870614359173,real,197
105.2,left,0.83,7.4424037266962015,-28.188758822265907,0.838,-24.995,12.579470614359172,real,194
105.2,left,0.88,15.24097432094918,-26.88348847231815,0.838,-24.995,12.579470614359172,real,196
105.2,left,0.82,21.923046559961815,-24.707769144689546,0.838,-24.995,12.579470614359172,real,198
105.2,right,0.94,6.365489646390389,-21.40828420291668,0.838,-24.995,12.579470614359172,real,193
105.2,right,0.95,12.34456126483033,-19.84782671180519,0.838,-24.995,12.579470614359172,real,195
105.2,right,0.8,18.05535465890894,-18.49690154357857,0.838,-24.995,12.579470614359172,real,197
105.3,left,0.97,7.566083726659809,-28.19594644009888,1.256,-24.988,12.585970614359173,real,194
105.3,left,0.85,14.764962104842649,-26.843597706919606,1.256,-24.988,12.585970614359173,real,196
105.3,left,0.98,21.394738809592155,-24.624236121877463,1.256,-24.988,12.585970614359173,real,198
105.3,right,0.79,6.277054983790744,-21.21686928763399,1.256,-24.988,12.585970614359173,real,193
105.3,right,0.85,12.550305578254731,-20.198725889552353,1.256,-24.988,12.585970614359173,real,195
105.3,right,0.89,18.05533375661311,-18.717549750303462,1.256,-24.988,12.585970614359173,real,197
105.4,left,0.99,7.3199598939316255,-27.918128023726766,1.675,-24.978,12.592570614359172,real,194
105.4,left,0.92,14.809186881622402,-26.68350900279595,1.675,-24.978,12.592570614359172,real,196
105.4,left,0.8,21.77510461372594,-24.642322301495582,1.675,-24.978,12.592570614359172,real,198
105.4,right,0.92,6.4573465330947695,-20.88231121331266,1.675,-24.978,12.592570614359172,real,193
105.4,right,0.97,12.459275271075288,-20.34289354192657,1.675,-24.978,12.592570614359172,real,195
105.4,right,0.82,17.817212587918192,-18.399864795669256,1.675,-24.978,12.592570614359172,real,197
105.5,left,0.94,7.5621720162464605,-27.634616581059674,2.093,-24.966,12.599070614359173,real,194
105.5,left,0.82,15.005619594811211,-26.700759983311094,2.093,-24.966,12.599070614359173,real,196
105.5,left,0.94,21.87058544855807,-24.752273948747426,2.093,-24.966,12.599070614359173,real,198
105.5,right,0.83,6.307638211975279,-21.460331769525556,2.093,-24.966,12.599070614359173,real,193
105.5,right,0.84,12.674511839849426,-20.37359113502223,2.093,-24.966,12.599070614359173,real,195
105.5,right,0.85,18.240415878459864,-18.71973435979047,2.093,-24.966,12.599070614359173,real,197
105.5,right,0.94,23.707628923912917,-16.495799442660932,2.093,-24.966,12.599070614359173,real,199
105.6,left,0.96,7.53654890121308,-27.94589855242518,2.512,-24.951,12.605670614359173,real,194
105.6,left,0.98,14.666817769862531,-27.049058622020382,2.512,-24.951,12.605670614359173,real,196
105.6,left,0.95,21.693590114139013,-24.767215634058413,2.512,-24.951,12.605670614359173,real,198
105.6,right,0.91,6.094191165773194,-21.042237989867317,2.512,-24.951,12.605670614359173,real,193
105.6,right,0.91,12.166676959425565,-20.069899938626833,2.512,-24.951,12.605670614359173,real,195
105.6,right,0.92,18.274480671277633,-18.646826216894162,2.512,-24.951,12.605670614359173,real,197
105.6,right,0.82,23.618902584891426,-16.210963657289305,2.512,-24.951,12.605670614359173,real,199
105.7,left,0.99,7.5958999561575204,-28.24539907002904,2.93,-24.933,12.612270614359172,real,194
105.7,left,0.95,14.890737018130041,-26.635988544627857,2.93,-24.933,12.612270614359172,real,196
105.7,left,0.83,21.506358319793843,-24.819525004401367,2.93,-24.933,12.612270614359172,real,198
105.7,right,0.82,6.189568038593045,-21.078378591640586,2.93,-24.933,12.612270614359172,real,193
105.7,right,0.86,12.663782562483563,-20.38959103466451,2.93,-24.933,12.612270614359172,real,195
105.7,right,0.89,18.453075784968604,-18.95544530145299,2.93,-24.933,12.612270614359172,real,197
105.7,right,0.87,23.426282767685162,-16.62279845568759,2.93,-24.933,12.612270614359172,real,199
105.8,left,0.93,7.500893590637154,-28.008685976598784,3.347,-24.912,12.618770614359173,real,194
105.8,left,0.95,14.701541654914228,-26.66770407723444,3.347,-24.912,12.618770614359173,real,196
105.8,left,0.91,21.960629993860326,-24.4935176805847,3.347,-24.912,12.618770614359173,real,198
105.8,right,0.87,6.656090075382397,-21.256665832922288,3.347,-24.912,12.618770614359173,real,193
105.8,right,0.84,12.722395291848372,-20.301626032349724,3.347,-24.912,12.618770614359173,real,195
105.8,right,0.83,18.26565322406997,-18.385662437480978,3.347,-24.912,12.618770614359173,real,197
105.8,right,0.79,23.377224678463172,-16.296070547509977,3.347,-24.912,12.618770614359173,real,199
105.9,left,0.86,7.7787164346036555,-28.293192407858772,3.764,-24.889,12.625370614359172,real,194
105.9,left,0.9,14.790118218126295,-27.05861149515377,3.764,-24.889,12.625370614359172,real,196
105.9,left,0.94,21.683126944381172,-24.582852076354335,3.764,-24.889,12.625370614359172,real,198
105.9,right,0.91,6.034791965645667,-21.08748637398745,3.764,-24.889,12.625370614359172,real,193
105.9,right,0.87,12.687008768198893,-20.1656292202871,3.764,-24.889,12.625370614359172,real,195
105.9,right,0.82,18.37045711892957,-18.39441837891987,3.764,-24.889,12.625370614359172,real,197
105.9,right,0.85,23.950352901839747,-16.27771243527508,3.764,-24.889,12.625370614359172,real,199
106.0,left,0.96,7.595795428549514,-28.119153740405594,4.181,-24.863,12.631970614359172,real,194
106.0,left,0.84,14.856027957520565,-26.52679899812276,4.181,-24.863,12.631970614359172,real,196
106.0,left,0.84,21.719094431775122,-24.63984601249668,4.181,-24.863,12.631970614359172,real,198
106.0,right,0.87,6.33582654398206,-21.006449654762648,4.181,-24.863,12.631970614359172,real,193
106.0,right,0.9,12.537705850054243,-20.0688814850205,4.181,-24.863,12.631970614359172,real,195
106.0,right,0.99,18.299984788478643,-18.55689489917043,4.181,-24.863,12.631970614359172,real,197
106.0,right,0.93,23.5195208081545,-16.57848348106085,4.181,-24.863,12.631970614359172,real,199
106.1,left,0.93,7.229562342508207,-28.087570579042,4.597,-24.834,12.638570614359173,real,194
106.1,left,0.88,14.835039968851344,-26.724380542695663,4.597,-24.834,12.638570614359173,real,196
106.1,left,0.92,21.947586430802993,-24.35412552971095,4.597,-24.834,12.638570614359173,real,198
106.1,right,0.86,6.079810906600869,-21.021100340257362,4.597,-24.834,12.638570614359173,real,193
106.1,right,0.95,12.693338252216538,-20.08257327682566,4.597,-24.834,12.638570614359173,real,195
106.1,right,0.85,18.51833499094884,-18.541358498231173,4.597,-24.834,12.638570614359173,real,197
106.1,right,0.96,23.47349811008163,-16.146667607367327,4.597,-24.834,12.638570614359173,real,199
106.2,left,0.81,7.6230675682793505,-28.359575922009302,5.013,-24.803,12.645170614359172,real,194
106.2,left,0.99,15.026589090344423,-27.032664443304228,5.013,-24.803,12.645170614359172,real,196
106.2,left,0.97,21.508832222790133,-24.87469572901285,5.013,-24.803,12.645170614359172,real,198
106.2,right,0.99,6.329505668171092,-21.327582064603828,5.013,-24.803,12.645170614359172,real,193
106.2,right,0.86,12.363078710921656,-19.96640450903156,5.013,-24.803,12.645170614359172,real,195
106.2,right,0.83,18.31603532231127,-18.676795039884908,5.013,-24.803,12.645170614359172,real,197
106.2,right,0.96,23.136843715051914,-16.578798033099307,5.013,-24.803,12.645170614359172,real,199
106.3,left,0.9,7.7342205622370805,-28.1316280138367,5.429,-24.769,12.651770614359172,real,194
106.3,left,0.85,15.333979851152227,-26.807571840350104,5.429,-24.769,12.651770614359172,real,196
106.3,left,0.92,21.71584613787253,-24.552002577741927,5.429,-24.769,12.651770614359172,real,198
106.3,right,0.84,6.177462369132619,-21.19011622401727,5.429,-24.769,12.651770614359172,real,193
106.3,right,0.95,12.663050181411283,-20.40405532992417,5.429,-24.769,12.651770614359172,real,195
106.3,right,0.81,18.042990685799147,-18.414917534484434,5.429,-24.769,12.651770614359172,real,197
106.3,right,0.88,23.461765559625047,-16.375283286195508,5.429,-24.769,12.651770614359172,real,199
106.4,left,0.89,7.544320118556813,-28.02060682572329,5.843,-24.732,12.658370614359173,real,194
106.4,left,0.82,14.95428273594624,-26.64503421444782,5.843,-24.732,12.658370614359173,real,196
106.4,left,0.78,21.673184325643376,-24.593089179130036,5.843,-24.732,12.658370614359173,real,198
106.4,right,0.92,6.158261575019372,-21.09565868773071,5.843,-24.732,12.658370614359173,real,193
106.4,right,0.78,12.387446545000188,-20.321106165454093,5.843,-24.732,12.658370614359173,real,195
106.4,right,0.76,17.882388400584425,-18.46744519220454,5.843,-24.732,12.658370614359173,real,197
106.4,right,0.86,23.45926214581008,-16.543961833864053,5.843,-24.732,12.658370614359173,real,199
106.4,unknown,0.28,19.60794833775507,-27.548320695328215,5.843,-24.732,12.658370614359173,ghost,200
106.5,left,0.96,7.668425141699578,-28.016096429013203,6.257,-24.692,12.665070614359172,real,194
106.5,left,0.87,15.171814005877103,-26.979669609147585,6.257,-24.692,12.665070614359172,real,196
106.5,left,0.84,21.63378545091544,-24.721919834812727,6.257,-24.692,12.665070614359172,real,198
106.5,left,0.9,28.441130270885964,-21.85215843322888,6.257,-24.692,12.665070614359172,real,201
106.5,right,0.99,6.557066324727149,-21.237619418656255,6.257,-24.692,12.665070614359172,real,193
106.5,right,0.89,12.812095968434479,-20.391130106058306,6.257,-24.692,12.665070614359172,real,195
106.5,right,0.82,18.100206888398006,-18.45662554463631,6.257,-24.692,12.665070614359172,real,197
106.5,right,0.87,23.074445793755167,-16.45773652509791,6.257,-24.692,12.665070614359172,real,199
106.6,left,0.84,7.782176401020813,-27.98970762280389,6.671,-24.65,12.671670614359172,real,194
106.6,left,0.84,15.06443701076461,-27.04708075506997,6.671,-24.65,12.671670614359172,real,196
106.6,left,0.96,21.66137669574434,-24.615236230282342,6.671,-24.65,12.671670614359172,real,198
106.6,left,0.95,27.9923749155262,-21.71273669692856,6.671,-24.65,12.671670614359172,real,201
106.6,right,0.91,6.494075285516971,-21.415681115689875,6.671,-24.65,12.671670614359172,real,193
106.6,right,0.76,12.493384116531601,-20.37938070069919,6.671,-24.65,12.671670614359172,real,195
106.6,right,0.82,18.00201949243049,-18.563333813805762,6.671,-24.65,12.671670614359172,real,197
106.6,right,0.96,23.51039617788695,-16.506983091988182,6.671,-24.65,12.671670614359172,real,199
106.7,left,0.93,7.538851839312622,-28.380707761545548,7.083,-24.605,12.678370614359173,real,194
106.7,left,0.79,14.842053921730868,-26.75628037216743,7.083,-24.605,12.678370614359173,real,196
106.7,left,0.8,21.964371495319472,-24.722504971354716,7.083,-24.605,12.678370614359173,real,198
106.7,left,0.87,27.823318482279632,-21.924140948574543,7.083,-24.605,12.678370614359173,real,201
106.7,right,0.84,12.411715305546734,-19.713785202791442,7.083,-24.605,12.678370614359173,real,195
106.7,right,0.89,18.18151018523573,-18.69956380372976,7.083,-24.605,12.678370614359173,real,197
106.7,right,0.95,23.344843486007733,-16.391014643512694,7.083,-24.605,12.678370614359173,real,199
106.7,right,0.86,28.03389323522998,-14.097568884546773,7.083,-24.605,12.678370614359173,real,202
106.8,left,0.89,15.075394256253915,-26.660117428902307,7.495,-24.557,12.685070614359173,real,196
106.8,left,0.91,21.357006320523798,-24.594706362305857,7.495,-24.557,12.685070614359173,real,198
106.8,left,0.83,27.801003685412706,-21.779791450393812,7.495,-24.557,12.685070614359173,real,201
106.8,right,0.99,12.436413307934618,-20.711773411076187,7.495,-24.557,12.685070614359173,real,195
106.8,right,0.72,18.216025201823815,-18.321524186410578,7.495,-24.557,12.685070614359173,real,197
106.8,right,0.84,23.459834774213473,-16.53900176901589,7.495,-24.557,12.685070614359173,real,199
106.8,right,0.94,27.991831620672215,-13.82924872054671,7.495,-24.557,12.685070614359173,real,202
106.9,left,0.93,14.922387247876845,-26.867988349787268,7.906,-24.507,12.691770614359173,real,196
106.9,left,0.8,21.79945031823565,-24.80566913921216,7.906,-24.507,12.691770614359173,real,198
106.9,left,0.87,27.998315220812476,-21.816898502378145,7.906,-24.507,12.691770614359173,real,201
106.9,right,0.85,12.516284640477192,-20.03023146301039,7.906,-24.507,12.691770614359173,real,195
106.9,right,0.86,18.071563331927436,-18.7322315938583,7.906,-24.507,12.691770614359173,real,197
106.9,right,0.78,23.302156257183167,-16.401733224353464,7.906,-24.507,12.691770614359173,real,199
106.9,right,0.88,27.870932189175257,-13.746459136194238,7.906,-24.507,12.691770614359173,real,202
107.0,left,0.94,15.271218655466125,-26.569315214017994,8.316,-24.454,12.698470614359172,real,196
107.0,left,0.97,21.723523662585293,-24.801036362958335,8.316,-24.454,12.698470614359172,real,198
107.0,left,0.96,28.109834159476605,-21.814838908452707,8.316,-24.454,12.698470614359172,real,201
107.0,right,0.86,12.473740471002479,-20.20635074708515,8.316,-24.454,12.698470614359172,real,195
107.0,right,0.93,17.901998630430445,-18.824320590176946,8.316,-24.454,12.698470614359172,real,197
107.0,right,0.88,23.30142861912578,-16.747030096004913,8.316,-24.454,12.698470614359172,real,199
107.0,right,0.93,27.949129264901526,-13.60548211654388,8.316,-24.454,12.698470614359172,real,202
107.1,left,0.89,14.964151465267184,-26.44460482174378,8.726,-24.398,12.705170614359172,real,196
107.1,left,0.9,21.787019707918397,-24.81293636785324,8.726,-24.398,12.705170614359172,real,198
107.1,left,0.9,28.19020392647712,-21.564787069683515,8.726,-24.398,12.705170614359172,real,201
107.1,right,0.81,12.424328850441219,-20.059595026510994,8.726,-24.398,12.705170614359172,real,195
107.1,right,0.89,18.08603852207833,-18.637594817618314,8.726,-24.398,12.705170614359172,real,197
107.1,right,0.99,23.39762262776362,-16.747534689413037,8.726,-24.398,12.705170614359172,real,199
107.1,right,0.84,28.3359411330353,-14.006937794484609,8.726,-24.398,12.705170614359172,real,202
107.2,left,0.94,14.795041278149665,-26.49042572427812,9.134,-24.339,12.711970614359172,real,196
107.2,left,0.82,21.961529577180926,-24.70982738106648,9.134,-24.339,12.711970614359172,real,198
107.2,left,0.92,27.651087486787958,-21.92084140167755,9.134,-24.339,12.711970614359172,real,201
107.2,right,0.9,12.64001966654767,-20.333947928206054,9.134,-24.339,12.711970614359172,real,195
107.2,right,0.89,18.235381379854747,-18.611917935070835,9.134,-24.339,12.711970614359172,real,197
107.2,right,0.99,23.487087208502594,-16.393495322188826,9.134,-24.339,12.711970614359172,real,199
107.2,right,0.75,28.123877084015,-13.751809941537747,9.134,-24.339,12.711970614359172,real,202
107.3,left,0.92,14.925966286375814,-26.635323078111245,9.541,-24.278,12.718670614359173,real,196
107.3,left,0.87,21.661800412647075,-24.88111139665445,9.541,-24.278,12.718670614359173,real,198
107.3,left,0.93,27.602641902478723,-21.7111215870975,9.541,-24.278,12.718670614359173,real,201
107.3,right,0.73,12.307342761399703,-20.457084831293493,9.541,-24.278,12.718670614359173,real,195
107.3,right,0.94,18.24821671822445,-18.71764910982475,9.541,-24.278,12.718670614359173,real,197
107.3,right,0.92,23.189595414843918,-16.392063898185476,9.541,-24.278,12.718670614359173,real,199
107.3,right,0.92,27.629640420088073,-13.85205497075896,9.541,-24.278,12.718670614359173,real,202
107.4,left,0.87,14.817323862758204,-26.650312119539,9.948,-24.215,12.725470614359173,real,196
107.4,left,0.84,21.763506061485092,-24.986821553864008,9.948,-24.215,12.725470614359173,real,198
107.4,left,0.79,27.81204799267435,-21.77498866489776,9.948,-24.215,12.725470614359173,real,201
107.4,right,0.77,12.500100295073207,-20.04196739961365,9.948,-24.215,12.725470614359173,real,195
107.4,right,0.88,18.357682349278956,-18.72025998938749,9.948,-24.215,12.725470614359173,real,197
107.4,right,0.99,23.449466931490914,-16.20480083282211,9.948,-24.215,12.725470614359173,real,199
107.4,right,0.75,27.942412555641937,-13.921143104872893,9.948,-24.215,12.725470614359173,real,202
107.5,left,0.94,14.746994511937094,-26.47127381706649,10.353,-24.148,12.732270614359173,real,196
107.5,left,0.85,21.74472064244245,-24.61011557488433,10.353,-24.148,12.732270614359173,real,198
107.5,left,0.94,28.005504980879017,-21.514709871654563,10.353,-24.148,12.732270614359173,real,201
107.5,right,0.86,12.630124776254169,-20.035491306590416,10.353,-24.148,12.732270614359173,real,195
107.5,right,0.94,18.115700436802662,-18.819913389549328,10.353,-24.148,12.732270614359173,real,197
107.5,right,0.97,23.54658064628828,-16.357245496751467,10.353,-24.148,12.732270614359173,real,199
107.5,right,0.82,28.18405513925087,-13.873308636217084,10.353,-24.148,12.732270614359173,real,202
107.6,left,0.89,15.065825377923042,-26.717428483504214,10.757,-24.079,12.739170614359173,real,196
107.6,left,0.88,21.731983682566963,-25.030111543084644,10.757,-24.079,12.739170614359173,real,198
107.6,left,0.77,28.00973432700308,-21.76305111415439,10.757,-24.079,12.739170614359173,real,201
107.6,right,0.92,12.311566239098395,-20.12075647436196,10.757,-24.079,12.739170614359173,real,195
107.6,right,0.86,18.6954241153294,-18.68878139913077,10.757,-24.079,12.739170614359173,real,197
107.6,right,0.96,23.3859589634558,-16.552468959783038,10.757,-24.079,12.739170614359173,real,199
107.6,right,0.89,27.732847809598688,-13.95944170206311,10.757,-24.079,12.739170614359173,real,202
107.6,left,0.48,23.759489182328455,-18.250532614534812,10.757,-24.079,12.739170614359173,ghost,203
107.7,left,0.88,14.955763874075686,-26.854745180359707,11.16,-24.007,12.745970614359173,real,196
107.7,left,0.84,22.01749066903288,-24.91303442090463,11.16,-24.007,12.745970614359173,real,198
107.7,left,0.86,27.819649851413477,-21.698860526679784,11.16,-24.007,12.745970614359173,real,201
107.7,right,0.94,12.696027347423492,-20.017438998089247,11.16,-24.007,12.745970614359173,real,195
107.7,right,0.91,18.500452315188017,-18.803026056132595,11.16,-24.007,12.745970614359173,real,197
107.7,right,0.94,23.615654445987055,-16.440262174347332,11.16,-24.007,12.745970614359173,real,199
107.7,right,0.88,27.948731792541533,-13.520250751633988,11.16,-24.007,12.745970614359173,real,202
107.8,left,0.82,15.078803517942461,-27.113885318453285,11.561,-23.933,12.752870614359173,real,196
107.8,left,0.81,21.777556453053396,-24.593085026017842,11.561,-23.933,12.752870614359173,real,198
107.8,left,0.98,27.962929930388942,-21.79466172961074,11.561,-23.933,12.752870614359173,real,201
107.8,right,0.99,12.725444889251188,-20.40185498741601,11.561,-23.933,12.752870614359173,real,195
107.8,right,0.92,18.184809049921064,-18.42631836128292,11.561,-23.933,12.752870614359173,real,197
107.8,right,0.99,23.47135787796731,-16.70523774472749,11.561,-23.933,12.752870614359173,real,199
107.8,right,0.83,27.742322938176578,-14.051290786992338,11.561,-23.933,12.752870614359173,real,202
107.9,left,0.75,14.865694988360232,-26.51244525909564,11.962,-23.856,12.759770614359173,real,196
107.9,left,0.74,21.678858056871487,-24.442385114589126,11.962,-23.856,12.759770614359173,real,198
107.9,left,0.88,27.770882961944757,-21.884836765883477,11.962,-23.856,12.759770614359173,real,201
107.9,right,0.92,12.618400589483048,-20.225150062846676,11.962,-23.856,12.759770614359173,real,195
107.9,right,0.62,18.331274326029757,-18.61411974957667,11.962,-23.856,12.759770614359173,real,197
107.9,right,0.76,23.41382439959995,-16.36534569475221,11.962,-23.856,12.759770614359173,real,199
107.9,right,0.94,27.570671357874183,-13.583551244134725,11.962,-23.856,12.759770614359173,real,202
107.9,right,0.88,31.715107029945067,-10.717572709660619,11.962,-23.856,12.759770614359173,real,204
108.0,left,0.92,14.638127100615169,-26.58696783468683,12.361,-23.776,12.766770614359173,real,196
108.0,left,0.93,21.93432885744379,-24.58348039433414,12.361,-23.776,12.766770614359173,real,198
108.0,left,0.86,27.922613993597814,-21.85789731394258,12.361,-23.776,12.766770614359173,real,201
108.0,left,0.83,33.53009620009857,-18.237203553932297,12.361,-23.776,12.766770614359173,real,205
108.0,right,0.9,12.58574886864198,-20.250709665000038,12.361,-23.776,12.766770614359173,real,195
108.0,right,0.84,18.140528800914954,-18.475439290094435,12.361,-23.776,12.766770614359173,real,197
108.0,right,0.91,23.51987507371997,-16.273553126538573,12.361,-23.776,12.766770614359173,real,199
108.0,right,0.76,28.1417061240209,-13.838798571665697,12.361,-23.776,12.766770614359173,real,202
108.0,right,0.95,31.435117802141928,-10.972851517301983,12.361,-23.776,12.766770614359173,real,204
108.1,left,0.88,14.7422448066993,-26.826675780716357,12.758,-23.694,12.773670614359173,real,196
108.1,left,0.89,21.762783215096807,-24.41304398273735,12.758,-23.694,12.773670614359173,real,198
108.1,left,0.99,27.88191043982567,-21.799662646693555,12.758,-23.694,12.773670614359173,real,201
108.1,left,0.9,33.33364385922649,-18.515277205886058,12.758,-23.694,12.773670614359173,real,205
108.1,right,0.99,12.527607035588716,-20.39273977366979,12.758,-23.694,12.773670614359173,real,195
108.1,right,0.96,18.148902519052523,-18.604487250229823,12.758,-23.694,12.773670614359173,real,197
108.1,right,0.9,23.34056067499653,-16.566311204884368,12.758,-23.694,12.773670614359173,real,199
108.1,right,0.88,28.06261648849253,-13.74808731487338,12.758,-23.694,12.773670614359173,real,202
108.1,right,0.94,31.52839782388133,-10.782267911189027,12.758,-23.694,12.773670614359173,real,204
108.2,left,0.75,14.748898622797704,-26.789795054737663,13.155,-23.609,12.780670614359172,real,196
108.2,left,0.99,21.89388449085758,-24.65754320628619,13.155,-23.609,12.780670614359172,real,198
108.2,left,0.94,28.023928804654236,-21.835350315839253,13.155,-23.609,12.780670614359172,real,201
108.2,left,0.83,33.648871928146114,-18.36167159473083,13.155,-23.609,12.780670614359172,real,205
108.2,right,0.9,12.713453726202973,-20.277698919626758,13.155,-23.609,12.780670614359172,real,195
108.2,right,0.85,18.22184705954216,-18.356314032306045,13.155,-23.609,12.780670614359172,real,197
108.2,right,0.94,23.72625611492041,-16.65173579970131,13.155,-23.609,12.780670614359172,real,199
108.2,right,0.91,27.65622000150143,-13.520346994367644,13.155,-23.609,12.780670614359172,real,202
108.2,right,0.89,32.17584150553175,-10.902302025252952,13.155,-23.609,12.780670614359172,real,204
108.3,left,0.99,14.891194391112897,-26.950214492304603,13.55,-23.522,12.787670614359172,real,196
108.3,left,0.82,21.55010464704351,-24.720213101394254,13.55,-23.522,12.787670614359172,real,198
108.3,left,0.92,27.931972194641826,-22.06976868490267,13.55,-23.522,12.787670614359172,real,201
108.3,left,0.87,33.51956541033642,-18.14867865075096,13.55,-23.522,12.787670614359172,real,205
108.3,right,0.87,18.1736811515378,-18.578554581173762,13.55,-23.522,12.787670614359172,real,197
108.3,right,0.84,23.248614307145417,-16.451749826121123,13.55,-23.522,12.787670614359172,real,199
108.3,right,0.83,28.084945324842693,-13.797453820160362,13.55,-23.522,12.787670614359172,real,202
108.3,right,0.95,31.627203600282115,-11.113480588162528,13.55,-23.522,12.787670614359172,real,204
108.4,left,0.92,14.595075035620095,-26.837806680937874,13.943,-23.432,12.794770614359173,real,196
108.4,left,0.79,21.701191369371852,-24.69828064669887,13.943,-23.432,12.794770614359173,real,198
108.4,left,0.99,27.79546563591592,-21.686194797301688,13.943,-23.432,12.794770614359173,real,201
108.4,left,0.98,32.95979332346928,-18.392349546600027,13.943,-23.432,12.794770614359173,real,205
108.4,right,0.82,18.46533925072614,-18.772035118014113,13.943,-23.432,12.794770614359173,real,197
108.4,right,0.94,23.533554201117628,-16.2130356618539,13.943,-23.432,12.794770614359173,real,199
108.4,right,0.87,28.408680543067995,-13.742040690183265,13.943,-23.432,12.794770614359173,real,202
108.4,right,0.96,31.677016236536986,-10.511118872064388,13.943,-23.432,12.794770614359173,real,204
108.5,left,0.82,21.36904213940245,-24.496679376971276,14.335,-23.34,12.801870614359173,real,198
108.5,left,0.87,28.050432512966516,-21.890787461322162,14.335,-23.34,12.801870614359173,real,201
108.5,left,0.84,33.60731178777188,-18.498572591176305,14.335,-23.34,12.801870614359173,real,205
108.5,right,0.86,18.255569899177075,-18.550002018198057,14.335,-23.34,12.801870614359173,real,197
108.5,right,0.85,23.48018534583115,-16.43455562686982,14.335,-23.34,12.801870614359173,real,199
108.5,right,0.77,27.81569482312163,-14.183829616817865,14.335,-23.34,12.801870614359173,real,202
108.5,right,0.86,31.49202127891308,-10.67313228004161,14.335,-23.34,12.801870614359173,real,204
108.6,left,0.81,21.879949761740857,-24.71939008637189,14.725,-23.244,12.808970614359172,real,198
108.6,left,0.98,28.05697860193793,-21.71450611067939,14.725,-23.244,12.808970614359172,real,201
108.6,left,0.89,33.290211335240826,-18.338479428455578,14.725,-23.244,12.808970614359172,real,205
108.6,right,0.89,18.457902695156783,-18.746554673095936,14.725,-23.244,12.808970614359172,real,197
108.6,right,0.9,23.80042363678507,-16.736267383113933,14.725,-23.244,12.808970614359172,real,199
108.6,right,0.74,28.10672487715869,-13.648351803445884,14.725,-23.244,12.808970614359172,real,202
108.6,right,0.86,31.89640870203214,-10.770699026008604,14.725,-23.244,12.808970614359172,real,204
108.7,left,0.89,21.53284321418005,-24.95901539501593,15.114,-23.147,12.816070614359173,real,198
108.7,left,0.85,27.93490296920453,-21.675137216231597,15.114,-23.147,12.816070614359173,real,201
108.7,left,0.99,33.370691645523195,-18.288861759862797,15.114,-23.147,12.816070614359173,real,205
108.7,right,0.79,18.435251624531492,-18.457848088774803,15.114,-23.147,12.816070614359173,real,197
108.7,right,0.87,23.48071289912327,-16.543682859074213,15.114,-23.147,12.816070614359173,real,199
108.7,right,0.92,27.96855097337494,-13.596269175978968,15.114,-23.147,12.816070614359173,real,202
108.7,right,0.88,31.626737515330284,-10.612753762199983,15.114,-23.147,12.816070614359173,real,204
108.8,left,0.88,22.074473315670605,-24.699003803920103,15.501,-23.047,12.823270614359172,real,198
108.8,left,0.99,28.051332846663882,-21.73821604611394,15.501,-23.047,12.823270614359172,real,201
108.8,left,0.87,33.472474817288756,-18.55120275239685,15.501,-23.047,12.823270614359172,real,205
108.8,right,0.85,18.285552395587565,-18.26971144306443,15.501,-23.047,12.823270614359172,real,197
108.8,right,0.87,23.329672798886907,-16.559973931918552,15.501,-23.047,12.823270614359172,real,199
108.8,right,0.99,27.882313600218453,-14.254564698387286,15.501,-23.047,12.823270614359172,real,202
108.8,right,0.82,31.411718400395333,-10.675339117833806,15.501,-23.047,12.823270614359172,real,204
108.9,left,0.88,21.81949237773563,-24.693786616520185,15.886,-22.944,12.830470614359172,real,198
108.9,left,0.95,28.04579674622102,-21.61160250278205,15.886,-22.944,12.830470614359172,real,201
108.9,left,0.81,33.52420539407148,-18.33801308332864,15.886,-22.944,12.830470614359172,real,205
108.9,right,0.96,18.15996132217481,-18.987213436985385,15.886,-22.944,12.830470614359172,real,197
108.9,right,0.8,23.332153817813566,-16.381723312640617,15.886,-22.944,12.830470614359172,real,199
108.9,right,0.9,28.064135931184182,-13.741957550543425,15.886,-22.944,12.830470614359172,real,202
108.9,right,0.89,31.831770122319618,-10.704123848415009,15.886,-22.944,12.830470614359172,real,204
108.9,right,0.91,34.270211546344974,-7.344092089398853,15.886,-22.944,12.830470614359172,real,206
109.0,left,0.85,21.61123350924741,-24.62834796299493,16.269,-22.839,12.837770614359172,real,198
109.0,left,0.74,28.05749238424231,-22.15261140258518,16.269,-22.839,12.837770614359172,real,201
109.0,left,0.9,33.31766792482647,-18.275547141802278,16.269,-22.839,12.837770614359172,real,205
109.0,right,0.95,18.324208146989054,-18.40369116379143,16.269,-22.839,12.837770614359172,real,197
109.0,right,0.94,23.351092149191995,-16.62393662217728,16.269,-22.839,12.837770614359172,real,199
109.0,right,0.86,28.33043787571717,-13.770630445873126,16.269,-22.839,12.837770614359172,real,202
109.0,right,0.93,31.758017622811497,-10.872688576665118,16.269,-22.839,12.837770614359172,real,204
109.0,right,0.97,34.3012704770838,-7.314655845051229,16.269,-22.839,12.837770614359172,real,206
109.0,left,0.54,23.633726279911386,-16.274372682171318,16.269,-22.839,12.837770614359172,ghost,207
109.1,left,0.97,21.90417055484757,-24.328460835727263,16.651,-22.731,12.845070614359173,real,198
109.1,left,0.76,28.22209387636532,-21.642730040688022,16.651,-22.731,12.845070614359173,real,201
109.1,left,0.92,33.43017542575162,-18.349897737800124,16.651,-22.731,12.845070614359173,real,205
109.1,right,0.83,18.22552071703136,-18.848010364211742,16.651,-22.731,12.845070614359173,real,197
109.1,right,0.98,23.384436723288704,-16.608341272497128,16.651,-22.731,12.845070614359173,real,199
109.1,right,0.99,27.68925668230464,-14.055557278411843,16.651,-22.731,12.845070614359173,real,202
109.1,right,0.85,31.475362485781428,-10.715080688929529,16.651,-22.731,12.845070614359173,real,204
109.1,right,0.83,34.495099010047774,-7.288099025130929,16.651,-22.731,12.845070614359173,real,206
109.2,left,0.87,21.61100362041727,-24.956782703284848,17.031,-22.621,12.852370614359172,real,198
109.2,left,0.99,27.67431312166969,-21.53627939353318,17.031,-22.621,12.852370614359172,real,201
109.2,left,0.93,33.40466261034554,-18.18867073396254,17.031,-22.621,12.852370614359172,real,205
109.2,right,0.89,18.237746928213515,-18.66068841487854,17.031,-22.621,12.852370614359172,real,197
109.2,right,0.81,23.462336338239464,-16.51039831895086,17.031,-22.621,12.852370614359172,real,199
109.2,right,0.83,27.86252298209992,-13.761365307291658,17.031,-22.621,12.852370614359172,real,202
109.2,right,0.88,31.398681958244385,-10.58367720185511,17.031,-22.621,12.852370614359172,real,204
109.2,right,0.83,34.27372145551105,-7.479487631426677,17.031,-22.621,12.852370614359172,real,206
109.3,left,0.9,21.852372796345406,-24.878227455899033,17.409,-22.508,12.859770614359173,real,198
109.3,left,0.84,27.87618220024527,-21.639694876861494,17.409,-22.508,12.859770614359173,real,201
109.3,left,0.86,33.31964158684511,-18.350854669974254,17.409,-22.508,12.859770614359173,real,205
109.3,left,0.86,37.190767029139934,-14.19363783535789,17.409,-22.508,12.859770614359173,real,208
109.3,right,0.87,18.30812931431926,-18.523699374277616,17.409,-22.508,12.859770614359173,real,197
109.3,right,0.83,23.29666657009884,-16.540209256404804,17.409,-22.508,12.859770614359173,real,199
109.3,right,0.99,27.978096383349097,-13.605905266765749,17.409,-22.508,12.859770614359173,real,202
109.3,right,0.93,31.724625852396542,-10.640660262122953,17.409,-22.508,12.859770614359173,real,204
109.3,right,0.96,34.23173961061937,-7.583956546790073,17.409,-22.508,12.859770614359173,real,206
109.4,left,0.92,21.805366567269413,-25.068980318459456,17.785,-22.393,12.867170614359173,real,198
109.4,left,0.83,27.781934376154307,-21.99834435407019,17.785,-22.393,12.867170614359173,real,201
109.4,left,0.82,33.55620829038211,-18.528730720901756,17.785,-22.393,12.867170614359173,real,205
109.4,left,0.9,38.01585489860148,-13.94667156264141,17.785,-22.393,12.867170614359173,real,208
109.4,right,0.91,18.205680439901563,-18.90578205907858,17.785,-22.393,12.867170614359173,real,197
109.4,right,0.89,23.610797092954005,-16.328615016200846,17.785,-22.393,12.867170614359173,real,199
109.4,right,0.87,28.12092057721199,-13.745346513558388,17.785,-22.393,12.867170614359173,real,202
109.4,right,0.95,31.61975666774314,-10.939722873153872,17.785,-22.393,12.867170614359173,real,204
109.4,right,0.77,34.31831772626074,-7.562545321787585,17.785,-22.393,12.867170614359173,real,206
109.5,left,0.84,21.86135096811481,-24.25837969406656,18.16,-22.275,12.874670614359172,real,198
109.5,left,0.9,28.279804186147587,-21.71694244559382,18.16,-22.275,12.874670614359172,real,201
109.5,left,0.84,33.37260739743487,-18.29840482680096,18.16,-22.275,12.874670614359172,real,205
109.5,left,0.8,37.7527222367935,-14.233656495842418,18.16,-22.275,12.874670614359172,real,208
109.5,right,0.72,18.407009008536214,-18.183118825075443,18.16,-22.275,12.874670614359172,real,197
109.5,right,0.85,23.12598571245468,-16.787388597604963,18.16,-22.275,12.874670614359172,real,199
109.5,right,0.96,27.906460821606206,-13.429482295936811,18.16,-22.275,12.874670614359172,real,202
109.5,right,0.9,31.31945344756661,-10.635093215092855,18.16,-22.275,12.874670614359172,real,204
109.5,right,0.97,34.320195691233266,-7.571084731574185,18.16,-22.275,12.874670614359172,real,206
109.6,left,0.91,21.91838636441666,-24.785341306920632,18.532,-22.155,12.882170614359172,real,198
109.6,left,0.88,28.183212891266777,-21.874693511587946,18.532,-22.155,12.882170614359172,real,201
109.6,left,0.9,33.32002857289947,-18.274269279232474,18.532,-22.155,12.882170614359172,real,205
109.6,left,0.86,37.63336711332761,-14.249619401832303,18.532,-22.155,12.882170614359172,real,208
109.6,right,0.98,18.458217922568707,-18.558038893030684,18.532,-22.155,12.882170614359172,real,197
109.6,right,0.77,23.176964167417246,-16.447115901368548,18.532,-22.155,12.882170614359172,real,199
109.6,right,0.83,27.97476502105587,-13.80539128119624,18.532,-22.155,12.882170614359172,real,202
109.6,right,0.8,31.547543032520924,-10.727564567297009,18.532,-22.155,12.882170614359172,real,204
109.6,right,0.9,34.11865877650325,-7.462575619222875,18.532,-22.155,12.882170614359172,real,206
109.7,left,0.95,21.90440919404664,-24.60941845038888,18.902,-22.033,12.889770614359172,real,198
109.7,left,0.81,28.124725913783752,-21.99090820481815,18.902,-22.033,12.889770614359172,real,201
109.7,left,0.98,33.44374103025524,-18.574459728586174,18.902,-22.033,12.889770614359172,real,205
109.7,left,0.9,37.919927528554226,-14.150633507717432,18.902,-22.033,12.889770614359172,real,208
109.7,right,0.84,18.248058950677354,-18.5935158665854,18.902,-22.033,12.889770614359172,real,197
109.7,right,0.92,23.502539255585134,-16.504383576533805,18.902,-22.033,12.889770614359172,real,199
109.7,right,0.87,27.924564482840715,-13.945444364767484,18.902,-22.033,12.889770614359172,real,202
109.7,right,0.92,31.507299301493777,-10.7987563886232,18.902,-22.033,12.889770614359172,real,204
109.7,right,0.94,34.397172862492496,-7.4571497688307655,18.902,-22.033,12.889770614359172,real,206
109.7,right,0.91,35.93197240134627,-3.7101601270604245,18.902,-22.033,12.889770614359172,real,209
109.8,left,0.75,21.50374638229695,-24.93116094503341,19.27,-21.908,12.897370614359172,real,198
109.8,left,0.93,27.788938350458654,-21.74033849253694,19.27,-21.908,12.897370614359172,real,201
109.8,left,0.95,33.23494713535732,-18.289105623719397,19.27,-21.908,12.897370614359172,real,205
109.8,left,0.79,37.505019196783714,-14.582158417428788,19.27,-21.908,12.897370614359172,real,208
109.8,right,0.93,17.98290740997655,-18.66103870292442,19.27,-21.908,12.897370614359172,real,197
109.8,right,0.88,23.41119776103187,-16.3028996347947,19.27,-21.908,12.897370614359172,real,199
109.8,right,0.91,28.024789590500742,-13.835603253923908,19.27,-21.908,12.897370614359172,real,202
109.8,right,0.94,31.678552598689976,-10.919900100311054,19.27,-21.908,12.897370614359172,real,204
109.8,right,0.85,34.555033083516186,-7.2562023752777876,19.27,-21.908,12.897370614359172,real,206
109.8,right,0.89,36.24236603382027,-3.65220507855042,19.27,-21.908,12.897370614359172,real,209
109.9,left,0.85,21.697890525905763,-24.883312336710578,19.636,-21.78,12.904970614359172,real,198
109.9,left,0.94,28.252410518400925,-21.979225446140457,19.636,-21.78,12.904970614359172,real,201
109.9,left,0.87,33.105730052622064,-18.42002406117394,19.636,-21.78,12.904970614359172,real,205
109.9,left,0.88,37.643475201828075,-13.907517999033164,19.636,-21.78,12.904970614359172,real,208
109.9,right,0.8,23.340494184535295,-16.918454069254906,19.636,-21.78,12.904970614359172,real,199
109.9,right,0.85,28.089891312150225,-13.798725247032849,19.636,-21.78,12.904970614359172,real,202
109.9,right,0.86,31.62702681336307,-10.867365077067419,19.636,-21.78,12.904970614359172,real,204
109.9,right,0.92,34.40505863476864,-7.370017625175048,19.636,-21.78,12.904970614359172,real,206
109.9,right,0.78,35.912661308212066,-3.630939372580402,19.636,-21.78,12.904970614359172,real,209
110.0,left,0.99,21.4025131615291,-24.97211740709925,20.0,-21.651,12.912670614359172,real,198
110.0,left,0.82,27.96302094742413,-21.634195509988615,20.0,-21.651,12.912670614359172,real,201
110.0,left,0.93,33.40043497997831,-18.380472313620658,20.0,-21.651,12.912670614359172,real,205
110.0,left,0.86,37.884432099355934,-14.069600031423798,20.0,-21.651,12.912670614359172,real,208
110.0,right,0.97,23.3884163243525,-16.87008546271098,20.0,-21.651,12.912670614359172,real,199
110.0,right,0.86,28.04696778464719,-14.077073774266724,20.0,-21.651,12.912670614359172,real,202
110.0,right,0.9,31.556407527300333,-10.695131478383097,20.0,-21.651,12.912670614359172,real,204
110.0,right,0.84,34.21959092490337,-7.283673111242798,20.0,-21.651,12.912670614359172,real,206
110.0,right,0.9,36.16024497383051,-3.7672226477238393,20.0,-21.651,12.912670614359172,real,209
110.1,left,0.84,21.569023844681183,-24.81388610400588,20.362,-21.519,12.920370614359172,real,198
110.1,left,0.87,27.98061601600833,-21.672505702243562,20.362,-21.519,12.920370614359172,real,201
110.1,left,0.99,33.0299958967561,-18.693401840358305,20.362,-21.519,12.920370614359172,real,205
110.1,left,0.99,37.80396923210994,-14.464257885214366,20.362,-21.519,12.920370614359172,real,208
110.1,right,0.85,23.66493095459789,-16.540320646079014,20.362,-21.519,12.920370614359172,real,199
110.1,right,0.94,27.686269335653826,-13.744984776269021,20.362,-21.519,12.920370614359172,real,202
110.1,right,0.95,31.879646954811946,-10.486279183070433,20.362,-21.519,12.920370614359172,real,204
110.1,right,0.95,33.97846263928017,-7.294829085915504,20.362,-21.519,12.920370614359172,real,206
110.1,right,0.83,36.11014810638017,-3.7884574471192636,20.362,-21.519,12.920370614359172,real,209
110.2,left,0.82,27.58582230244704,-22.071657440755015,20.721,-21.384,12.928170614359173,real,201
110.2,left,0.87,33.3738174435291,-18.340391000682637,20.721,-21.384,12.928170614359173,real,205
110.2,left,0.91,37.562258461925865,-14.433960041941472,20.721,-21.384,12.928170614359173,real,208
110.2,right,0.9,23.22977828790322,-16.551122544265645,20.721,-21.384,12.928170614359173,real,199
110.2,right,0.95,27.870497536075774,-13.774763442917127,20.721,-21.384,12.928170614359173,real,202
110.2,right,0.94,31.477543972437584,-10.934119676808898,20.721,-21.384,12.928170614359173,real,204
110.2,right,0.94,34.347917231744276,-7.432432318940251,20.721,-21.384,12.928170614359173,real,206
110.2,right,0.82,36.05804191577897,-3.385100164909005,20.721,-21.384,12.928170614359173,real,209
110.3,left,0.88,28.259275142808484,-21.709389795822695,21.078,-21.247,12.936070614359172,real,201
110.3,left,0.83,33.060950075070664,-18.593875898423903,21.078,-21.247,12.936070614359172,real,205
110.3,left,0.92,37.9885255445089,-14.585547319952502,21.078,-21.247,12.936070614359172,real,208
110.3,right,0.79,23.515782554292933,-16.53690847031769,21.078,-21.247,12.936070614359172,real,199
110.3,right,0.91,28.258460948259582,-13.65660385944718,21.078,-21.247,12.936070614359172,real,202
110.3,right,0.76,31.59436174117325,-10.57501889390786,21.078,-21.247,12.936070614359172,real,204
110.3,right,0.94,34.125313367397716,-7.021398083282204,21.078,-21.247,12.936070614359172,real,206
110.3,right,0.87,35.93854252028108,-3.5335606387997522,21.078,-21.247,12.936070614359172,real,209
110.4,left,0.77,27.99470224360004,-22.085634219089208,21.433,-21.108,12.943970614359172,real,201
110.4,left,0.99,33.14950970347683,-18.547877860661085,21.433,-21.108,12.943970614359172,real,205
110.4,left,0.88,37.759750794451115,-14.407440434121199,21.433,-21.108,12.943970614359172,real,208
110.4,right,0.88,23.507376493815247,-16.39196223913477,21.433,-21.108,12.943970614359172,real,199
110.4,right,0.82,28.35483794380348,-13.88299761386044,21.433,-21.108,12.943970614359172,real,202
110.4,right,0.81,31.377561397889778,-11.02092075952605,21.433,-21.108,12.943970614359172,real,204
110.4,right,0.76,34.2959123370425,-7.651590144114975,21.433,-21.108,12.943970614359172,real,206
110.4,right,0.99,35.960446016963814,-4.153456266115505,21.433,-21.108,12.943970614359172,real,209
110.5,left,0.87,27.866834983631513,-22.09255182103853,21.786,-20.967,12.951970614359173,real,201
110.5,left,0.8,33.14939045165569,-18.44918061743494,21.786,-20.967,12.951970614359173,real,205
110.5,left,0.87,38.032024399924055,-14.418809700606403,21.786,-20.967,12.951970614359173,real,208
110.5,left,0.83,41.10548914252847,-9.712243704472115,21.786,-20.967,12.951970614359173,real,210
110.5,right,0.81,23.400868327911056,-16.636659334011956,21.786,-20.967,12.951970614359173,real,199
110.5,right,0.96,28.108355809995647,-14.094433811754572,21.786,-20.967,12.951970614359173,real,202
110.5,right,0.86,31.581486364987008,-10.781907714048263,21.786,-20.967,12.951970614359173,real,204
110.5,right,0.83,34.52834674258909,-7.395926185020243,21.786,-20.967,12.951970614359173,real,206
110.5,right,0.88,35.851799744311094,-3.929635927088425,21.786,-20.967,12.951970614359173,real,209
110.6,left,0.86,27.8176230744009,-22.111537636406204,22.136,-20.823,12.959970614359172,real,201
110.6,left,0.82,33.00464183277954,-18.417790297966814,22.136,-20.823,12.959970614359172,real,205
110.6,left,0.88,37.66661000354172,-14.50787894669549,22.136,-20.823,12.959970614359172,real,208
110.6,left,0.99,41.19836537352445,-9.678082262921095,22.136,-20.823,12.959970614359172,real,210
110.6,right,0.92,23.605551468841345,-16.356901089269712,22.136,-20.823,12.959970614359172,real,199
110.6,right,0.91,27.965143127501506,-13.989938358312436,22.136,-20.823,12.959970614359172,real,202
110.6,right,0.85,31.693220044930595,-10.892299822631994,22.136,-20.823,12.959970614359172,real,204
110.6,right,0.9,34.24512725809623,-7.548952461768462,22.136,-20.823,12.959970614359172,real,206
110.6,right,0.99,35.75758739708099,-3.9345206491619233,22.136,-20.823,12.959970614359172,real,209
110.7,left,0.97,28.073841342880975,-21.937403934749824,22.483,-20.677,12.968070614359172,real,201
110.7,left,0.71,32.96637576831362,-18.512905154496504,22.483,-20.677,12.968070614359172,real,205
110.7,left,0.77,37.72179238062989,-14.481723833431117,22.483,-20.677,12.968070614359172,real,208
110.7,left,0.78,40.94400244971573,-9.936045966414824,22.483,-20.677,12.968070614359172,real,210
110.7,right,0.87,23.217027919008597,-16.39190338333942,22.483,-20.677,12.968070614359172,real,199
110.7,right,0.89,28.132270685964556,-13.9160395862199,22.483,-20.677,12.968070614359172,real,202
110.7,right,0.88,31.30844847875551,-11.080489793220028,22.483,-20.677,12.968070614359172,real,204
110.7,right,0.82,34.51527668597227,-7.281243703612389,22.483,-20.677,12.968070614359172,real,206
110.7,right,0.88,36.03496451011941,-3.556578629120599,22.483,-20.677,12.968070614359172,real,209
110.8,left,0.87,28.23532853382741,-21.62252173472847,22.829,-20.529,12.976170614359173,real,201
110.8,left,0.92,33.370125378709126,-18.572113506016642,22.829,-20.529,12.976170614359173,real,205
110.8,left,0.81,37.9111153238599,-14.498579006587487,22.829,-20.529,12.976170614359173,real,208
110.8,left,0.81,40.83324477390009,-9.549549962703441,22.829,-20.529,12.976170614359173,real,210
110.8,right,0.98,23.602398484329655,-16.541712728629072,22.829,-20.529,12.976170614359173,real,199
110.8,right,0.88,28.087262074694795,-14.008040181551,22.829,-20.529,12.976170614359173,real,202
110.8,right,0.92,31.509687636435757,-10.720228101406816,22.829,-20.529,12.976170614359173,real,204
110.8,right,0.88,34.601625639761615,-7.3819088560994786,22.829,-20.529,12.976170614359173,real,206
110.8,right,0.8,35.908205661622524,-3.6231067002958603,22.829,-20.529,12.976170614359173,real,209
110.9,left,0.84,27.955226077593682,-22.11551829874467,23.171,-20.378,12.984370614359172,real,201
110.9,left,0.99,33.411955519350364,-18.24522737951576,23.171,-20.378,12.984370614359172,real,205
110.9,left,0.98,37.92695629718812,-13.900355462401922,23.171,-20.378,12.984370614359172,real,208
110.9,left,0.91,40.98232782496169,-9.863516745377105,23.171,-20.378,12.984370614359172,real,210
110.9,right,0.78,23.60318614599311,-16.512775538831978,23.171,-20.378,12.984370614359172,real,199
110.9,right,0.83,28.065299687544613,-13.923526855854096,23.171,-20.378,12.984370614359172,real,202
110.9,right,0.84,31.666729048849867,-10.771177167839074,23.171,-20.378,12.984370614359172,real,204
110.9,right,0.85,34.43107179977004,-7.323173955045453,23.171,-20.378,12.984370614359172,real,206
110.9,right,0.92,36.04146122669036,-3.930349778395085,23.171,-20.378,12.984370614359172,real,209
111.0,left,0.85,27.797874698409434,-22.064283371353373,23.511,-20.225,12.992570614359172,real,201
111.0,left,0.94,33.67373239469246,-18.724343052570482,23.511,-20.225,12.992570614359172,real,205
111.0,left,0.91,37.77286861999838,-14.2625681583849,23.511,-20.225,12.992570614359172,real,208
111.0,left,0.93,40.897773038600135,-9.740127072577014,23.511,-20.225,12.992570614359172,real,210
111.0,right,0.94,23.59803008309842,-16.432781155492755,23.511,-20.225,12.992570614359172,real,199
111.0,right,0.96,27.910867367913966,-13.876081025500026,23.511,-20.225,12.992570614359172,real,202
111.0,right,0.95,31.313035072018963,-10.673045135419347,23.511,-20.225,12.992570614359172,real,204
111.0,right,0.84,34.34169905644892,-7.094861312665564,23.511,-20.225,12.992570614359172,real,206
111.0,right,0.83,36.045776725402256,-3.7172194876381432,23.511,-20.225,12.992570614359172,real,209
111.0,unknown,0.37,30.69284304843079,-8.699932910056175,23.511,-20.225,12.992570614359172,ghost,211
111.1,left,0.86,27.67677588903761,-21.863004390207205,23.849,-20.07,13.000970614359172,real,201
111.1,left,0.82,33.420499032897034,-17.829679651645534,23.849,-20.07,13.000970614359172,real,205
111.1,left,0.83,37.52851565401395,-14.443196602724843,23.849,-20.07,13.000970614359172,real,208
111.1,left,0.86,40.75255953319145,-9.606052603923683,23.849,-20.07,13.000970614359172,real,210
111.1,right,0.88,23.287722100380986,-16.397967167984568,23.849,-20.07,13.000970614359172,real,199
111.1,right,0.85,27.656358527696444,-13.696423763570632,23.849,-20.07,13.000970614359172,real,202
111.1,right,0.93,31.678838580313062,-10.574554575679922,23.849,-20.07,13.000970614359172,real,204
111.1,right,0.8,34.328392470258834,-7.539856207757131,23.849,-20.07,13.000970614359172,real,206
111.1,right,0.85,36.076737634104774,-4.017253308187481,23.849,-20.07,13.000970614359172,real,209
111.2,left,0.93,28.046459118145165,-21.93005690565668,24.184,-19.913,13.009370614359172,real,201
111.2,left,0.87,33.34854289422423,-18.04642089909799,24.184,-19.913,13.009370614359172,real,205
111.2,left,0.89,37.60494328859497,-14.373344302728043,24.184,-19.913,13.009370614359172,real,208
111.2,left,0.87,40.9558445070238,-10.014183715604394,24.184,-19.913,13.009370614359172,real,210
111.2,right,0.81,23.605996054495066,-16.581136941742542,24.184,-19.913,13.009370614359172,real,199
111.2,right,0.84,28.109899567737134,-13.702671700784139,24.184,-19.913,13.009370614359172,real,202
111.2,right,0.84,31.980761638419633,-10.677388436401843,24.184,-19.913,13.009370614359172,real,204
111.2,right,0.84,34.275875063264294,-7.407987976516606,24.184,-19.913,13.009370614359172,real,206
111.2,right,0.87,35.829227601929745,-3.862935947191561,24.184,-19.913,13.009370614359172,real,209
111.3,left,0.86,27.98783718946284,-21.81047769982141,24.516,-19.754,13.017770614359172,real,201
111.3,left,0.99,33.23623572809697,-18.710487735375864,24.516,-19.754,13.017770614359172,real,205
111.3,left,0.85,37.596930602556846,-13.997138479076327,24.516,-19.754,13.017770614359172,real,208
111.3,left,0.84,40.878835976729825,-9.687857551244573,24.516,-19.754,13.017770614359172,real,210
111.3,right,0.9,23.41343628523681,-16.512265702608,24.516,-19.754,13.017770614359172,real,199
111.3,right,0.9,27.756845004109433,-13.830995723508305,24.516,-19.754,13.017770614359172,real,202
111.3,right,0.9,31.665340687498112,-10.690442986658937,24.516,-19.754,13.017770614359172,real,204
111.3,right,0.88,34.24908797891822,-7.623113866059181,24.516,-19.754,13.017770614359172,real,206
111.3,right,0.83,35.74119548178723,-4.073699097413229,24.516,-19.754,13.017770614359172,real,209
111.4,left,0.99,28.002194981889023,-21.92890805045867,24.846,-19.592,13.026270614359172,real,201
111.4,left,0.86,33.21771543537035,-18.44719404736797,24.846,-19.592,13.026270614359172,real,205
111.4,left,0.84,37.785887701202185,-14.309670373757765,24.846,-19.592,13.026270614359172,real,208
111.4,left,0.87,40.86882822090434,-9.701475200810055,24.846,-19.592,13.026270614359172,real,210
111.4,right,0.94,23.620877051662685,-16.303048987677485,24.846,-19.592,13.026270614359172,real,199
111.4,right,0.82,27.883493179969584,-13.984105102479338,24.846,-19.592,13.026270614359172,real,202
111.4,right,0.93,31.490487853855775,-10.591620110241841,24.846,-19.592,13.026270614359172,real,204
111.4,right,0.85,34.429982525066826,-7.505213125101708,24.846,-19.592,13.026270614359172,real,206
111.4,right,0.92,35.66229833818132,-3.9821857711420527,24.846,-19.592,13.026270614359172,real,209
111.5,left,0.9,27.583875754352523,-21.90070772889416,25.173,-19.429,13.034870614359173,real,201
111.5,left,0.94,33.35044570954215,-18.05660732022839,25.173,-19.429,13.034870614359173,real,205
111.5,left,0.88,37.40729680751185,-14.304433127989704,25.173,-19.429,13.034870614359173,real,208
111.5,left,0.86,41.04751645205909,-9.666998391041666,25.173,-19.429,13.034870614359173,real,210
111.5,right,0.95,27.9586128221241,-13.875782985942488,25.173,-19.429,13.034870614359173,real,202
111.5,right,0.83,31.398171949918265,-10.741977311302168,25.173,-19.429,13.034870614359173,real,204
111.5,right,0.95,34.54622357258033,-7.255836037478819,25.173,-19.429,13.034870614359173,real,206
111.5,right,0.88,36.10914951841074,-3.8243444539469404,25.173,-19.429,13.034870614359173,real,209
111.6,left,0.83,27.899874312467674,-21.787388250345614,25.497,-19.263,13.043570614359172,real,201
111.6,left,0.99,33.35247884380621,-18.067467844634425,25.497,-19.263,13.043570614359172,real,205
111.6,left,0.95,37.32620372667391,-14.328679865184656,25.497,-19.263,13.043570614359172,real,208
111.6,left,0.88,40.67850776744009,-9.784310644020652,25.497,-19.263,13.043570614359172,real,210
111.6,left,0.85,42.97221957601637,-4.749338237025979,25.497,-19.263,13.043570614359172,real,212
111.6,right,0.86,27.63450080950316,-13.85623985279786,25.497,-19.263,13.043570614359172,real,202
111.6,right,0.95,31.527867888912215,-10.887371754519695,25.497,-19.263,13.043570614359172,real,204
111.6,right,0.84,34.33410116863175,-7.4010047658344,25.497,-19.263,13.043570614359172,real,206
111.6,right,0.83,36.05405278264595,-3.8560106268477172,25.497,-19.263,13.043570614359172,real,209
111.7,left,0.93,28.1862592732459,-21.834043083758413,25.818,-19.095,13.052270614359173,real,201
111.7,left,0.84,33.469475887982725,-18.21033128481954,25.818,-19.095,13.052270614359173,real,205
111.7,left,0.79,37.74346231866806,-14.322346075187486,25.818,-19.095,13.052270614359173,real,208
111.7,left,0.77,41.06219425632702,-9.74124409793765,25.818,-19.095,13.052270614359173,real,210
111.7,left,0.93,42.741147508319074,-4.7833094495557935,25.818,-19.095,13.052270614359173,real,212
111.7,right,0.88,36.62192893492388,-0.22885612879211692,25.818,-19.095,13.052270614359173,real,213
111.7,right,0.8,28.007325558242645,-13.814368730916204,25.818,-19.095,13.052270614359173,real,202
111.7,right,0.88,31.78646395258774,-10.685323190118378,25.818,-19.095,13.052270614359173,real,204
111.7,right,0.95,34.24975160694634,-7.081876099916481,25.818,-19.095,13.052270614359173,real,206
111.7,right,0.95,35.9412610333049,-3.813653362626357,25.818,-19.095,13.052270614359173,real,209
111.8,left,0.94,28.182943766981026,-21.959448566436986,26.137,-18.925,13.061070614359172,real,201
111.8,left,0.91,33.47246995593717,-18.20049635919265,26.137,-18.925,13.061070614359172,real,205
111.8,left,0.87,37.666517231712554,-13.946263473164764,26.137,-18.925,13.061070614359172,real,208
111.8,left,0.99,41.23574601070853,-9.930231859346607,26.137,-18.925,13.061070614359172,real,210
111.8,left,0.95,42.84029070938804,-5.092450000897483,26.137,-18.925,13.061070614359172,real,212
111.8,right,0.93,36.162208671594826,0.056288999722330146,26.137,-18.925,13.061070614359172,real,213
111.8,right,0.88,28.17643828534231,-13.741269347248064,26.137,-18.925,13.061070614359172,real,202
111.8,right,0.94,31.825594050016484,-11.073991482992962,26.137,-18.925,13.061070614359172,real,204
111.8,right,0.77,34.30217256161803,-7.345145163301914,26.137,-18.925,13.061070614359172,real,206
111.8,right,0.96,36.06335953229607,-4.006754914347501,26.137,-18.925,13.061070614359172,real,209
111.9,left,0.81,33.321269884478056,-18.113639965119127,26.452,-18.753,13.069970614359173,real,205
111.9,left,0.92,37.314554818612216,-14.084317015191042,26.452,-18.753,13.069970614359173,real,208
111.9,left,0.8,40.9599817587508,-9.649525427741658,26.452,-18.753,13.069970614359173,real,210
111.9,left,0.93,42.994818798212435,-5.018628838220897,26.452,-18.753,13.069970614359173,real,212
111.9,right,0.85,36.23047838514035,0.069740328425695,26.452,-18.753,13.069970614359173,real,213
111.9,right,0.89,27.829894444863786,-13.83327400165278,26.452,-18.753,13.069970614359173,real,202
111.9,right,0.96,31.683593054102584,-10.723470305412299,26.452,-18.753,13.069970614359173,real,204
111.9,right,0.88,34.07647668811363,-7.167200923871855,26.452,-18.753,13.069970614359173,real,206
111.9,right,0.82,36.00225096939746,-3.670780122888976,26.452,-18.753,13.069970614359173,real,209
112.0,left,0.88,33.24456061155278,-18.299167405019016,26.765,-18.579,13.078970614359172,real,205
112.0,left,0.77,37.53713034982264,-14.186279120359467,26.765,-18.579,13.078970614359172,real,208
112.0,left,0.86,40.857961958942695,-9.623099809410892,26.765,-18.579,13.078970614359172,real,210
112.0,left,0.99,42.84811573800092,-5.060636446741524,26.765,-18.579,13.078970614359172,real,212
112.0,right,0.99,36.64344124222538,0.29002140080138616,26.765,-18.579,13.078970614359172,real,213
112.0,right,0.9,27.591149857301197,-13.946401980175573,26.765,-18.579,13.078970614359172,real,202
112.0,right,0.8,31.516212041481534,-10.987012372449435,26.765,-18.579,13.078970614359172,real,204
112.0,right,0.85,34.26599647125928,-7.70909144757161,26.765,-18.579,13.078970614359172,real,206
112.0,right,0.84,36.105448716464906,-3.7902638885167343,26.765,-18.579,13.078970614359172,real,209
112.1,left,0.88,33.593144950668574,-18.190029714172677,27.075,-18.402,13.087970614359172,real,205
112.1,left,0.94,37.98606893733367,-14.185691585669737,27.075,-18.402,13.087970614359172,real,208
112.1,left,0.87,40.89445915537901,-9.996462976536758,27.075,-18.402,13.087970614359172,real,210
112.1,left,0.93,42.57085692776926,-5.018169342295707,27.075,-18.402,13.087970614359172,real,212
112.1,right,0.89,36.41270829325869,0.007754094772906228,27.075,-18.402,13.087970614359172,real,213
112.1,right,0.99,27.91080269987425,-13.975988833398304,27.075,-18.402,13.087970614359172,real,202
112.1,right,0.99,31.850807583168855,-11.005850533652879,27.075,-18.402,13.087970614359172,real,204
112.1,right,0.95,34.44479394542289,-7.180692268634277,27.075,-18.402,13.087970614359172,real,206
112.1,right,0.89,36.10791591762029,-3.919325177122772,27.075,-18.402,13.087970614359172,real,209
112.2,left,0.76,33.48820412669136,-18.218693100960415,27.382,-18.224,13.097070614359172,real,205
112.2,left,0.8,37.84167359923777,-14.466079538174275,27.382,-18.224,13.097070614359172,real,208
112.2,left,0.73,40.947262573495685,-9.725120761411114,27.382,-18.224,13.097070614359172,real,210
112.2,left,0.82,42.85027045523144,-4.964069301696401,27.382,-18.224,13.097070614359172,real,212
112.2,right,0.75,36.45651691755487,0.013458367684089367,27.382,-18.224,13.097070614359172,real,213
112.2,right,0.94,27.72655414318037,-13.883599161089238,27.382,-18.224,13.097070614359172,real,202
112.2,right,0.99,31.696386971834347,-10.799048413809953,27.382,-18.224,13.097070614359172,real,204
112.2,right,0.87,34.24100737811544,-7.396049003299008,27.382,-18.224,13.097070614359172,real,206
112.2,right,0.88,36.21926598746909,-3.715535061671,27.382,-18.224,13.097070614359172,real,209
112.3,left,0.88,33.1621942570722,-18.23515035655072,27.686,-18.044,13.106270614359172,real,205
112.3,left,0.92,37.76263283721937,-14.295987771648502,27.686,-18.044,13.106270614359172,real,208
112.3,left,0.81,40.67693035527918,-9.632568106185143,27.686,-18.044,13.106270614359172,real,210
112.3,left,0.94,42.725692004166454,-4.935256565947609,27.686,-18.044,13.106270614359172,real,212
112.3,right,0.79,36.45282492643201,0.08879544662902816,27.686,-18.044,13.106270614359172,real,213
112.3,right,0.9,27.997805140389524,-13.712621633425837,27.686,-18.044,13.106270614359172,real,202
112.3,right,0.86,31.621192070671135,-10.810175052786594,27.686,-18.044,13.106270614359172,real,204
112.3,right,0.85,34.17020172382983,-7.459215967971652,27.686,-18.044,13.106270614359172,real,206
112.3,right,0.81,35.8112554095737,-3.8596267135557474,27.686,-18.044,13.106270614359172,real,209
112.4,left,0.88,33.32507107643853,-18.1322409718942,27.987,-17.862,13.115570614359173,real,205
112.4,left,0.89,37.632786909468756,-14.149968090503382,27.987,-17.862,13.115570614359173,real,208
112.4,left,0.92,41.25901226961729,-9.726565142837902,27.987,-17.862,13.115570614359173,real,210
112.4,left,0.78,42.74273118022245,-4.63183804569986,27.987,-17.862,13.115570614359173,real,212
112.4,right,0.79,36.652893486416204,-0.09686121410561022,27.987,-17.862,13.115570614359173,real,213
112.4,right,0.89,27.98314356768023,-13.828917664127129,27.987,-17.862,13.115570614359173,real,202
112.4,right,0.99,31.18138350570095,-10.76364927476067,27.987,-17.862,13.115570614359173,real,204
112.4,right,0.96,34.20083433031866,-7.220422254413906,27.987,-17.862,13.115570614359173,real,206
112.4,right,0.88,35.8981636925883,-3.7371688849362608,27.987,-17.862,13.115570614359173,real,209
112.5,left,0.92,33.06967871575211,-18.097331884784875,28.284,-17.678,13.124970614359173,real,205
112.5,left,0.83,37.423935354391794,-14.222612653038881,28.284,-17.678,13.124970614359173,real,208
112.5,left,0.87,41.140179026152495,-9.99311256767436,28.284,-17.678,13.124970614359173,real,210
112.5,left,0.93,42.60806051048245,-4.764354020183256,28.284,-17.678,13.124970614359173,real,212
112.5,right,0.88,36.16878188887702,0.34790534660705497,28.284,-17.678,13.124970614359173,real,213
112.5,right,0.94,28.222305393388655,-13.69060601701875,28.284,-17.678,13.124970614359173,real,202
112.5,right,0.88,31.702382378102126,-10.688901637758928,28.284,-17.678,13.124970614359173,real,204
112.5,right,0.95,34.345908602651356,-7.054379096885022,28.284,-17.678,13.124970614359173,real,206
112.5,right,0.99,36.21701457742295,-3.719836484895482,28.284,-17.678,13.124970614359173,real,209
112.6,left,0.91,43.569987184344924,-0.16824402045542897,28.579,-17.492,13.134470614359172,real,214
112.6,left,0.9,33.1343085560422,-18.437636800917122,28.579,-17.492,13.134470614359172,real,205
112.6,left,0.98,37.429429969421044,-14.156222076280592,28.579,-17.492,13.134470614359172,real,208
112.6,left,0.95,40.8504605058429,-9.553649853178689,28.579,-17.492,13.134470614359172,real,210
112.6,left,0.84,42.67948060371927,-4.824793175125915,28.579,-17.492,13.134470614359172,real,212
112.6,right,0.8,36.438291083148954,-0.23239789942029532,28.579,-17.492,13.134470614359172,real,213
112.6,right,0.89,27.9968802311071,-13.9723486572298,28.579,-17.492,13.134470614359172,real,202
112.6,right,0.82,31.487741551826108,-10.683569668074714,28.579,-17.492,13.134470614359172,real,204
112.6,right,0.9,34.265312175896995,-7.217755704761273,28.579,-17.492,13.134470614359172,real,206
112.6,right,0.99,36.011882544876855,-3.4953477547641763,28.579,-17.492,13.134470614359172,real,209
112.7,left,0.83,43.516099418627775,-0.04282701495430441,28.87,-17.304,13.143970614359173,real,214
112.7,left,0.82,33.66584188400777,-18.11137514427731,28.87,-17.304,13.143970614359173,real,205
112.7,left,0.92,37.45021396026612,-14.698380419928016,28.87,-17.304,13.143970614359173,real,208
112.7,left,0.97,40.38393161710578,-9.496684474378416,28.87,-17.304,13.143970614359173,real,210
112.7,left,0.99,42.825042019221684,-4.962196961474498,28.87,-17.304,13.143970614359173,real,212
112.7,right,0.91,36.46702796139323,-0.027187615945774013,28.87,-17.304,13.143970614359173,real,213
112.7,right,0.87,27.981238245300865,-13.632702743799664,28.87,-17.304,13.143970614359173,real,202
112.7,right,0.77,31.424481720385838,-10.590047427914417,28.87,-17.304,13.143970614359173,real,204
112.7,right,0.91,34.453250573592555,-7.316195685112846,28.87,-17.304,13.143970614359173,real,206
112.7,right,0.77,36.44775280709628,-3.799707260484001,28.87,-17.304,13.143970614359173,real,209
112.8,left,0.99,43.493972717646685,0.32398174056634055,29.159,-17.114,13.153570614359172,real,214
112.8,left,0.95,33.38539161042175,-18.33495944050433,29.159,-17.114,13.153570614359172,real,205
112.8,left,0.83,37.66198998932188,-14.364518368584395,29.159,-17.114,13.153570614359172,real,208
112.8,left,0.86,40.852478189895905,-9.71147881985951,29.159,-17.114,13.153570614359172,real,210
112.8,left,0.91,42.97748114963209,-4.94109702999064,29.159,-17.114,13.153570614359172,real,212
112.8,right,0.86,36.54268689634031,0.2516254657530954,29.159,-17.114,13.153570614359172,real,213
112.8,right,0.95,28.04428680736988,-13.711682628240517,29.159,-17.114,13.153570614359172,real,202
112.8,right,0.98,31.648349653469,-11.075310878777271,29.159,-17.114,13.153570614359172,real,204
112.8,right,0.87,34.145796686236935,-7.388003145685462,29.159,-17.114,13.153570614359172,real,206
112.8,right,0.86,35.68579475933495,-3.745689741425142,29.159,-17.114,13.153570614359172,real,209
112.9,left,0.95,43.83568307592403,-0.14805573390200077,29.444,-16.922,13.163370614359172,real,214
112.9,left,0.85,33.39030039401356,-18.371207783655766,29.444,-16.922,13.163370614359172,real,205
112.9,left,0.8,37.636616134807056,-14.354252764055806,29.444,-16.922,13.163370614359172,real,208
112.9,left,0.76,41.092314572803524,-9.828796731164884,29.444,-16.922,13.163370614359172,real,210
112.9,left,0.9,42.759990299250184,-4.793274248698882,29.444,-16.922,13.163370614359172,real,212
112.9,right,0.85,36.62961736871505,0.2461396787893264,29.444,-16.922,13.163370614359172,real,213
112.9,right,0.87,28.28069076291568,-13.864018702000568,29.444,-16.922,13.163370614359172,real,202
112.9,right,0.82,31.4448353971248,-10.72050383265357,29.444,-16.922,13.163370614359172,real,204
112.9,right,0.96,34.344221788500754,-6.881530069588257,29.444,-16.922,13.163370614359172,real,206
112.9,right,0.86,35.92168998216903,-3.3800726447485685,29.444,-16.922,13.163370614359172,real,209
113.0,left,0.82,43.20611000326622,0.24620667659735052,29.726,-16.728,13.173170614359172,real,214
113.0,left,0.86,33.15970645277304,-18.472367219419358,29.726,-16.728,13.173170614359172,real,205
113.0,left,0.82,37.515999298516796,-13.987592014113998,29.726,-16.728,13.173170614359172,real,208
113.0,left,0.96,40.83242761702175,-9.921543169323957,29.726,-16.728,13.173170614359172,real,210
113.0,left,0.84,42.73981795481285,-5.007621710926282,29.726,-16.728,13.173170614359172,real,212
113.0,right,0.85,36.41448633677777,-0.060395627363327264,29.726,-16.728,13.173170614359172,real,213
113.0,right,0.99,27.839321589540777,-14.008340908219001,29.726,-16.728,13.173170614359172,real,202
113.0,right,0.92,31.561314216677207,-10.724700263516528,29.726,-16.728,13.173170614359172,real,204
113.0,right,0.77,34.434489181268056,-7.44231490788743,29.726,-16.728,13.173170614359172,real,206
113.0,right,0.76,35.70919275204018,-4.007174181998488,29.726,-16.728,13.173170614359172,real,209
113.1,left,0.98,43.478334825274075,0.16591316871868056,30.004,-16.533,13.183070614359172,real,214
113.1,left,0.82,33.444700449376654,-18.306840584060286,30.004,-16.533,13.183070614359172,real,205
113.1,left,0.9,37.81049112464276,-14.320603037230002,30.004,-16.533,13.183070614359172,real,208
113.1,left,0.88,41.188935633124494,-10.020594001994194,30.004,-16.533,13.183070614359172,real,210
113.1,left,0.99,42.490212044903274,-4.848207927835757,30.004,-16.533,13.183070614359172,real,212
113.1,right,0.9,36.59746235808324,-0.29686009137210423,30.004,-16.533,13.183070614359172,real,213
113.1,right,0.9,31.784105392888023,-10.836057154033316,30.004,-16.533,13.183070614359172,real,204
113.1,right,0.99,34.39217300982113,-7.256262284839706,30.004,-16.533,13.183070614359172,real,206
113.1,right,0.89,36.095940306634354,-3.906916826647951,30.004,-16.533,13.183070614359172,real,209
113.2,left,0.88,43.42840675477628,-0.01779434462987428,30.28,-16.336,13.193070614359172,real,214
113.2,left,0.84,33.21298771878966,-18.48037777488693,30.28,-16.336,13.193070614359172,real,205
113.2,left,0.8,37.56114390733308,-14.019598609759878,30.28,-16.336,13.193070614359172,real,208
113.2,left,0.71,41.1074015741552,-9.5579471710541,30.28,-16.336,13.193070614359172,real,210
113.2,left,0.84,42.90742200599353,-5.143365033981039,30.28,-16.336,13.193070614359172,real,212
113.2,right,0.98,36.57474029231859,0.16677548330161862,30.28,-16.336,13.193070614359172,real,213
113.2,right,0.78,31.94994537117297,-10.841480143151905,30.28,-16.336,13.193070614359172,real,204
113.2,right,0.86,34.35651897385315,-7.303812055995774,30.28,-16.336,13.193070614359172,real,206
113.2,right,0.82,35.79627743940995,-3.663686706387942,30.28,-16.336,13.193070614359172,real,209
113.3,left,0.84,43.478134063569314,0.345551267117826,30.552,-16.136,13.203170614359173,real,214
113.3,left,0.9,33.21117613479479,-18.08846313259376,30.552,-16.136,13.203170614359173,real,205
113.3,left,0.99,37.72917729771321,-14.49205777559244,30.552,-16.136,13.203170614359173,real,208
113.3,left,0.86,40.49982344169227,-9.868320224124583,30.552,-16.136,13.203170614359173,real,210
113.3,left,0.99,42.924397314570136,-4.896055796828101,30.552,-16.136,13.203170614359173,real,212
113.3,right,0.8,36.64533907165062,0.07073205670705462,30.552,-16.136,13.203170614359173,real,213
113.3,right,0.87,32.05071565589631,-10.78132275643328,30.552,-16.136,13.203170614359173,real,204
113.3,right,0.81,34.339729698361225,-7.4739873163246635,30.552,-16.136,13.203170614359173,real,206
113.3,right,0.84,35.76798470468539,-3.6502722855058183,30.552,-16.136,13.203170614359173,real,209
113.3,unknown,0.41,42.87963236452352,-5.338365755168769,30.552,-16.136,13.203170614359173,ghost,215
113.4,left,0.79,43.659511071926204,0.05981837406352941,30.821,-15.936,13.213370614359173,real,214
113.4,left,0.83,33.14869285324261,-18.30207015554554,30.821,-15.936,13.213370614359173,real,205
113.4,left,0.78,37.670604747142775,-14.382024515019882,30.821,-15.936,13.213370614359173,real,208
113.4,left,0.83,40.96304709193464,-9.529674939173,30.821,-15.936,13.213370614359173,real,210
113.4,left,0.86,43.19097629020471,-4.646849784869835,30.821,-15.936,13.213370614359173,real,212
113.4,right,0.81,36.567654426367596,0.34940656243834045,30.821,-15.936,13.213370614359173,real,213
113.4,right,0.91,31.319483252407252,-10.814424515144829,30.821,-15.936,13.213370614359173,real,204
113.4,right,0.86,34.54775280522994,-7.22750721831207,30.821,-15.936,13.213370614359173,real,206
113.4,right,0.83,35.9842317761051,-3.8750606242209047,30.821,-15.936,13.213370614359173,real,209
113.5,left,0.86,43.43070488001545,-0.0739713767001895,31.086,-15.733,13.223670614359172,real,214
113.5,left,0.94,42.855732872303754,4.761155218369269,31.086,-15.733,13.223670614359172,real,216
113.5,left,0.94,33.512505547403684,-18.187951695740495,31.086,-15.733,13.223670614359172,real,205
113.5,left,0.87,37.92625594581533,-14.341882608929776,31.086,-15.733,13.223670614359172,real,208
113.5,left,0.96,40.97902711362153,-9.709518072646906,31.086,-15.733,13.223670614359172,real,210
113.5,left,0.87,42.99804913870362,-4.7835897274277634,31.086,-15.733,13.223670614359172,real,212
113.5,right,0.96,36.423779269458535,0.19116912967639532,31.086,-15.733,13.223670614359172,real,213
113.5,right,0.86,31.394241062839804,-10.356434883945013,31.086,-15.733,13.223670614359172,real,204
113.5,right,0.96,34.153298253898164,-7.196263303718847,31.086,-15.733,13.223670614359172,real,206
113.5,right,0.88,35.88476874598938,-3.783246758927805,31.086,-15.733,13.223670614359172,real,209
113.6,left,0.95,43.50898043191093,-0.17225034603091594,31.348,-15.529,13.234070614359172,real,214
113.6,left,0.64,43.04361185637163,5.267882105380588,31.348,-15.529,13.234070614359172,real,216
113.6,left,0.9,37.360305956240765,-14.162923102987328,31.348,-15.529,13.234070614359172,real,208
113.6,left,0.9,41.03962141830091,-9.692787676555016,31.348,-15.529,13.234070614359172,real,210
113.6,left,0.84,42.95350063833804,-4.779639975629461,31.348,-15.529,13.234070614359172,real,212
113.6,right,0.83,36.462814775190466,-0.002693458665278925,31.348,-15.529,13.234070614359172,real,213
113.6,right,0.98,31.39825786286342,-10.720176012035749,31.348,-15.529,13.234070614359172,real,204
113.6,right,0.81,34.36924834448622,-7.212261309807835,31.348,-15.529,13.234070614359172,real,206
113.6,right,0.82,36.13424654721769,-3.702726961157768,31.348,-15.529,13.234070614359172,real,209
113.7,left,0.83,43.35729216248785,-0.35751659611852915,31.606,-15.323,13.244570614359173,real,214
113.7,left,0.84,43.111324286200606,4.877701623195233,31.606,-15.323,13.244570614359173,real,216
113.7,left,0.93,37.50092725060875,-14.227033891933527,31.606,-15.323,13.244570614359173,real,208
113.7,left,0.79,40.90101018629102,-9.938897230109154,31.606,-15.323,13.244570614359173,real,210
113.7,left,0.83,42.607895156452074,-4.942274400773492,31.606,-15.323,13.244570614359173,real,212
113.7,right,0.94,36.421886299164385,-0.13178332214562705,31.606,-15.323,13.244570614359173,real,213
113.7,right,0.95,31.954707770289556,-10.75415245483725,31.606,-15.323,13.244570614359173,real,204
113.7,right,0.76,34.383046874566844,-7.677856923741812,31.606,-15.323,13.244570614359173,real,206
113.7,right,0.97,35.97331916027606,-3.8243677181898867,31.606,-15.323,13.244570614359173,real,209
113.8,left,0.81,43.01335659831307,0.10941724021195487,31.861,-15.115,13.255270614359173,real,214
113.8,left,0.83,43.14806314691506,4.95772613566857,31.861,-15.115,13.255270614359173,real,216
113.8,left,0.85,37.535432464609514,-14.347885142507588,31.861,-15.115,13.255270614359173,real,208
113.8,left,0.97,40.881360780299126,-9.828178989861547,31.861,-15.115,13.255270614359173,real,210
113.8,left,0.93,42.87987368004981,-4.836336525447222,31.861,-15.115,13.255270614359173,real,212
113.8,right,0.86,36.70718394652559,0.022933219447022424,31.861,-15.115,13.255270614359173,real,213
113.8,right,0.9,35.75325923943235,3.7234538116336253,31.861,-15.115,13.255270614359173,real,217
113.8,right,0.81,31.824231582154844,-10.907933910258937,31.861,-15.115,13.255270614359173,real,204
113.8,right,0.84,34.384809435891135,-7.411924320032494,31.861,-15.115,13.255270614359173,real,206
113.8,right,0.89,35.8621060544651,-3.5332833594961945,31.861,-15.115,13.255270614359173,real,209
113.9,left,0.98,43.3541590728417,0.020567277812691742,32.113,-14.906,13.265970614359173,real,214
113.9,left,0.87,42.87628750235929,4.820323913531287,32.113,-14.906,13.265970614359173,real,216
113.9,left,0.99,37.4364573444625,-14.090633884878518,32.113,-14.906,13.265970614359173,real,208
113.9,left,0.88,41.02415355300384,-9.757657319604014,32.113,-14.906,13.265970614359173,real,210
113.9,left,0.99,42.692666248628,-4.947337435797845,32.113,-14.906,13.265970614359173,real,212
113.9,right,0.88,36.35451299210483,0.21380481149826025,32.113,-14.906,13.265970614359173,real,213
113.9,right,0.92,35.917041252377345,3.709174674179433,32.113,-14.906,13.265970614359173,real,217
113.9,right,0.93,31.76722312954451,-11.045915110278273,32.113,-14.906,13.265970614359173,real,204
113.9,right,0.84,34.189926053403326,-7.37710392097922,32.113,-14.906,13.265970614359173,real,206
113.9,right,0.78,35.811895950974275,-3.8175613026961237,32.113,-14.906,13.265970614359173,real,209
114.0,left,0.79,43.345041273392674,-0.00025718821842923845,32.361,-14.695,13.276770614359172,real,214
114.0,left,0.92,42.77428375906937,5.021220767507701,32.361,-14.695,13.276770614359172,real,216
114.0,left,0.93,37.56239386680427,-14.230653316614728,32.361,-14.695,13.276770614359172,real,208
114.0,left,0.74,41.042411338839145,-9.590838838175745,32.361,-14.695,13.276770614359172,real,210
114.0,left,0.83,42.633974738656306,-5.094185866868929,32.361,-14.695,13.276770614359172,real,212
114.0,right,0.93,36.10141584876753,0.2334364311299737,32.361,-14.695,13.276770614359172,real,213
114.0,right,0.88,36.042966669930365,3.589035288784636,32.361,-14.695,13.276770614359172,real,217
114.0,right,0.89,31.662551881517413,-10.636812815333904,32.361,-14.695,13.276770614359172,real,204
114.0,right,0.74,34.198110191464345,-7.619363551989275,32.361,-14.695,13.276770614359172,real,206
114.0,right,0.9,35.76437437128957,-3.7802727066202273,32.361,-14.695,13.276770614359172,real,209
114.1,left,0.9,43.54635032199698,0.13157420795256636,32.605,-14.482,13.287770614359172,real,214
114.1,left,0.97,42.90676041502766,5.033266033322963,32.605,-14.482,13.287770614359172,real,216
114.1,left,0.91,37.7647416271686,-14.138827534811538,32.605,-14.482,13.287770614359172,real,208
114.1,left,0.83,40.83509511080658,-9.680371581736289,32.605,-14.482,13.287770614359172,real,210
114.1,left,0.9,42.61393310459824,-4.8210057391758365,32.605,-14.482,13.287770614359172,real,212
114.1,right,0.8,36.55234513288805,0.02357228798178035,32.605,-14.482,13.287770614359172,real,213
114.1,right,0.91,35.79322816722251,3.811986393176557,32.605,-14.482,13.287770614359172,real,217
114.1,right,0.9,31.28672298065945,-10.805840223782623,32.605,-14.482,13.287770614359172,real,204
114.1,right,0.83,34.515126905391796,-7.485536307154996,32.605,-14.482,13.287770614359172,real,206
114.1,right,0.94,35.99315596721175,-3.737750415136131,32.605,-14.482,13.287770614359172,real,209
114.2,left,0.94,43.78467110666803,0.013351071244837254,32.846,-14.268,13.298770614359173,real,214
114.2,left,0.84,42.95123639357832,4.898849569762372,32.846,-14.268,13.298770614359173,real,216
114.2,left,0.74,37.68338358862369,-14.20809159896821,32.846,-14.268,13.298770614359173,real,208
114.2,left,0.99,40.86733938627245,-9.957027087740597,32.846,-14.268,13.298770614359173,real,210
114.2,left,0.78,42.86431790490665,-5.0156185035296605,32.846,-14.268,13.298770614359173,real,212
114.2,right,0.98,36.58133163445337,0.19012337686505898,32.846,-14.268,13.298770614359173,real,213
114.2,right,0.74,36.05272075631543,3.640417210658674,32.846,-14.268,13.298770614359173,real,217
114.2,right,0.76,31.633027675889927,-10.663857502686248,32.846,-14.268,13.298770614359173,real,204
114.2,right,0.94,34.31686069643419,-7.391057888008282,32.846,-14.268,13.298770614359173,real,206
114.2,right,0.86,36.03211432285456,-3.742566967497205,32.846,-14.268,13.298770614359173,real,209
114.2,right,0.43,32.987736848858844,-8.739585157961141,32.846,-14.268,13.298770614359173,ghost,218
114.3,left,0.96,43.54898618205204,-0.510731328376361,33.083,-14.052,13.309970614359173,real,214
114.3,left,0.81,42.967151936535764,5.308454088049593,33.083,-14.052,13.309970614359173,real,216
114.3,left,0.92,37.51198285134263,-14.034114181235461,33.083,-14.052,13.309970614359173,real,208
114.3,left,0.94,40.607248701130516,-9.878999342974444,33.083,-14.052,13.309970614359173,real,210
114.3,left,0.85,43.049646490772346,-4.8352786888191535,33.083,-14.052,13.309970614359173,real,212
114.3,right,0.88,36.5601309481698,0.16443940546576297,33.083,-14.052,13.309970614359173,real,213
114.3,right,0.89,35.79817724510263,3.75828575087095,33.083,-14.052,13.309970614359173,real,217
114.3,right,0.88,31.41701542958084,-10.921414046679873,33.083,-14.052,13.309970614359173,real,204
114.3,right,0.86,34.061262999256485,-7.210996308706909,33.083,-14.052,13.309970614359173,real,206
114.3,right,0.89,35.99442307794049,-3.6994342474324027,33.083,-14.052,13.309970614359173,real,209
114.4,left,0.87,43.28289746315751,-0.16859440987386964,33.317,-13.835,13.321270614359172,real,214
114.4,left,0.77,42.711303540282536,5.281242779192643,33.317,-13.835,13.321270614359172,real,216
114.4,left,0.95,40.6720753932713,9.627685757587406,33.317,-13.835,13.321270614359172,real,219
114.4,left,0.83,37.71087346256579,-14.252728374616957,33.317,-13.835,13.321270614359172,real,208
114.4,left,0.93,41.16106242521329,-9.75328606228253,33.317,-13.835,13.321270614359172,real,210
114.4,left,0.86,43.01320469585912,-4.997105030268831,33.317,-13.835,13.321270614359172,real,212
114.4,right,0.68,36.485878750775704,-0.1678047697092513,33.317,-13.835,13.321270614359172,real,213
114.4,right,0.96,35.75791794367102,3.936307931389429,33.317,-13.835,13.321270614359172,real,217
114.4,right,0.82,31.670837252778593,-10.703189308138107,33.317,-13.835,13.321270614359172,real,204
114.4,right,0.76,34.58999508305889,-7.470834970830197,33.317,-13.835,13.321270614359172,real,206
114.4,right,0.92,35.65300024338144,-3.6767446939485797,33.317,-13.835,13.321270614359172,real,209
114.5,left,0.84,43.45217640510894,0.10304768501344963,33.547,-13.616,13.332570614359172,real,214
114.5,left,0.81,43.039773111304896,5.218632453469501,33.547,-13.616,13.332570614359172,real,216
114.5,left,0.84,41.19003656113832,9.76985731003041,33.547,-13.616,13.332570614359172,real,219
114.5,left,0.86,38.07782196470849,-14.154918661873047,33.547,-13.616,13.332570614359172,real,208
114.5,left,0.92,40.73193858807292,-9.410811480370858,33.547,-13.616,13.332570614359172,real,210
114.5,left,0.88,42.978243939004926,-4.837097861179755,33.547,-13.616,13.332570614359172,real,212
114.5,right,0.73,36.46553266562135,-0.11005852671865402,33.547,-13.616,13.332570614359172,real,213
114.5,right,0.81,35.70028644873393,3.9040604585058105,33.547,-13.616,13.332570614359172,real,217
114.5,right,0.99,31.596102809506515,-10.576320222108151,33.547,-13.616,13.332570614359172,real,204
114.5,right,0.99,34.513149223057546,-7.719219380137558,33.547,-13.616,13.332570614359172,real,206
114.5,right,0.95,35.97005803033237,-3.483260252940382,33.547,-13.616,13.332570614359172,real,209
114.6,left,0.89,43.52291505333778,0.19727151397695053,33.773,-13.396,13.344170614359172,real,214
114.6,left,0.89,42.510022255345234,5.091923818255043,33.773,-13.396,13.344170614359172,real,216
114.6,left,0.88,40.945349794550175,9.492244044151052,33.773,-13.396,13.344170614359172,real,219
114.6,left,0.93,37.535259628335425,-14.002309730251334,33.773,-13.396,13.344170614359172,real,208
114.6,left,0.84,41.07996525034859,-9.458373325187083,33.773,-13.396,13.344170614359172,real,210
114.6,left,0.99,43.03485806666715,-4.846493981935995,33.773,-13.396,13.344170614359172,real,212
114.6,right,0.92,36.654624232056186,-0.07723384899237118,33.773,-13.396,13.344170614359172,real,213
114.6,right,0.92,35.828262046082,3.5877212036094974,33.773,-13.396,13.344170614359172,real,217
114.6,right,0.91,31.68015428983037,-10.943337603047542,33.773,-13.396,13.344170614359172,real,204
114.6,right,0.89,34.340239473174506,-7.423671025464797,33.773,-13.396,13.344170614359172,real,206
114.6,right,0.93,36.07475912282741,-3.43026776696861,33.773,-13.396,13.344170614359172,real,209
114.7,left,0.81,43.13464361134194,0.09759515449741141,33.996,-13.174,13.355770614359173,real,214
114.7,left,0.89,42.67670454270227,4.977666855754826,33.996,-13.174,13.355770614359173,real,216
114.7,left,0.97,40.865139393848985,9.734233759674098,33.996,-13.174,13.355770614359173,real,219
114.7,left,0.99,37.82750279318894,-14.149331403055074,33.996,-13.174,13.355770614359173,real,208
114.7,left,0.93,40.76419305922824,-9.744996688100954,33.996,-13.174,13.355770614359173,real,210
114.7,left,0.95,42.88220355960232,-4.849666615439339,33.996,-13.174,13.355770614359173,real,212
114.7,right,0.86,36.5638468733923,0.17453817595055732,33.996,-13.174,13.355770614359173,real,213
114.7,right,0.89,36.00930890347802,3.748893731840787,33.996,-13.174,13.355770614359173,real,217
114.7,right,0.96,31.531996688353573,-10.594414824008433,33.996,-13.174,13.355770614359173,real,204
114.7,right,0.95,34.562745021208514,-7.429978927533834,33.996,-13.174,13.355770614359173,real,206
114.7,right,0.87,36.08344979584316,-3.8225696094215422,33.996,-13.174,13.355770614359173,real,209
114.8,left,0.86,43.33722875577594,-0.034415214256726445,34.215,-12.951,13.367470614359172,real,214
114.8,left,0.79,42.36982932700845,4.8717563425908645,34.215,-12.951,13.367470614359172,real,216
114.8,left,0.8,40.7464726196889,10.16294874136079,34.215,-12.951,13.367470614359172,real,219
114.8,left,0.85,38.12625830874738,-13.92703454972385,34.215,-12.951,13.367470614359172,real,208
114.8,left,0.9,40.88027408088807,-9.751653593834881,34.215,-12.951,13.367470614359172,real,210
114.8,left,0.86,42.5597340430954,-4.789774188272654,34.215,-12.951,13.367470614359172,real,212
114.8,right,0.94,36.71253013664479,0.17201444853853243,34.215,-12.951,13.367470614359172,real,213
114.8,right,0.88,35.852976776857275,3.479499599174586,34.215,-12.951,13.367470614359172,real,217
114.8,right,0.89,34.26898347652114,-7.3817070660394695,34.215,-12.951,13.367470614359172,real,206
114.8,right,0.71,36.0006923010747,-3.4953563938839936,34.215,-12.951,13.367470614359172,real,209
114.9,left,0.71,43.62662787280835,0.2373369457514516,34.43,-12.726,13.379370614359173,real,214
114.9,left,0.75,42.98231668978772,5.050220499239376,34.43,-12.726,13.379370614359173,real,216
114.9,left,0.78,40.81511383911627,9.526790257887342,34.43,-12.726,13.379370614359173,real,219
114.9,left,0.89,37.728902048316606,-14.534226278874547,34.43,-12.726,13.379370614359173,real,208
114.9,left,0.81,40.63198075675468,-9.922623519246011,34.43,-12.726,13.379370614359173,real,210
114.9,left,0.8,42.71959859838682,-5.136884104348957,34.43,-12.726,13.379370614359173,real,212
114.9,right,0.86,36.18077649231488,-0.1210277003891207,34.43,-12.726,13.379370614359173,real,213
114.9,right,0.97,36.01648770317206,3.549255966272354,34.43,-12.726,13.379370614359173,real,217
114.9,right,0.99,34.291065983537294,-7.386315801560027,34.43,-12.726,13.379370614359173,real,206
114.9,right,0.82,35.93808303598258,-3.808206687942272,34.43,-12.726,13.379370614359173,real,209
114.9,unknown,0.49,41.939297307387754,2.449403979771312,34.43,-12.726,13.379370614359173,ghost,220
115.0,left,0.79,43.12003482759482,-0.13662204765889774,34.641,-12.5,13.391370614359172,real,214
115.0,left,0.92,42.9563617633608,5.012207734732849,34.641,-12.5,13.391370614359172,real,216
115.0,left,0.86,40.79903247709778,9.50459188467282,34.641,-12.5,13.391370614359172,real,219
115.0,left,0.87,37.81768995487036,-14.393090048208423,34.641,-12.5,13.391370614359172,real,208
115.0,left,0.94,41.093144499327224,-9.93808033697357,34.641,-12.5,13.391370614359172,real,210
115.0,left,0.85,42.989256892127635,-4.890920958286516,34.641,-12.5,13.391370614359172,real,212
115.0,right,0.82,36.435078884978026,-0.12692435348122544,34.641,-12.5,13.391370614359172,real,213
115.0,right,0.88,35.77321833181924,4.146603066364394,34.641,-12.5,13.391370614359172,real,217
115.0,right,0.94,34.59881795476467,-7.291866488360752,34.641,-12.5,13.391370614359172,real,206
115.0,right,0.99,35.640529773839816,-3.577827381673916,34.641,-12.5,13.391370614359172,real,209
115.1,left,0.71,43.59548742615234,-0.13468192441148008,34.849,-12.273,13.403470614359172,real,214
115.1,left,0.83,42.93448386087274,4.9354659320802465,34.849,-12.273,13.403470614359172,real,216
115.1,left,0.87,40.932442276146745,9.93692586824167,34.849,-12.273,13.403470614359172,real,219
115.1,left,0.99,37.911865614749814,-14.075809536801717,34.849,-12.273,13.403470614359172,real,208
115.1,left,0.8,40.74333913614408,-9.642026197751063,34.849,-12.273,13.403470614359172,real,210
115.1,left,0.78,42.71461665168521,-5.01839072804522,34.849,-12.273,13.403470614359172,real,212
115.1,right,0.99,36.59206604094612,0.0034987588848149898,34.849,-12.273,13.403470614359172,real,213
115.1,right,0.82,35.920030110730735,3.6038659218974347,34.849,-12.273,13.403470614359172,real,217
115.1,right,0.79,34.14311602157429,-7.608056719637214,34.849,-12.273,13.403470614359172,real,206
115.1,right,0.95,36.12744001097375,-3.7838459114973397,34.849,-12.273,13.403470614359172,real,209
115.2,left,0.97,43.13874380166907,0.1619301852077939,35.052,-12.044,13.415770614359172,real,214
115.2,left,0.81,42.89739909179879,4.944813910641397,35.052,-12.044,13.415770614359172,real,216
115.2,left,0.87,40.85959438843053,9.853473197140126,35.052,-12.044,13.415770614359172,real,219
115.2,left,0.84,37.776578579224456,-14.479000732162365,35.052,-12.044,13.415770614359172,real,208
115.2,left,0.9,40.83896144363549,-9.879758273695792,35.052,-12.044,13.415770614359172,real,210
115.2,left,0.85,42.874922733348136,-4.986351318741849,35.052,-12.044,13.415770614359172,real,212
115.2,right,0.85,36.775330401822025,0.6461769225710929,35.052,-12.044,13.415770614359172,real,213
115.2,right,0.93,35.917596925016404,3.6592592783600857,35.052,-12.044,13.415770614359172,real,217
115.2,right,0.78,34.45216753201176,-7.582394234096078,35.052,-12.044,13.415770614359172,real,206
115.2,right,0.85,36.26532561224351,-3.7675199535869175,35.052,-12.044,13.415770614359172,real,209
115.3,left,0.88,43.35051749772826,0.33127642085552567,35.252,-11.814,13.428070614359173,real,214
115.3,left,0.78,42.728036034460324,4.716710245220888,35.252,-11.814,13.428070614359173,real,216
115.3,left,0.78,40.81613974039135,9.836842915447836,35.252,-11.814,13.428070614359173,real,219
115.3,left,0.8,41.140895460482604,-9.753976151713907,35.252,-11.814,13.428070614359173,real,210
115.3,left,0.86,42.795792905728696,-5.046928728358376,35.252,-11.814,13.428070614359173,real,212
115.3,right,0.81,36.43956420405679,0.36955921975359995,35.252,-11.814,13.428070614359173,real,213
115.3,right,0.86,35.91358431870073,3.9936301572768746,35.252,-11.814,13.428070614359173,real,217
115.3,right,0.75,34.45913818834487,-7.389113205106945,35.252,-11.814,13.428070614359173,real,206
115.3,right,0.85,35.861741718227734,-3.8438268502464332,35.252,-11.814,13.428070614359173,real,209
115.4,left,0.99,43.64111775285363,0.14531535722795452,35.448,-11.582,13.440570614359173,real,214
115.4,left,0.83,42.86803524971419,5.040841931901984,35.448,-11.582,13.440570614359173,real,216
115.4,left,0.79,41.25770890106282,9.931394257645895,35.448,-11.582,13.440570614359173,real,219
115.4,left,0.93,40.78216961408907,-9.643954714634127,35.448,-11.582,13.440570614359173,real,210
115.4,left,0.88,42.93025642740937,-4.540161905120847,35.448,-11.582,13.440570614359173,real,212
115.4,right,0.73,36.826504751522904,-0.043297055126657824,35.448,-11.582,13.440570614359173,real,213
115.4,right,0.89,36.17361069633018,4.0046566690028556,35.448,-11.582,13.440570614359173,real,217
115.4,right,0.91,34.73276503514187,-7.3202365216914735,35.448,-11.582,13.440570614359173,real,206
115.4,right,0.94,35.82904462713908,-3.4473586439149986,35.448,-11.582,13.440570614359173,real,209
115.5,left,0.78,43.32496084877988,-0.05025536780939521,35.64,-11.35,13.453170614359173,real,214
115.5,left,0.9,43.17155736316964,5.075757446318423,35.64,-11.35,13.453170614359173,real,216
115.5,left,0.96,40.5127756169958,9.43296809376397,35.64,-11.35,13.453170614359173,real,219
115.5,left,0.85,41.0113003431133,-9.905067951746172,35.64,-11.35,13.453170614359173,real,210
115.5,left,0.87,42.84288959695038,-4.616882931795706,35.64,-11.35,13.453170614359173,real,212
115.5,right,0.85,36.62380374176312,0.1606081593325408,35.64,-11.35,13.453170614359173,real,213
115.5,right,0.92,35.861200937111136,3.7576303947846545,35.64,-11.35,13.453170614359173,real,217
115.5,right,0.97,34.21994392064789,-7.340823434731876,35.64,-11.35,13.453170614359173,real,206
115.5,right,0.75,35.99581748562949,-3.6006519037456894,35.64,-11.35,13.453170614359173,real,209
115.6,left,0.69,43.461570284714256,0.10191556878226482,35.828,-11.116,13.465970614359172,real,214
115.6,left,0.91,42.73577348628292,5.095529090810858,35.828,-11.116,13.465970614359172,real,216
115.6,left,0.92,40.5987423291068,9.659657357332133,35.828,-11.116,13.465970614359172,real,219
115.6,left,0.81,40.74173973210635,-9.445629129468726,35.828,-11.116,13.465970614359172,real,210
115.6,left,0.66,42.79381219057036,-5.065774836776616,35.828,-11.116,13.465970614359172,real,212
115.6,right,0.9,36.47175396372269,-0.3218872141249447,35.828,-11.116,13.465970614359172,real,213
115.6,right,0.69,35.621871941992026,3.63756584774345,35.828,-11.116,13.465970614359172,real,217
115.6,right,0.88,34.24145002956295,-7.423249644058485,35.828,-11.116,13.465970614359172,real,206
115.6,right,0.88,36.09463411166188,-3.506065226922225,35.828,-11.116,13.465970614359172,real,209
115.7,left,0.77,43.824911629439384,-0.28358023414049904,36.013,-10.881,13.478770614359172,real,214
115.7,left,0.76,42.56462164879541,4.768551807353311,36.013,-10.881,13.478770614359172,real,216
115.7,left,0.87,41.06117005443181,9.637085293261112,36.013,-10.881,13.478770614359172,real,219
115.7,left,0.86,41.168475649609626,-10.028094479861828,36.013,-10.881,13.478770614359172,real,210
115.7,left,0.79,42.65988116344952,-5.043755547436788,36.013,-10.881,13.478770614359172,real,212
115.7,right,0.94,36.42343845835265,0.1963154812844925,36.013,-10.881,13.478770614359172,real,213
115.7,right,0.92,35.433145283690784,3.809466381567808,36.013,-10.881,13.478770614359172,real,217
115.7,right,0.79,34.427595650790195,-7.324591411338311,36.013,-10.881,13.478770614359172,real,206
115.7,right,0.79,36.04359739430096,-3.818472279738508,36.013,-10.881,13.478770614359172,real,209
115.8,left,0.79,43.31529638928732,0.05852092467680298,36.193,-10.644,13.491770614359172,real,214
115.8,left,0.84,43.027046407603194,4.992276081558739,36.193,-10.644,13.491770614359172,real,216
115.8,left,0.85,41.20005577547392,9.74774716549058,36.193,-10.644,13.491770614359172,real,219
115.8,left,0.93,40.86821946259291,-9.899459217643217,36.193,-10.644,13.491770614359172,real,210
115.8,left,0.84,42.80038244166581,-4.749911837309669,36.193,-10.644,13.491770614359172,real,212
115.8,right,0.8,36.54217943455803,0.10875754039314955,36.193,-10.644,13.491770614359172,real,213
115.8,right,0.81,35.83014803059753,3.575313219994163,36.193,-10.644,13.491770614359172,real,217
115.8,right,0.88,34.24425607526101,-7.446700965534675,36.193,-10.644,13.491770614359172,real,206
115.8,right,0.84,35.99233726920447,-3.712007251268242,36.193,-10.644,13.491770614359172,real,209
115.9,left,0.91,43.52399475253816,0.33757049356331603,36.369,-10.407,13.504970614359172,real,214
115.9,left,0.9,42.72035124203342,5.166794251893803,36.369,-10.407,13.504970614359172,real,216
115.9,left,0.96,40.70131263620052,9.864870146146293,36.369,-10.407,13.504970614359172,real,219
115.9,left,0.78,41.02571680743255,-10.10793884341968,36.369,-10.407,13.504970614359172,real,210
115.9,left,0.93,43.164074390357634,-4.731422141358128,36.369,-10.407,13.504970614359172,real,212
115.9,right,0.88,36.30757512053475,0.15698064103596732,36.369,-10.407,13.504970614359172,real,213
115.9,right,0.87,35.67491248653015,3.874266208696107,36.369,-10.407,13.504970614359172,real,217
115.9,right,0.95,34.60443643439463,-7.412556241480222,36.369,-10.407,13.504970614359172,real,206
115.9,right,0.94,36.048193015308456,-3.756001587838626,36.369,-10.407,13.504970614359172,real,209
116.0,left,0.82,43.543700370745015,-0.13623022003050667,36.542,-10.168,13.518170614359173,real,214
116.0,left,0.92,42.81277833274202,5.116437480706095,36.542,-10.168,13.518170614359173,real,216
116.0,left,0.82,40.82578146353113,9.548682108628398,36.542,-10.168,13.518170614359173,real,219
116.0,left,0.9,40.54223105385729,-9.728453056254734,36.542,-10.168,13.518170614359173,real,210
116.0,left,0.91,42.49620361117412,-4.9691473038100815,36.542,-10.168,13.518170614359173,real,212
116.0,right,0.79,36.6411322184955,0.24315468155459596,36.542,-10.168,13.518170614359173,real,213
116.0,right,0.84,35.88314654422733,3.808452665959858,36.542,-10.168,13.518170614359173,real,217
116.0,right,0.92,34.33267730222018,7.3919384172346945,36.542,-10.168,13.518170614359173,real,221
116.0,right,0.97,34.52916562322473,-7.195626744220756,36.542,-10.168,13.518170614359173,real,206
116.0,right,0.87,36.32097302757283,-3.549828721054457,36.542,-10.168,13.518170614359173,real,209
116.1,left,0.84,43.828735257076865,-0.02871912824434901,36.71,-9.929,13.531570614359172,real,214
116.1,left,0.96,42.94146402768152,4.880383311661268,36.71,-9.929,13.531570614359172,real,216
116.1,left,0.89,40.87213805029592,9.879355505954525,36.71,-9.929,13.531570614359172,real,219
116.1,left,0.77,40.96770939122936,-9.566190490977323,36.71,-9.929,13.531570614359172,real,210
116.1,left,0.86,42.85930646007955,-4.943986954879267,36.71,-9.929,13.531570614359172,real,212
116.1,right,0.84,36.48016421205432,-0.1634952249983832,36.71,-9.929,13.531570614359172,real,213
116.1,right,0.83,36.060606683045556,3.7698306552017398,36.71,-9.929,13.531570614359172,real,217
116.1,right,0.99,34.213901141942046,7.468905491489536,36.71,-9.929,13.531570614359172,real,221
116.1,right,0.78,34.2445723032883,-7.2781249987434595,36.71,-9.929,13.531570614359172,real,206
116.1,right,0.87,35.97323847316241,-4.08051913292247,36.71,-9.929,13.531570614359172,real,209
116.2,left,0.95,43.61944475464432,-0.4578635464284352,36.875,-9.688,13.545070614359172,real,214
116.2,left,0.82,42.7817578510913,5.212985124768473,36.875,-9.688,13.545070614359172,real,216
116.2,left,0.79,40.97633967666606,9.923441070370243,36.875,-9.688,13.545070614359172,real,219
116.2,left,0.78,40.86024050962313,-9.629152056461091,36.875,-9.688,13.545070614359172,real,210
116.2,left,0.84,42.42478575489478,-5.022076717865261,36.875,-9.688,13.545070614359172,real,212
116.2,right,0.93,36.59094338937477,-0.2823712149606874,36.875,-9.688,13.545070614359172,real,213
116.2,right,0.84,35.81906199396955,3.3737974233035954,36.875,-9.688,13.545070614359172,real,217
116.2,right,0.96,34.378038886382306,7.124509009576205,36.875,-9.688,13.545070614359172,real,221
116.2,right,0.87,34.01700881844846,-7.286076935833776,36.875,-9.688,13.545070614359172,real,206
116.2,right,0.89,36.13382640338763,-3.9507044960465314,36.875,-9.688,13.545070614359172,real,209
116.3,left,0.86,43.305962792258605,-0.18479820659823257,37.035,-9.446,13.558770614359172,real,214
116.3,left,0.92,42.824777451156685,4.979236811438403,37.035,-9.446,13.558770614359172,real,216
116.3,left,0.99,40.99509200107219,9.735075239491765,37.035,-9.446,13.558770614359172,real,219
116.3,left,0.92,40.99458270225575,-9.931623129594357,37.035,-9.446,13.558770614359172,real,210
116.3,left,0.96,42.86018791841681,-5.087586674587784,37.035,-9.446,13.558770614359172,real,212
116.3,right,0.85,36.6719085215414,-0.17558228674291287,37.035,-9.446,13.558770614359172,real,213
116.3,right,0.73,35.9288512824594,3.6068887229870796,37.035,-9.446,13.558770614359172,real,217
116.3,right,0.91,34.68533215687297,7.226455158943292,37.035,-9.446,13.558770614359172,real,221
116.3,right,0.87,34.47144321380537,-7.667213446206799,37.035,-9.446,13.558770614359172,real,206
116.3,right,0.92,35.98595182458588,-3.838369669311259,37.035,-9.446,13.558770614359172,real,209
116.4,left,0.91,43.35373795860373,-0.2655118823248336,37.191,-9.203,13.572470614359172,real,214
116.4,left,0.93,42.8308127968639,4.755905674025103,37.191,-9.203,13.572470614359172,real,216
116.4,left,0.94,40.892874825226265,10.02148659336202,37.191,-9.203,13.572470614359172,real,219
116.4,left,0.93,41.02184026179272,-9.804490555726275,37.191,-9.203,13.572470614359172,real,210
116.4,left,0.79,43.07380441266665,-4.835130926606216,37.191,-9.203,13.572470614359172,real,212
116.4,right,0.9,36.36805237255565,0.26299251016414704,37.191,-9.203,13.572470614359172,real,213
116.4,right,0.85,35.83342548038359,3.8345893639770825,37.191,-9.203,13.572470614359172,real,217
116.4,right,0.97,34.37878344828785,7.34978460157916,37.191,-9.203,13.572470614359172,real,221
116.4,right,0.94,34.39956606526084,-7.513908650194832,37.191,-9.203,13.572470614359172,real,206
116.4,right,0.85,36.055431729724795,-3.5827532346395867,37.191,-9.203,13.572470614359172,real,209
116.5,left,0.83,43.3725628625049,0.10127393002561252,37.343,-8.959,13.586370614359172,real,214
116.5,left,0.91,43.076008912683704,5.1900726836457105,37.343,-8.959,13.586370614359172,real,216
116.5,left,0.76,40.645376840595944,9.765912795596556,37.343,-8.959,13.586370614359172,real,219
116.5,left,0.9,37.89002805635815,14.386284434025578,37.343,-8.959,13.586370614359172,real,222
116.5,left,0.84,40.975482257489475,-9.906200954932073,37.343,-8.959,13.586370614359172,real,210
116.5,left,0.96,42.904408760560536,-5.082322479498633,37.343,-8.959,13.586370614359172,real,212
116.5,right,0.81,36.61070082726811,0.20094246278960926,37.343,-8.959,13.586370614359172,real,213
116.5,right,0.94,36.112616528727344,3.933662118958172,37.343,-8.959,13.586370614359172,real,217
116.5,right,0.91,34.543692439107474,7.258500491121616,37.343,-8.959,13.586370614359172,real,221
116.5,right,0.88,36.15259174176944,-3.6345352213826723,37.343,-8.959,13.586370614359172,real,209
116.5,unknown,0.29,35.00572235277929,-0.26262424915974636,37.343,-8.959,13.586370614359172,ghost,223
116.6,left,0.91,43.698889263582345,-0.03608873685038,37.491,-8.714,13.600370614359173,real,214
116.6,left,0.99,42.925499717352885,5.197509796642899,37.491,-8.714,13.600370614359173,real,216
116.6,left,0.84,40.73158428729171,10.003386208468267,37.491,-8.714,13.600370614359173,real,219
116.6,left,0.75,37.6416741671794,14.074055496144132,37.491,-8.714,13.600370614359173,real,222
116.6,left,0.86,40.729007493849046,-9.496997745703906,37.491,-8.714,13.600370614359173,real,210
116.6,left,0.93,42.957350408728864,-4.77662648342962,37.491,-8.714,13.600370614359173,real,212
116.6,right,0.78,36.61682151775247,0.14971073429043047,37.491,-8.714,13.600370614359173,real,213
116.6,right,0.87,36.083980150428616,3.8868168442729187,37.491,-8.714,13.600370614359173,real,217
116.6,right,0.78,34.40268119105413,7.555620983117927,37.491,-8.714,13.600370614359173,real,221
116.6,right,0.76,36.043719264679225,-3.650741318758307,37.491,-8.714,13.600370614359173,real,209
116.7,left,0.82,43.6025971050376,0.01689491932261994,37.635,-8.468,13.614570614359172,real,214
116.7,left,0.92,43.280517739085084,5.133601172570662,37.635,-8.468,13.614570614359172,real,216
116.7,left,0.91,41.11581330251897,9.832215511108247,37.635,-8.468,13.614570614359172,real,219
116.7,left,0.93,37.85976248169105,14.363178218103947,37.635,-8.468,13.614570614359172,real,222
116.7,left,0.99,40.938905297369935,-9.698295812400774,37.635,-8.468,13.614570614359172,real,210
116.7,left,0.79,42.78039901375039,-4.934617203118732,37.635,-8.468,13.614570614359172,real,212
116.7,right,0.94,36.54381780639427,0.1118254889221264,37.635,-8.468,13.614570614359172,real,213
116.7,right,0.82,35.76735708985161,3.9588598994344686,37.635,-8.468,13.614570614359172,real,217
116.7,right,0.91,34.37495219760986,7.199377391450402,37.635,-8.468,13.614570614359172,real,221
116.7,right,0.99,35.9888209338805,-3.7887877284451026,37.635,-8.468,13.614570614359172,real,209
116.8,left,0.99,43.63990728398028,-0.12354165594987343,37.775,-8.222,13.628870614359172,real,214
116.8,left,0.96,42.80446773341407,4.873854241650169,37.775,-8.222,13.628870614359172,real,216
116.8,left,0.89,40.53805879750344,10.056051703656461,37.775,-8.222,13.628870614359172,real,219
116.8,left,0.87,37.81607133562332,14.389696158081334,37.775,-8.222,13.628870614359172,real,222
116.8,left,0.87,41.22991029165536,-9.888106802283062,37.775,-8.222,13.628870614359172,real,210
116.8,left,0.87,42.75727414592993,-5.009706997361829,37.775,-8.222,13.628870614359172,real,212
116.8,right,0.91,36.306452123605794,-0.0009226901373766694,37.775,-8.222,13.628870614359172,real,213
116.8,right,0.96,35.855300634633785,3.7383910616088363,37.775,-8.222,13.628870614359172,real,217
116.8,right,0.79,34.57145183037483,7.466561155341534,37.775,-8.222,13.628870614359172,real,221
116.8,right,0.84,35.81382318765921,-3.5624289348978886,37.775,-8.222,13.628870614359172,real,209
116.9,left,0.88,43.3995694443197,-0.08967590373910617,37.911,-7.974,13.643270614359173,real,214
116.9,left,0.8,42.784295513942446,5.038905088172606,37.911,-7.974,13.643270614359173,real,216
116.9,left,0.79,40.930430108558625,9.54188943843645,37.911,-7.974,13.643270614359173,real,219
116.9,left,0.9,37.64828598375715,14.469738354954806,37.911,-7.974,13.643270614359173,real,222
116.9,left,0.79,42.74316969199188,-5.162776766637851,37.911,-7.974,13.643270614359173,real,212
116.9,right,0.99,36.48442025748898,-0.15873185116101318,37.911,-7.974,13.643270614359173,real,213
116.9,right,0.93,36.0219265017022,3.8086500974113995,37.911,-7.974,13.643270614359173,real,217
116.9,right,0.83,34.16275374125746,7.352530265647946,37.911,-7.974,13.643270614359173,real,221
116.9,right,0.9,35.87042916816081,-3.963342861793456,37.911,-7.974,13.643270614359173,real,209
117.0,left,0.82,43.59814559231793,0.03840441797064298,38.042,-7.725,13.657770614359173,real,214
117.0,left,0.96,43.05147809874262,4.94461065614165,38.042,-7.725,13.657770614359173,real,216
117.0,left,0.9,40.7786006618604,9.895000959634062,38.042,-7.725,13.657770614359173,real,219
117.0,left,0.88,37.42150793291972,14.275203398939077,38.042,-7.725,13.657770614359173,real,222
117.0,left,0.99,42.92944755076084,-4.989996811964943,38.042,-7.725,13.657770614359173,real,212
117.0,right,0.81,36.362172696057414,0.12016776295631404,38.042,-7.725,13.657770614359173,real,213
117.0,right,0.79,35.99814043518061,3.786351270780347,38.042,-7.725,13.657770614359173,real,217
117.0,right,0.84,34.47928795674129,7.02837411905559,38.042,-7.725,13.657770614359173,real,221
117.0,right,0.92,35.86075307367621,-3.630336784740047,38.042,-7.725,13.657770614359173,real,209
117.1,left,0.83,43.298431652881334,0.12119223014166369,38.17,-7.476,13.672370614359172,real,214
117.1,left,0.87,42.52434014439573,4.824088288581664,38.17,-7.476,13.672370614359172,real,216
117.1,left,0.9,40.69495367739941,9.640000056291983,38.17,-7.476,13.672370614359172,real,219
117.1,left,0.84,37.871021101007486,14.116724506600764,38.17,-7.476,13.672370614359172,real,222
117.1,left,0.94,42.90570102158695,-4.617482231270843,38.17,-7.476,13.672370614359172,real,212
117.1,right,0.93,36.54866134451649,0.146387156543212,38.17,-7.476,13.672370614359172,real,213
117.1,right,0.86,35.86655042898791,3.9440166406973423,38.17,-7.476,13.672370614359172,real,217
117.1,right,0.88,33.88876679112605,7.270429405494567,38.17,-7.476,13.672370614359172,real,221
117.1,right,0.99,35.889316032590024,-3.8791220981524708,38.17,-7.476,13.672370614359172,real,209
117.2,left,0.99,43.668966248783384,-0.08105354170222512,38.293,-7.226,13.687170614359172,real,214
117.2,left,0.99,42.68843746889328,5.105797170609362,38.293,-7.226,13.687170614359172,real,216
117.2,left,0.89,40.87417730854972,10.001283874767608,38.293,-7.226,13.687170614359172,real,219
117.2,left,0.7,37.506101691758715,14.278024647783658,38.293,-7.226,13.687170614359172,real,222
117.2,left,0.92,42.75161636389143,-4.7964664810627555,38.293,-7.226,13.687170614359172,real,212
117.2,right,0.86,36.5318732723891,0.29694228671830913,38.293,-7.226,13.687170614359172,real,213
117.2,right,0.97,35.976280382900235,3.6460080581162697,38.293,-7.226,13.687170614359172,real,217
117.2,right,0.78,34.30418459738969,7.235661200702315,38.293,-7.226,13.687170614359172,real,221
117.2,right,0.98,36.25744349400655,-3.6806673342395984,38.293,-7.226,13.687170614359172,real,209
117.3,left,0.87,43.51092053646796,-0.2683183046468294,38.412,-6.975,13.702070614359172,real,214
117.3,left,0.8,42.63077863699032,4.780015602374762,38.412,-6.975,13.702070614359172,real,216
117.3,left,0.79,40.859305784226365,9.675833504617483,38.412,-6.975,13.702070614359172,real,219
117.3,left,0.88,37.698559563396095,14.3561484862728,38.412,-6.975,13.702070614359172,real,222
117.3,left,0.97,42.894651091614904,-4.804169930454325,38.412,-6.975,13.702070614359172,real,212
117.3,right,0.92,36.43964357738538,-0.0582155489583982,38.412,-6.975,13.702070614359172,real,213
117.3,right,0.78,36.39625241589027,3.7796497700834393,38.412,-6.975,13.702070614359172,real,217
117.3,right,0.72,34.1801452661513,7.294185173358793,38.412,-6.975,13.702070614359172,real,221
117.3,right,0.91,35.74457883395613,-3.793241787479572,38.412,-6.975,13.702070614359172,real,209
117.4,left,0.96,43.357441134034595,0.01585831952464789,38.527,-6.723,13.717070614359173,real,214
117.4,left,0.88,42.762357233145146,5.011976527784156,38.527,-6.723,13.717070614359173,real,216
117.4,left,0.99,41.07066465314614,9.502372079935022,38.527,-6.723,13.717070614359173,real,219
117.4,left,0.96,37.72846224877939,14.610650565711333,38.527,-6.723,13.717070614359173,real,222
117.4,left,0.89,42.684431887198066,-5.156384187712665,38.527,-6.723,13.717070614359173,real,212
117.4,right,0.9,36.556818204796485,0.11073073027088554,38.527,-6.723,13.717070614359173,real,213
117.4,right,0.84,35.75117767203721,3.7650546529651163,38.527,-6.723,13.717070614359173,real,217
117.4,right,0.92,34.25264460506749,7.192222382621532,38.527,-6.723,13.717070614359173,real,221
117.4,right,0.86,36.169012183600955,-3.6555857049114397,38.527,-6.723,13.717070614359173,real,209
117.5,left,0.99,43.77278026693752,-0.26893403923686754,38.637,-6.47,13.732170614359173,real,214
117.5,left,0.77,42.75530561680547,4.936028048649909,38.637,-6.47,13.732170614359173,real,216
117.5,left,0.99,41.09292889446112,9.603620322296745,38.637,-6.47,13.732170614359173,real,219
117.5,left,0.81,37.81754214772285,13.871421824158247,38.637,-6.47,13.732170614359173,real,222
117.5,left,0.85,42.970548435740206,-4.810214485213949,38.637,-6.47,13.732170614359173,real,212
117.5,right,0.94,36.33982158328697,0.07455279769273604,38.637,-6.47,13.732170614359173,real,213
117.5,right,0.74,35.9709972854212,3.9906744297802557,38.637,-6.47,13.732170614359173,real,217
117.5,right,0.85,34.303088927920754,7.241864782709493,38.637,-6.47,13.732170614359173,real,221
117.5,right,0.89,36.102393939816324,-3.9385409109211023,38.637,-6.47,13.732170614359173,real,209
117.6,left,0.86,43.503789102511604,0.2900140710933483,38.743,-6.217,13.747370614359173,real,214
117.6,left,0.94,42.722583572098706,5.072633324102342,38.743,-6.217,13.747370614359173,real,216
117.6,left,0.88,41.08476190932865,9.49904645450049,38.743,-6.217,13.747370614359173,real,219
117.6,left,0.9,37.58652105905603,14.420558006197176,38.743,-6.217,13.747370614359173,real,222
117.6,left,0.98,42.91941458003439,-4.903507991773001,38.743,-6.217,13.747370614359173,real,212
117.6,right,0.84,36.553723330833535,-0.2223986232741575,38.743,-6.217,13.747370614359173,real,213
117.6,right,0.88,35.540750839458234,3.6197435828026703,38.743,-6.217,13.747370614359173,real,217
117.6,right,0.85,34.66231650930976,7.4314804739871345,38.743,-6.217,13.747370614359173,real,221
117.6,right,0.85,36.00477056689213,-4.021803295451245,38.743,-6.217,13.747370614359173,real,209
117.7,left,0.86,43.593391153373716,0.14215671007404906,38.845,-5.963,13.762670614359173,real,214
117.7,left,0.9,42.828874911319595,5.023108760200688,38.845,-5.963,13.762670614359173,real,216
117.7,left,0.81,40.71984628139532,9.851226741170057,38.845,-5.963,13.762670614359173,real,219
117.7,left,0.91,37.67613638213456,14.225821928057876,38.845,-5.963,13.762670614359173,real,222
117.7,left,0.93,43.00563181397189,-5.10662104850422,38.845,-5.963,13.762670614359173,real,212
117.7,right,0.81,36.4548746263223,0.030730532656774612,38.845,-5.963,13.762670614359173,real,213
117.7,right,0.97,35.969262204287986,3.9564534693355666,38.845,-5.963,13.762670614359173,real,217
117.7,right,0.85,34.23265780263788,7.501403419922948,38.845,-5.963,13.762670614359173,real,221
117.7,right,0.89,36.17280840541756,-3.7404624678437983,38.845,-5.963,13.762670614359173,real,209
117.8,left,0.99,43.63088421732838,0.15159703144001146,38.943,-5.709,13.778170614359173,real,214
117.8,left,0.77,42.87018659440055,5.129177681361411,38.943,-5.709,13.778170614359173,real,216
117.8,left,0.75,40.8339713203961,9.573923721115651,38.943,-5.709,13.778170614359173,real,219
117.8,left,0.93,37.70968310842946,14.278512562721927,38.943,-5.709,13.778170614359173,real,222
117.8,left,0.9,42.90143901697329,-5.233418725238787,38.943,-5.709,13.778170614359173,real,212
117.8,right,0.84,36.33739395270763,-0.16300233264442787,38.943,-5.709,13.778170614359173,real,213
117.8,right,0.85,35.72751398026709,3.562789183156735,38.943,-5.709,13.778170614359173,real,217
117.8,right,0.99,34.41746974338137,7.181763084334042,38.943,-5.709,13.778170614359173,real,221
117.8,right,0.9,36.00264402767347,-3.3292410298511976,38.943,-5.709,13.778170614359173,real,209
117.9,left,0.75,43.56065792931991,0.24227676105200668,39.037,-5.454,13.793670614359172,real,214
117.9,left,0.76,43.089932934430756,4.965738942459478,39.037,-5.454,13.793670614359172,real,216
117.9,left,0.84,40.63126801417952,9.995600949505592,39.037,-5.454,13.793670614359172,real,219
117.9,left,0.95,37.637758230781884,14.023029431391102,39.037,-5.454,13.793670614359172,real,222
117.9,left,0.83,42.774119536200985,-4.988392255063417,39.037,-5.454,13.793670614359172,real,212
117.9,right,0.9,36.305615741553254,-0.034531572865349025,39.037,-5.454,13.793670614359172,real,213
117.9,right,0.99,36.085570367583045,3.780434748531775,39.037,-5.454,13.793670614359172,real,217
117.9,right,0.93,34.584988888525885,7.661524315227014,39.037,-5.454,13.793670614359172,real,221
117.9,right,0.93,35.66194604250843,-3.7136808384607995,39.037,-5.454,13.793670614359172,real,209
118.0,left,0.97,43.27019069400119,-0.027970455427363206,39.126,-5.198,13.809370614359173,real,214
118.0,left,0.94,42.909981607559445,4.885630506600873,39.126,-5.198,13.809370614359173,real,216
118.0,left,0.94,40.49266020851387,9.430923264357661,39.126,-5.198,13.809370614359173,real,219
118.0,left,0.81,37.40626125280343,14.092840304180395,39.126,-5.198,13.809370614359173,real,222
118.0,left,0.82,42.80727280721372,-4.989089687021401,39.126,-5.198,13.809370614359173,real,212
118.0,right,0.99,36.47301860551936,-0.1405653023949407,39.126,-5.198,13.809370614359173,real,213
118.0,right,0.82,36.10186920686967,3.5388422754471733,39.126,-5.198,13.809370614359173,real,217
118.0,right,0.86,34.483561694152165,7.333941851780059,39.126,-5.198,13.809370614359173,real,221
118.0,right,0.91,35.98902345514282,-3.8280846168408993,39.126,-5.198,13.809370614359173,real,209
118.1,left,0.9,43.40150429228361,-0.2543078001267651,39.211,-4.941,13.825070614359172,real,214
118.1,left,0.99,43.10745914747383,4.882110256536242,39.211,-4.941,13.825070614359172,real,216
118.1,left,0.87,40.947963769597195,9.848089385865066,39.211,-4.941,13.825070614359172,real,219
118.1,left,0.92,37.57709294609875,14.17621310074279,39.211,-4.941,13.825070614359172,real,222
118.1,left,0.91,42.75495077610994,-4.889707734406813,39.211,-4.941,13.825070614359172,real,212
118.1,right,0.9,36.2480417054107,-0.08460801164851461,39.211,-4.941,13.825070614359172,real,213
118.1,right,0.81,36.1511704053903,3.6600329526139284,39.211,-4.941,13.825070614359172,real,217
118.1,right,0.83,34.11258963316374,7.238874865175609,39.211,-4.941,13.825070614359172,real,221
118.1,right,0.99,35.78429250168064,-3.3131776138159714,39.211,-4.941,13.825070614359172,real,209
118.1,left,0.35,46.50392944870861,5.567309857258623,39.211,-4.941,13.825070614359172,ghost,224
118.2,left,0.84,43.51871078608499,0.10665686472023916,39.291,-4.685,13.840970614359172,real,214
118.2,left,0.89,42.775428928349164,5.0780973078876706,39.291,-4.685,13.840970614359172,real,216
118.2,left,0.79,41.11689613813785,9.65761846012552,39.291,-4.685,13.840970614359172,real,219
118.2,left,0.88,37.42822569965543,14.357966468120871,39.291,-4.685,13.840970614359172,real,222
118.2,left,0.84,42.883757380337194,-4.865530900492302,39.291,-4.685,13.840970614359172,real,212
118.2,right,0.96,36.63056169656598,-0.3496720961822155,39.291,-4.685,13.840970614359172,real,213
118.2,right,0.81,35.59872340335162,3.7207577013522526,39.291,-4.685,13.840970614359172,real,217
118.2,right,0.94,34.21968369742939,7.390062606847287,39.291,-4.685,13.840970614359172,real,221
118.2,right,0.86,31.546881093818364,10.38984113902764,39.291,-4.685,13.840970614359172,real,225
118.3,left,0.9,43.72283630214354,0.01877943464729359,39.368,-4.427,13.856870614359172,real,214
118.3,left,0.99,42.81716216842396,4.7385204618130095,39.368,-4.427,13.856870614359172,real,216
118.3,left,0.79,41.127260289225426,9.853640855184144,39.368,-4.427,13.856870614359172,real,219
118.3,left,0.89,37.88648325678358,13.901130104829825,39.368,-4.427,13.856870614359172,real,222
118.3,left,0.92,42.61172005561716,-4.66149563063521,39.368,-4.427,13.856870614359172,real,212
118.3,right,0.85,36.343513085113365,0.07540856672064966,39.368,-4.427,13.856870614359172,real,213
118.3,right,0.9,35.93380669018305,3.6044770939602664,39.368,-4.427,13.856870614359172,real,217
118.3,right,0.84,34.60634106917186,7.520537872987246,39.368,-4.427,13.856870614359172,real,221
118.3,right,0.89,31.68050375716426,10.728123573115013,39.368,-4.427,13.856870614359172,real,225
118.3,right,0.3,39.53211257639402,2.917218955223851,39.368,-4.427,13.856870614359172,ghost,226
118.4,left,0.99,43.96671448999451,-0.10541230855371786,39.44,-4.169,13.872870614359172,real,214
118.4,left,0.92,42.80327646871935,4.702458526925471,39.44,-4.169,13.872870614359172,real,216
118.4,left,0.82,40.8673909750784,9.431374296476724,39.44,-4.169,13.872870614359172,real,219
118.4,left,0.9,37.47074249095876,13.811783989111394,39.44,-4.169,13.872870614359172,real,222
118.4,left,0.83,33.10864217340738,18.004895103739543,39.44,-4.169,13.872870614359172,real,227
118.4,left,0.79,42.989452548081054,-4.972110583245457,39.44,-4.169,13.872870614359172,real,212
118.4,right,0.99,36.39336778984243,-0.0034870452691626586,39.44,-4.169,13.872870614359172,real,213
118.4,right,0.86,35.870207440181574,3.4915374537211847,39.44,-4.169,13.872870614359172,real,217
118.4,right,0.97,34.23820239598426,7.5135234725574644,39.44,-4.169,13.872870614359172,real,221
118.4,right,0.99,31.534294234995464,10.797910882248686,39.44,-4.169,13.872870614359172,real,225
118.5,left,0.79,43.42091576698583,-0.27171267959319445,39.508,-3.911,13.888970614359172,real,214
118.5,left,0.88,42.33591884757079,4.81365374622706,39.508,-3.911,13.888970614359172,real,216
118.5,left,0.85,41.12104820056383,9.862814994497993,39.508,-3.911,13.888970614359172,real,219
118.5,left,0.93,37.635927571569226,14.050271525777603,39.508,-3.911,13.888970614359172,real,222
118.5,left,0.93,33.4733196523231,18.287687756292314,39.508,-3.911,13.888970614359172,real,227
118.5,right,0.79,36.70004140483484,0.2007889692733621,39.508,-3.911,13.888970614359172,real,213
118.5,right,0.87,35.78998469548056,3.7253527416797088,39.508,-3.911,13.888970614359172,real,217
118.5,right,0.77,34.592314831540826,7.185599538804238,39.508,-3.911,13.888970614359172,real,221
118.5,right,0.95,31.466030117430158,10.883917249104151,39.508,-3.911,13.888970614359172,real,225
118.6,left,0.91,43.42339133390057,0.3371263467691531,39.571,-3.652,13.905170614359172,real,214
118.6,left,0.85,43.15192609865492,5.272771048938569,39.571,-3.652,13.905170614359172,real,216
118.6,left,0.86,40.75138166644576,10.034269912635754,39.571,-3.652,13.905170614359172,real,219
118.6,left,0.94,37.42079206192332,14.129762787278208,39.571,-3.652,13.905170614359172,real,222
118.6,left,0.9,33.27025531509684,18.177499156317456,39.571,-3.652,13.905170614359172,real,227
118.6,right,0.83,36.45521711123579,-0.034706952694579685,39.571,-3.652,13.905170614359172,real,213
118.6,right,0.95,36.01349974938647,4.05851314549717,39.571,-3.652,13.905170614359172,real,217
118.6,right,0.94,34.32727014196685,7.36376226032369,39.571,-3.652,13.905170614359172,real,221
118.6,right,0.75,31.414261508914812,10.999939195480215,39.571,-3.652,13.905170614359172,real,225
118.7,left,0.89,43.58467341822217,-0.264227692016076,39.63,-3.393,13.921370614359173,real,214
118.7,left,0.92,42.77932234329404,4.981895986102095,39.63,-3.393,13.921370614359173,real,216
118.7,left,0.9,40.731495238639226,9.435688095017941,39.63,-3.393,13.921370614359173,real,219
118.7,left,0.94,37.790351960065976,14.30233758053705,39.63,-3.393,13.921370614359173,real,222
118.7,left,0.72,33.159943430172206,18.005721012790183,39.63,-3.393,13.921370614359173,real,227
118.7,right,0.87,36.36070087923069,0.13076946733707118,39.63,-3.393,13.921370614359173,real,213
118.7,right,0.88,35.88649278485069,3.7164756297581487,39.63,-3.393,13.921370614359173,real,217
118.7,right,0.89,34.074953060041636,7.473512204698399,39.63,-3.393,13.921370614359173,real,221
118.7,right,0.84,31.778528672221626,10.867965184344083,39.63,-3.393,13.921370614359173,real,225
118.8,left,0.86,43.788215092037426,-0.15984613440940898,39.685,-3.133,13.937770614359172,real,214
118.8,left,0.8,42.81206645221072,4.702855052478848,39.685,-3.133,13.937770614359172,real,216
118.8,left,0.86,40.72194160894549,10.136522979355268,39.685,-3.133,13.937770614359172,real,219
118.8,left,0.72,37.770529516397175,14.226162530704455,39.685,-3.133,13.937770614359172,real,222
118.8,left,0.84,33.39405144273745,18.37219312282213,39.685,-3.133,13.937770614359172,real,227
118.8,right,0.85,36.58739891661747,-0.06463895080332094,39.685,-3.133,13.937770614359172,real,213
118.8,right,0.8,35.71945488522421,3.3999271343462802,39.685,-3.133,13.937770614359172,real,217
118.8,right,0.99,34.37977517848054,7.316897300602233,39.685,-3.133,13.937770614359172,real,221
118.8,right,0.91,31.668687210513212,10.859087023068096,39.685,-3.133,13.937770614359172,real,225
118.9,left,0.85,43.62452988902231,0.05170122275799027,39.735,-2.873,13.954070614359173,real,214
118.9,left,0.96,42.81193487096144,5.318694134906501,39.735,-2.873,13.954070614359173,real,216
118.9,left,0.7,41.075831963955274,9.728506681521692,39.735,-2.873,13.954070614359173,real,219
118.9,left,0.94,38.02653766981737,14.142488252364286,39.735,-2.873,13.954070614359173,real,222
118.9,left,0.79,33.229920255808125,18.182360327520033,39.735,-2.873,13.954070614359173,real,227
118.9,right,0.91,36.30071905891883,-0.03832057937293243,39.735,-2.873,13.954070614359173,real,213
118.9,right,0.89,36.046979496715466,3.605791690381232,39.735,-2.873,13.954070614359173,real,217
118.9,right,0.94,34.01830835398912,7.133122606905703,39.735,-2.873,13.954070614359173,real,221
118.9,right,0.89,31.343801275534798,10.781060090922905,39.735,-2.873,13.954070614359173,real,225
119.0,left,0.93,43.538476567296094,0.09135183476942876,39.781,-2.613,13.970570614359172,real,214
119.0,left,0.99,42.60839071328335,4.805857779634213,39.781,-2.613,13.970570614359172,real,216
119.0,left,0.85,40.650542174658966,9.90309321659476,39.781,-2.613,13.970570614359172,real,219
119.0,left,0.84,37.61033715662938,14.23826143113358,39.781,-2.613,13.970570614359172,real,222
119.0,left,0.92,33.48683213518971,18.40879033502117,39.781,-2.613,13.970570614359172,real,227
119.0,right,0.86,36.625452792963806,-0.04923015382306839,39.781,-2.613,13.970570614359172,real,213
119.0,right,0.87,35.84700279774947,3.570979868392604,39.781,-2.613,13.970570614359172,real,217
119.0,right,0.99,34.18400560001952,7.2496813132427205,39.781,-2.613,13.970570614359172,real,221
119.0,right,0.82,31.807397650702978,10.960158459816384,39.781,-2.613,13.970570614359172,real,225
119.1,left,0.84,43.7639506682689,0.14563981576665008,39.822,-2.353,13.987070614359173,real,214
119.1,left,0.84,42.823749040597036,5.130275198552756,39.822,-2.353,13.987070614359173,real,216
119.1,left,0.82,40.68431122407449,9.621690991956125,39.822,-2.353,13.987070614359173,real,219
119.1,left,0.91,37.689305847532765,14.32745265129313,39.822,-2.353,13.987070614359173,real,222
119.1,left,0.99,33.41883846148264,18.557590864718573,39.822,-2.353,13.987070614359173,real,227
119.1,right,0.63,36.49404518147429,-0.2901665782590419,39.822,-2.353,13.987070614359173,real,213
119.1,right,0.98,35.503939808318535,3.454995280732917,39.822,-2.353,13.987070614359173,real,217
119.1,right,0.9,34.677772863760104,7.013544729555988,39.822,-2.353,13.987070614359173,real,221
119.1,right,0.92,31.506873474539482,10.603058075880288,39.822,-2.353,13.987070614359173,real,225
119.2,left,0.78,43.740982793411376,0.17828578757054747,39.86,-2.092,14.003570614359173,real,214
119.2,left,0.9,43.123229428399085,4.966234177018368,39.86,-2.092,14.003570614359173,real,216
119.2,left,0.99,40.60132023622386,9.685200062296852,39.86,-2.092,14.003570614359173,real,219
119.2,left,0.99,37.66307211342922,14.129171593359331,39.86,-2.092,14.003570614359173,real,222
119.2,left,0.87,33.20129842528007,18.566012085842686,39.86,-2.092,14.003570614359173,real,227
119.2,right,0.83,36.2089068073908,-0.19678932598964582,39.86,-2.092,14.003570614359173,real,213
119.2,right,0.86,36.25593697188643,3.8318443336557078,39.86,-2.092,14.003570614359173,real,217
119.2,right,0.91,34.27322258316448,7.127305401966933,39.86,-2.092,14.003570614359173,real,221
119.2,right,0.89,31.378825831166083,10.7864425191055,39.86,-2.092,14.003570614359173,real,225
119.3,left,0.96,43.84038808006172,0.04001372132506548,39.893,-1.831,14.020170614359172,real,214
119.3,left,0.91,42.672903061756685,4.781709275874438,39.893,-1.831,14.020170614359172,real,216
119.3,left,0.92,41.08410592700479,9.88807742404043,39.893,-1.831,14.020170614359172,real,219
119.3,left,0.82,37.628879321818104,14.02065605085567,39.893,-1.831,14.020170614359172,real,222
119.3,left,0.94,33.03989971189823,18.530153931966122,39.893,-1.831,14.020170614359172,real,227
119.3,right,0.91,36.299172079677895,-0.051327592191953764,39.893,-1.831,14.020170614359172,real,213
119.3,right,0.98,36.12027397604072,3.7122841662808868,39.893,-1.831,14.020170614359172,real,217
119.3,right,0.8,34.30543253333936,7.392287364357437,39.893,-1.831,14.020170614359172,real,221
119.3,right,0.95,31.659835768632682,10.677565854618736,39.893,-1.831,14.020170614359172,real,225
119.4,left,0.8,43.420892471010404,0.09090869446959876,39.921,-1.57,14.036870614359172,real,214
119.4,left,0.88,43.004515687613285,4.762074541905105,39.921,-1.57,14.036870614359172,real,216
119.4,left,0.9,40.841433516567974,9.723594119746748,39.921,-1.57,14.036870614359172,real,219
119.4,left,0.84,37.800174323621526,14.27799808967725,39.921,-1.57,14.036870614359172,real,222
119.4,left,0.86,33.32285066901481,18.314590451050773,39.921,-1.57,14.036870614359172,real,227
119.4,right,0.91,36.64570161726095,0.2792432246805624,39.921,-1.57,14.036870614359172,real,213
119.4,right,0.87,36.1266160711364,3.490355679236549,39.921,-1.57,14.036870614359172,real,217
119.4,right,0.88,34.31006249747427,7.590850907134683,39.921,-1.57,14.036870614359172,real,221
119.4,right,0.99,32.0379177260411,10.639678573246513,39.921,-1.57,14.036870614359172,real,225
119.5,left,0.85,43.406286966911175,0.24909169052141783,39.945,-1.308,14.053470614359172,real,214
119.5,left,0.84,42.75852080822916,4.71688353926128,39.945,-1.308,14.053470614359172,real,216
119.5,left,0.79,40.82042467777123,9.98835851208473,39.945,-1.308,14.053470614359172,real,219
119.5,left,0.92,37.73084356322989,14.405104094147328,39.945,-1.308,14.053470614359172,real,222
119.5,left,0.87,33.33962028940325,18.24665171970181,39.945,-1.308,14.053470614359172,real,227
119.5,right,0.8,36.345650283215036,-0.3959064651692801,39.945,-1.308,14.053470614359172,real,213
119.5,right,0.91,36.04633462940429,3.9071788395143083,39.945,-1.308,14.053470614359172,real,217
119.5,right,0.97,34.25951294776027,7.620553353081025,39.945,-1.308,14.053470614359172,real,221
119.5,right,0.8,31.61421376281853,10.969419462997417,39.945,-1.308,14.053470614359172,real,225
119.6,left,0.8,43.39245218661625,0.024949862847863963,39.965,-1.047,14.070170614359172,real,214
119.6,left,0.85,43.0317314895667,5.179662908083273,39.965,-1.047,14.070170614359172,real,216
119.6,left,0.75,40.76416150876352,9.832907301209456,39.965,-1.047,14.070170614359172,real,219
119.6,left,0.96,37.42384741688784,14.660358675135116,39.965,-1.047,14.070170614359172,real,222
119.6,left,0.84,33.451320030502906,18.20625928914303,39.965,-1.047,14.070170614359172,real,227
119.6,right,0.99,36.282531474574235,-0.21360300021623677,39.965,-1.047,14.070170614359172,real,213
119.6,right,0.85,35.921123328768864,3.6462511618144386,39.965,-1.047,14.070170614359172,real,217
119.6,right,0.79,34.53971314269353,7.196696471604087,39.965,-1.047,14.070170614359172,real,221
119.6,right,0.85,31.552248306899784,10.546210295265045,39.965,-1.047,14.070170614359172,real,225
119.7,left,0.95,43.77941823242681,-0.09476736160719856,39.98,-0.785,14.086970614359172,real,214
119.7,left,0.81,42.939973513878535,4.7604675003229024,39.98,-0.785,14.086970614359172,real,216
119.7,left,0.86,41.13369535531836,9.862524361423965,39.98,-0.785,14.086970614359172,real,219
119.7,left,0.99,37.749998247217945,13.9594625938889,39.98,-0.785,14.086970614359172,real,222
119.7,left,0.96,33.46030957303276,18.37826458974336,39.98,-0.785,14.086970614359172,real,227
119.7,right,0.75,36.34474206949257,0.058462375380710946,39.98,-0.785,14.086970614359172,real,213
119.7,right,0.78,35.74629543503481,4.07054308564891,39.98,-0.785,14.086970614359172,real,217
119.7,right,0.91,34.43263406892739,7.4186735811936675,39.98,-0.785,14.086970614359172,real,221
119.7,right,0.99,31.501954479030207,11.026265179664883,39.98,-0.785,14.086970614359172,real,225
119.8,left,0.85,43.53992817346025,0.0414633671778389,39.991,-0.524,14.103670614359173,real,214
119.8,left,0.93,43.007096090553695,5.012096221395244,39.991,-0.524,14.103670614359173,real,216
119.8,left,0.95,40.7189481004656,9.4652244224979,39.991,-0.524,14.103670614359173,real,219
119.8,left,0.76,37.549784780120405,14.08194965246109,39.991,-0.524,14.103670614359173,real,222
119.8,left,0.84,33.53851774842283,18.29164866787966,39.991,-0.524,14.103670614359173,real,227
119.8,right,0.79,36.7384708145609,-0.15686664838667697,39.991,-0.524,14.103670614359173,real,213
119.8,right,0.88,36.29124266591157,3.39710464905731,39.991,-0.524,14.103670614359173,real,217
119.8,right,0.77,34.114117568134006,7.192145532714172,39.991,-0.524,14.103670614359173,real,221
119.8,right,0.99,31.258900583354176,10.786783340592008,39.991,-0.524,14.103670614359173,real,225
119.9,left,0.84,43.51655296515329,-0.19908711252053515,39.998,-0.262,14.120370614359173,real,214
119.9,left,0.84,42.81676458159543,5.118416269541152,39.998,-0.262,14.120370614359173,real,216
119.9,left,0.81,41.01687679708652,9.78430449828984,39.998,-0.262,14.120370614359173,real,219
119.9,left,0.81,37.33563500008698,14.206756740205364,39.998,-0.262,14.120370614359173,real,222
119.9,left,0.81,33.13770441297364,18.29483988341298,39.998,-0.262,14.120370614359173,real,227
119.9,right,0.89,36.13161946605584,-0.01402708466911863,39.998,-0.262,14.120370614359173,real,213
119.9,right,0.95,36.08495993210732,4.055330590430443,39.998,-0.262,14.120370614359173,real,217
119.9,right,0.87,34.4149456825189,7.640885136964579,39.998,-0.262,14.120370614359173,real,221
119.9,right,0.93,31.59481231795165,10.752689726917907,39.998,-0.262,14.120370614359173,real,225
